trapped.pig.uniq.id,sow,sex,group.trapped.pig.order,location.test.box,interval_count,interval.dur,number.of.intervals,min.status,screams,screams.prop,escapes,invest.door,invest.door.prop,invest.window,invest.window.prop,outcome1,outcome2,outcome3,lat.helped.min,trapped.date,uniq.group,time.trial.begins,change.cort,time.post.sample,interval_time,ordinal.group.order,distress,distress.rate.per.min,window.rate.per.min
DG2_W_2,6142,Female,5,Front,1,10.32,1,free,0,0,0,2,0.19379845,2,0.19379845,Helped,Trapped_under_3_mns,Full_trial,0.210166667,2020-09-09,DG2_W,13,5.063,13.36666667,19.040-29.360,5,0,0,11.627906976744185
DG2_W_3,6142,Female,7,Side,1,19.8,1,free,0,0,0,1,0.050505051,4,0.202020202,Helped,Trapped_under_3_mns,Full_trial,0.31,2020-09-10,DG2_W,9.9,NA,NA,51.840-71.640,7,0,0,12.121212121212121
DG2_W_4,5931,Male,2,Front,1,57.12,1,free,0,0,2,7,0.12254902,7,0.12254902,Helped,Trapped_under_3_mns,Full_trial,0.9475,2020-09-07,DG2_W,15.53333333,3.89,16,29.800-86.920,2,2,2.100840336134454,7.352941176470589
DG2_W_8,5764,Female,6,Side,1,29.24,1,free,0,0,0,3,0.102599179,3,0.102599179,Helped,Trapped_under_3_mns,Full_trial,0.484166667,2020-09-09,DG2_W,14.2,3.328,14.56666667,50.600-79.840,6,0,0,6.155950752393982
DG2_W_9,5764,Female,3,Side,1,15.8,1,free,0,0,0,3,0.189873418,5,0.316455696,Helped,Trapped_under_3_mns,Full_trial,0.2875,2020-09-08,DG2_W,9.35,NA,NA,33.640-49.440,3,0,0,18.987341772151897
DG3_F_1,6271,Male,9,Front,1,29.52,1,free,1,0.033875339,1,0,0,3,0.101626016,Helped,Trapped_under_3_mns,Full_trial,0.488833333,2020-10-23,DG3_F,9.633333333,0.968,9.916666667,44.720-74.240,9,2,4.065040650406504,6.097560975609756
DG3_F_4,6271,Female,8,Front,1,58.72,1,free,0,0,2,4,0.068119891,5,0.085149864,Helped,Trapped_under_3_mns,Full_trial,0.986166667,2020-10-22,DG3_F,14.98333333,-0.464,15.25,48.520-107.240,8,2,2.0435967302452314,5.108991825613079
DG3_W_3,6079,Female,9,Side,1,34.36,1,free,0,0,0,1,0.029103609,3,0.087310827,Helped,Trapped_under_3_mns,Full_trial,0.566833333,2020-10-23,DG3_W,12.7,5.474,12.96666667,19.160-53.520,9,0,0,5.238649592549476
DG3_W_5,6079,Female,6,Side,1,55.8,1,free,0,0,1,6,0.107526882,5,0.089605735,Helped,Trapped_under_3_mns,Full_trial,0.940833333,2020-10-21,DG3_W,15.28333333,2.564,15.58333333,51.240-107.040,6,1,1.0752688172043012,5.376344086021506
DG4_W_7,6310,Male,7,Front,1,49.8,1,free,0,0,0,1,0.020080321,4,0.080321285,Helped,Trapped_under_3_mns,Full_trial,0.850666667,2020-12-03,DG4_W,12.75,1.167,13.08333333,29.760-79.560,7,0,0,4.819277108433735
DG5_F_7,6407,Male,9,Front,1,36.2,1,free,1,0.027624309,3,6,0.165745856,6,0.165745856,Helped,Trapped_under_3_mns,Full_trial,0.634,2021-02-05,DG5_F,9.616666667,5.216,9.916666667,29.800-66.000,9,4,6.6298342541436455,9.944751381215468
DG5_W_1,6420,Male,9,Front,1,18.64,1,free,0,0,0,2,0.107296137,4,0.214592275,Helped,Trapped_under_3_mns,Full_trial,0.361333333,2021-02-05,DG5_W,12.45,6.197,12.75,23.200-41.840,9,0,0,12.875536480686694
DG5_W_10,6235,Female,7,Side,1,7.48,1,free,0,0,0,0,0,0,0,Helped,Trapped_under_3_mns,Full_trial,0.16,2022-02-04,DG5_W,9.3,3.557,9.583333333,12.960-20.440,7,0,0,0
DG5_W_6,6235,Male,3,Side,1,40.64,1,free,0,0,0,1,0.024606299,7,0.172244094,Helped,Trapped_under_3_mns,Full_trial,0.722666667,2021-02-02,DG5_W,9.516666667,2.767,9.8,67.920-108.560,3,0,0,10.334645669291339
DG5_W_8,6235,Male,2,Side,1,13.36,1,free,0,0,0,1,0.074850299,2,0.149700599,Helped,Trapped_under_3_mns,Full_trial,0.280666667,2021-02-01,DG5_W,14.01666667,5.215,14.28333333,30.840-44.200,2,0,0,8.982035928143713
DG2_F_5,6235,Male,7,Side,1,60,2,trapped,0,0,1,1,0.016666667,5,0.083333333,Helped,Trapped_under_3_mns,Full_trial,1.216166667,2020-09-10,DG2_F,11.66666667,2.832,12.06666667,38.280-98.280,7,1,1,5
DG2_F_5,6235,Male,7,Side,2,12.56,2,free,2,0.159235669,0,0,0,0,0,Helped,Trapped_under_3_mns,Full_trial,1.216166667,2020-09-10,DG2_F,11.66666667,2.832,12.06666667,98.280-110.840,7,2,9.554140127388534,0
DG2_F_8,5952,Male,8,Front,1,60,2,trapped,0,0,0,7,0.116666667,8,0.133333333,Helped,Trapped_under_3_mns,Full_trial,1.598833333,2020-09-10,DG2_F,12.8,-0.401,13.13333333,67.520-127.520,8,0,0,8
DG2_F_8,5952,Male,8,Front,2,35.88,2,free,0,0,1,2,0.05574136,2,0.05574136,Helped,Trapped_under_3_mns,Full_trial,1.598833333,2020-09-10,DG2_F,12.8,-0.401,13.13333333,127.520-163.400,8,1,1.672240802675585,3.34448160535117
DG2_W_5,5931,Male,4,Front,1,60,2,trapped,0,0,1,3,0.05,7,0.116666667,Helped,Trapped_under_3_mns,Full_trial,1.356833333,2020-09-08,DG2_W,10.51666667,0.589,10.93333333,35.680-95.680,4,1,1,7
DG2_W_5,5931,Male,4,Front,2,20.4,2,free,0,0,0,0,0,0,0,Helped,Trapped_under_3_mns,Full_trial,1.356833333,2020-09-08,DG2_W,10.51666667,0.589,10.93333333,95.680-116.080,4,0,0,0
DG3_F_3,6271,Female,10,Side,1,60,2,trapped,0,0,1,1,0.016666667,8,0.133333333,Helped,Trapped_under_3_mns,Full_trial,1.586833333,2020-10-23,DG3_F,10.31666667,2.036,10.6,42.000-102.000,10,1,1,8
DG3_F_3,6271,Female,10,Side,2,35.12,2,free,0,0,0,0,0,1,0.028473804,Helped,Trapped_under_3_mns,Full_trial,1.586833333,2020-10-23,DG3_F,10.31666667,2.036,10.6,102.000-137.120,10,0,0,1.7084282460136677
DG3_F_7,6369,Male,5,Front,1,60,2,trapped,0,0,1,3,0.05,4,0.066666667,Helped,Trapped_under_3_mns,Full_trial,1.378166667,2020-10-21,DG3_F,10.83333333,3.156,11.13333333,35.720-95.720,5,1,1,4
DG3_F_7,6369,Male,5,Front,2,22.28,2,free,0,0,0,0,0,1,0.044883303,Helped,Trapped_under_3_mns,Full_trial,1.378166667,2020-10-21,DG3_F,10.83333333,3.156,11.13333333,95.720-118.000,5,0,0,2.6929982046678633
DG3_W_10,6073,Female,7,Side,1,60,2,trapped,0,0,0,3,0.05,3,0.05,Helped,Trapped_under_3_mns,Full_trial,1.878833333,2020-10-22,DG3_W,9.633333333,1.541,9.916666667,44.920-104.920,7,0,0,3
DG3_W_10,6073,Female,7,Side,2,52.08,2,free,4,0.076804916,0,1,0.019201229,5,0.096006144,Helped,Trapped_under_3_mns,Full_trial,1.878833333,2020-10-22,DG3_W,9.633333333,1.541,9.916666667,104.920-157.000,7,4,4.6082949308755765,5.76036866359447
DG3_W_9,6073,Female,5,Front,1,60,2,trapped,3,0.05,1,5,0.083333333,8,0.133333333,Helped,Trapped_under_3_mns,Full_trial,1.526166667,2020-10-21,DG3_W,14.61666667,1.266,14.91666667,35.920-95.920,5,4,4,8
DG3_W_9,6073,Female,5,Front,2,30.36,2,free,2,0.065876153,0,1,0.032938076,0,0,Helped,Trapped_under_3_mns,Full_trial,1.526166667,2020-10-21,DG3_W,14.61666667,1.266,14.91666667,95.920-126.280,5,2,3.952569169960474,0
DG4_F_3,6099,Male,1,Side,1,60,2,trapped,0,0,2,9,0.15,11,0.183333333,Helped,Trapped_under_3_mns,Full_trial,1.852,2020-11-30,DG4_F,12.6,1.351,13.01666667,17.520-77.520,1,2,2,11
DG4_F_3,6099,Male,1,Side,2,46.32,2,free,0,0,0,1,0.021588946,4,0.086355786,Helped,Trapped_under_3_mns,Full_trial,1.852,2020-11-30,DG4_F,12.6,1.351,13.01666667,77.520-123.840,1,0,0,5.181347150259067
DG4_F_7,6188,Male,5,Side,1,60,2,trapped,0,0,0,2,0.033333333,6,0.1,Helped,Trapped_under_3_mns,Full_trial,1.641333333,2020-12-02,DG4_F,13.71666667,1.684,14.08333333,33.480-93.480,5,0,0,6
DG4_F_7,6188,Male,5,Side,2,34.52,2,free,0,0,1,1,0.028968714,2,0.057937428,Helped,Trapped_under_3_mns,Full_trial,1.641333333,2020-12-02,DG4_F,13.71666667,1.684,14.08333333,93.480-128.000,5,1,1.7381228273464657,3.4762456546929315
DG4_W_9,6310,Female,4,Side,1,60,2,trapped,0,0,0,1,0.016666667,6,0.1,Helped,Trapped_under_3_mns,Full_trial,1.982666667,2020-12-01,DG4_W,14.23333333,4.653,14.58333333,30.200-90.200,4,0,0,6
DG4_W_9,6310,Female,4,Side,2,56.6,2,free,0,0,0,1,0.017667845,2,0.035335689000000003,Helped,Trapped_under_3_mns,Full_trial,1.982666667,2020-12-01,DG4_W,14.23333333,4.653,14.58333333,90.200-146.800,4,0,0,2.1201413427561837
DG5_F_3,6421,Female,3,Front,1,60,2,trapped,0,0,3,1,0.016666667,6,0.1,Helped,Trapped_under_3_mns,Full_trial,1.737333333,2021-02-02,DG5_F,11.96666667,3.63,12.3,2.760-62.760,3,3,3,6
DG5_F_3,6421,Female,3,Front,2,22.84,2,free,0,0,1,1,0.043782837,1,0.043782837,Helped,Trapped_under_3_mns,Full_trial,1.737333333,2021-02-02,DG5_F,11.96666667,3.63,12.3,62.760-85.600,3,1,2.626970227670753,2.626970227670753
DG5_W_4,6420,Female,4,Front,1,60,2,trapped,0,0,1,4,0.066666667,6,0.1,Helped,Trapped_under_3_mns,Full_trial,1.287333333,2021-02-02,DG5_W,10.23333333,4.485,10.55,84.600-144.600,4,1,1,6
DG5_W_4,6420,Female,4,Front,2,13.92,2,free,0,0,1,0,0,1,0.07183908,Helped,Trapped_under_3_mns,Full_trial,1.287333333,2021-02-02,DG5_W,10.23333333,4.485,10.55,144.600-158.520,4,1,4.310344827586206,4.310344827586206
DG5_W_5,6420,Female,10,Side,1,60,2,trapped,0,0,0,2,0.033333333,7,0.116666667,Helped,Trapped_under_3_mns,Full_trial,1.778,2021-02-05,DG5_W,13.45,4.17,13.75,52.720-112.720,10,0,0,7
DG5_W_5,6420,Female,10,Side,2,45.56,2,free,0,0,0,0,0,0,0,Helped,Trapped_under_3_mns,Full_trial,1.778,2021-02-05,DG5_W,13.45,4.17,13.75,112.720-158.280,10,0,0,0
DG5_W_7,6235,Male,5,Front,1,60,2,trapped,0,0,1,7,0.116666667,13,0.216666667,Helped,Trapped_under_3_mns,Full_trial,1.714666667,2021-02-03,DG5_W,13.08333333,4.105,13.43333333,31.080-91.080,5,1,1,13
DG5_W_7,6235,Male,5,Front,2,41.16,2,free,0,0,1,0,0,4,0.09718173,Helped,Trapped_under_3_mns,Full_trial,1.714666667,2021-02-03,DG5_W,13.08333333,4.105,13.43333333,91.080-132.240,5,1,1.457725947521866,5.830903790087464
DG3_W_2,6079,Male,1,Front,1,60,3,trapped,5,0.083333333,1,4,0.066666667,8,0.133333333,Helped,Trapped_under_3_mns,Full_trial,2.816166667,2020-10-19,DG3_W,13.8,12.064,14.16666667,28.760-88.760,1,6,6,8
DG3_W_2,6079,Male,1,Front,2,60,3,trapped,9,0.15,3,3,0.05,5,0.083333333,Helped,Trapped_under_3_mns,Full_trial,2.816166667,2020-10-19,DG3_W,13.8,12.064,14.16666667,88.760-148.760,1,12,12,5
DG3_W_2,6079,Male,1,Front,3,57.88,3,free,9,0.155494126,3,1,0.017277125,4,0.0691085,Helped,Trapped_under_3_mns,Full_trial,2.816166667,2020-10-19,DG3_W,13.8,12.064,14.16666667,148.760-206.640,1,12,12.439530062197651,4.14651002073255
DG3_W_7,6073,Male,2,Side,1,60,3,trapped,0,0,5,4,0.066666667,6,0.1,Helped,Trapped_under_3_mns,Full_trial,2.040833333,2020-10-19,DG3_W,14.46666667,2.472,14.75,44.480-104.480,2,5,5,6
DG3_W_7,6073,Male,2,Side,2,60,3,trapped,0,0,1,0,0,0,0,Helped,Trapped_under_3_mns,Full_trial,2.040833333,2020-10-19,DG3_W,14.46666667,2.472,14.75,104.480-164.480,2,1,1,0
DG3_W_7,6073,Male,2,Side,3,1.32,3,free,0,0,0,0,0,0,0,Helped,Trapped_under_3_mns,Full_trial,2.040833333,2020-10-19,DG3_W,14.46666667,2.472,14.75,164.480-165.800,2,0,0,0
DG3_W_8,6073,Male,8,Front,1,60,3,trapped,0,0,1,11,0.183333333,13,0.216666667,Helped,Trapped_under_3_mns,Full_trial,2.398833333,2020-10-22,DG3_W,10.33333333,0.578,10.63333333,44.360-104.360,8,1,1,13
DG3_W_8,6073,Male,8,Front,2,60,3,trapped,0,0,1,1,0.016666667,5,0.083333333,Helped,Trapped_under_3_mns,Full_trial,2.398833333,2020-10-22,DG3_W,10.33333333,0.578,10.63333333,104.360-164.360,8,1,1,5
DG3_W_8,6073,Male,8,Front,3,23.32,3,free,0,0,1,1,0.042881647,0,0,Helped,Trapped_under_3_mns,Full_trial,2.398833333,2020-10-22,DG3_W,10.33333333,0.578,10.63333333,164.360-187.680,8,1,2.5728987993138936,0
DG4_F_1,6099,Male,8,Side,1,60,3,trapped,0,0,1,4,0.066666667,10,0.166666667,Helped,Trapped_under_3_mns,Full_trial,2.318666667,2020-12-03,DG4_F,10.31666667,2.509,10.83333333,32.880-92.880,8,1,1,10
DG4_F_1,6099,Male,8,Side,2,60,3,trapped,0,0,0,3,0.05,4,0.066666667,Helped,Trapped_under_3_mns,Full_trial,2.318666667,2020-12-03,DG4_F,10.31666667,2.509,10.83333333,92.880-152.880,8,0,0,4
DG4_F_1,6099,Male,8,Side,3,15.12,3,free,0,0,0,0,0,0,0,Helped,Trapped_under_3_mns,Full_trial,2.318666667,2020-12-03,DG4_F,10.31666667,2.509,10.83333333,152.880-168.000,8,0,0,0
DG4_F_2,6099,Male,10,Front,1,60,3,trapped,0,0,1,2,0.033333333,7,0.116666667,Helped,Trapped_under_3_mns,Full_trial,2.263333333,2020-12-04,DG4_F,13.86666667,1.31,14.25,23.600-83.600,10,1,1,7
DG4_F_2,6099,Male,10,Front,2,60,3,trapped,0,0,2,0,0,1,0.016666667,Helped,Trapped_under_3_mns,Full_trial,2.263333333,2020-12-04,DG4_F,13.86666667,1.31,14.25,83.600-143.600,10,2,2,1
DG4_F_2,6099,Male,10,Front,3,13.64,3,free,0,0,0,0,0,1,0.073313783,Helped,Trapped_under_3_mns,Full_trial,2.263333333,2020-12-04,DG4_F,13.86666667,1.31,14.25,143.600-157.240,10,0,0,4.39882697947214
DG4_W_10,6310,Female,1,Side,1,60,3,trapped,0,0,3,4,0.066666667,9,0.15,Helped,Trapped_under_3_mns,Full_trial,2.146666667,2020-11-30,DG4_W,9.75,5.263,10.11666667,36.440-96.440,1,3,3,9
DG4_W_10,6310,Female,1,Side,2,60,3,trapped,0,0,1,3,0.05,3,0.05,Helped,Trapped_under_3_mns,Full_trial,2.146666667,2020-11-30,DG4_W,9.75,5.263,10.11666667,96.440-156.440,1,1,1,3
DG4_W_10,6310,Female,1,Side,3,7.48,3,free,0,0,0,0,0,1,0.13368984,Helped,Trapped_under_3_mns,Full_trial,2.146666667,2020-11-30,DG4_W,9.75,5.263,10.11666667,156.440-163.920,1,0,0,8.0213903743315509
DG4_W_2,6197,Male,8,Side,1,60,3,trapped,0,0,0,3,0.05,5,0.083333333,Helped,Trapped_under_3_mns,Full_trial,2.118666667,2020-12-03,DG4_W,13.58333333,2.812,14,31.360-91.360,8,0,0,5
DG4_W_2,6197,Male,8,Side,2,60,3,trapped,1,0.016666667,0,0,0,2,0.033333333,Helped,Trapped_under_3_mns,Full_trial,2.118666667,2020-12-03,DG4_W,13.58333333,2.812,14,91.360-151.360,8,1,1,2
DG4_W_2,6197,Male,8,Side,3,5.4,3,free,0,0,0,0,0,0,0,Helped,Trapped_under_3_mns,Full_trial,2.118666667,2020-12-03,DG4_W,13.58333333,2.812,14,151.360-156.760,8,0,0,0
DG4_W_3,6197,Male,9,Side,1,60,3,trapped,0,0,0,3,0.05,2,0.033333333,Helped,Trapped_under_3_mns,Full_trial,2.444666667,2020-12-04,DG4_W,9.85,1.196,10.16666667,33.320-93.320,9,0,0,2
DG4_W_3,6197,Male,9,Side,2,60,3,trapped,1,0.016666667,2,0,0,3,0.05,Helped,Trapped_under_3_mns,Full_trial,2.444666667,2020-12-04,DG4_W,9.85,1.196,10.16666667,93.320-153.320,9,3,3,3
DG4_W_3,6197,Male,9,Side,3,24.52,3,free,1,0.040783034,1,2,0.081566069,1,0.040783034,Helped,Trapped_under_3_mns,Full_trial,2.444666667,2020-12-04,DG4_W,9.85,1.196,10.16666667,153.320-177.840,9,2,4.893964110929853,2.4469820554649266
DG4_W_6,6310,Male,2,Front,1,60,3,trapped,0,0,0,5,0.083333333,10,0.166666667,Helped,Trapped_under_3_mns,Full_trial,2.849333333,2020-11-30,DG4_W,10.51666667,2.247,10.93333333,17.600-77.600,2,0,0,10
DG4_W_6,6310,Male,2,Front,2,60,3,trapped,0,0,0,1,0.016666667,3,0.05,Helped,Trapped_under_3_mns,Full_trial,2.849333333,2020-11-30,DG4_W,10.51666667,2.247,10.93333333,77.600-137.600,2,0,0,3
DG4_W_6,6310,Male,2,Front,3,45.92,3,free,0,0,2,1,0.021777003,3,0.06533101,Helped,Trapped_under_3_mns,Full_trial,2.849333333,2020-11-30,DG4_W,10.51666667,2.247,10.93333333,137.600-183.520,2,2,2.613240418118467,3.9198606271777003
DG5_F_2,6421,Male,6,Side,1,60,3,trapped,0,0,0,2,0.033333333,4,0.066666667,Helped,Trapped_under_3_mns,Full_trial,2.772666667,2021-02-03,DG5_F,11.3,0.621,11.66666667,127.520-187.520,6,0,0,4
DG5_F_2,6421,Male,6,Side,2,60,3,trapped,2,0.033333333,0,1,0.016666667,4,0.066666667,Helped,Trapped_under_3_mns,Full_trial,2.772666667,2021-02-03,DG5_F,11.3,0.621,11.66666667,187.520-247.520,6,2,2,4
DG5_F_2,6421,Male,6,Side,3,44.44,3,free,3,0.067506751,1,0,0,2,0.0450045,Helped,Trapped_under_3_mns,Full_trial,2.772666667,2021-02-03,DG5_F,11.3,0.621,11.66666667,247.520-291.960,6,4,5.400540054005401,2.7002700270027007
DG5_F_5,6421,Female,8,Front,1,60,3,trapped,0,0,0,1,0.016666667,3,0.05,Helped,Trapped_under_3_mns,Full_trial,2.399333333,2021-02-04,DG5_F,12.21666667,2.577,12.5,29.040-89.040,8,0,0,3
DG5_F_5,6421,Female,8,Front,2,60,3,trapped,1,0.016666667,0,0,0,3,0.05,Helped,Trapped_under_3_mns,Full_trial,2.399333333,2021-02-04,DG5_F,12.21666667,2.577,12.5,89.040-149.040,8,1,1,3
DG5_F_5,6421,Female,8,Front,3,21.24,3,free,1,0.047080979,0,0,0,0,0,Helped,Trapped_under_3_mns,Full_trial,2.399333333,2021-02-04,DG5_F,12.21666667,2.577,12.5,149.040-170.280,8,1,2.824858757062147,0
DG5_W_9,6235,Female,8,Front,1,60,3,trapped,6,0.1,0,3,0.05,11,0.183333333,Helped,Trapped_under_3_mns,Full_trial,2.772666667,2021-02-04,DG5_W,10.03333333,3.374,10.33333333,44.400-104.400,8,6,6,11
DG5_W_9,6235,Female,8,Front,2,60,3,trapped,4,0.066666667,0,0,0,6,0.1,Helped,Trapped_under_3_mns,Full_trial,2.772666667,2021-02-04,DG5_W,10.03333333,3.374,10.33333333,104.400-164.400,8,4,4,6
DG5_W_9,6235,Female,8,Front,3,43.76,3,free,2,0.045703839,0,0,0,2,0.045703839,Helped,Trapped_under_3_mns,Full_trial,2.772666667,2021-02-04,DG5_W,10.03333333,3.374,10.33333333,164.400-208.160,8,2,2.7422303473491776,2.7422303473491776
DG2_F_4,6235,Male,6,Side,1,60,4,trapped,2,0.033333333,1,8,0.133333333,12,0.2,Helped,Trapped_over_3_mns,Full_trial,3.688166667,2020-09-09,DG2_F,10.43333333,5.082,10.88333333,50.320-110.320,6,3,3,12
DG2_F_4,6235,Male,6,Side,2,60,4,trapped,5,0.083333333,3,1,0.016666667,3,0.05,Helped,Trapped_over_3_mns,Full_trial,3.688166667,2020-09-09,DG2_F,10.43333333,5.082,10.88333333,110.320-170.320,6,8,8,3
DG2_F_4,6235,Male,6,Side,3,60,4,trapped,1,0.016666667,0,2,0.033333333,1,0.016666667,Helped,Trapped_over_3_mns,Full_trial,3.688166667,2020-09-09,DG2_F,10.43333333,5.082,10.88333333,170.320-230.320,6,1,1,1
DG2_F_4,6235,Male,6,Side,4,40.64,4,free,2,0.049212598,0,0,0,1,0.024606299,Helped,Trapped_over_3_mns,Full_trial,3.688166667,2020-09-09,DG2_F,10.43333333,5.082,10.88333333,230.320-270.960,6,2,2.952755905511811,1.4763779527559056
DG2_F_9,5952,Female,5,Front,1,60,4,trapped,0,0,1,7,0.116666667,9,0.15,Helped,Trapped_over_3_mns,Full_trial,3.872166667,2020-09-09,DG2_F,9.483333333,2.039,9.966666667,44.640-104.640,5,1,1,9
DG2_F_9,5952,Female,5,Front,2,60,4,trapped,0,0,0,1,0.016666667,3,0.05,Helped,Trapped_over_3_mns,Full_trial,3.872166667,2020-09-09,DG2_F,9.483333333,2.039,9.966666667,104.640-164.640,5,0,0,3
DG2_F_9,5952,Female,5,Front,3,60,4,trapped,1,0.016666667,1,1,0.016666667,4,0.066666667,Helped,Trapped_over_3_mns,Full_trial,3.872166667,2020-09-09,DG2_F,9.483333333,2.039,9.966666667,164.640-224.640,5,2,2,4
DG2_F_9,5952,Female,5,Front,4,52.56,4,free,1,0.019025875,1,1,0.019025875,3,0.057077626,Helped,Trapped_over_3_mns,Full_trial,3.872166667,2020-09-09,DG2_F,9.483333333,2.039,9.966666667,224.640-277.200,5,2,2.2831050228310503,3.4246575342465753
DG3_W_4,6079,Female,3,Side,1,60,4,trapped,0,0,0,4,0.066666667,12,0.2,Helped,Trapped_over_3_mns,Full_trial,3.738166667,2020-10-20,DG3_W,9.6,7.417,9.916666667,33.240-93.240,3,0,0,12
DG3_W_4,6079,Female,3,Side,2,60,4,trapped,4,0.066666667,3,2,0.033333333,4,0.066666667,Helped,Trapped_over_3_mns,Full_trial,3.738166667,2020-10-20,DG3_W,9.6,7.417,9.916666667,93.240-153.240,3,7,7,4
DG3_W_4,6079,Female,3,Side,3,60,4,trapped,4,0.066666667,0,3,0.05,3,0.05,Helped,Trapped_over_3_mns,Full_trial,3.738166667,2020-10-20,DG3_W,9.6,7.417,9.916666667,153.240-213.240,3,4,4,3
DG3_W_4,6079,Female,3,Side,4,43.88,4,free,7,0.15952598,1,2,0.045578851,2,0.045578851,Helped,Trapped_over_3_mns,Full_trial,3.738166667,2020-10-20,DG3_W,9.6,7.417,9.916666667,213.240-257.120,3,8,10.938924339106654,2.7347310847766635
DG3_W_6,6073,Male,10,Front,1,60,4,trapped,0,0,1,2,0.033333333,8,0.133333333,Helped,Trapped_over_3_mns,Full_trial,3.0355,2020-10-23,DG3_W,13.33333333,1.079,13.63333333,40.600-100.600,10,1,1,8
DG3_W_6,6073,Male,10,Front,2,60,4,trapped,0,0,0,0,0,3,0.05,Helped,Trapped_over_3_mns,Full_trial,3.0355,2020-10-23,DG3_W,13.33333333,1.079,13.63333333,100.600-160.600,10,0,0,3
DG3_W_6,6073,Male,10,Front,3,60,4,trapped,1,0.016666667,0,1,0.016666667,2,0.033333333,Helped,Trapped_over_3_mns,Full_trial,3.0355,2020-10-23,DG3_W,13.33333333,1.079,13.63333333,160.600-220.600,10,1,1,2
DG3_W_6,6073,Male,10,Front,4,2.24,4,free,0,0,0,0,0,0,0,Helped,Trapped_over_3_mns,Full_trial,3.0355,2020-10-23,DG3_W,13.33333333,1.079,13.63333333,220.600-222.840,10,0,0,0
DG4_F_10,6188,Female,9,Side,1,60,4,trapped,0,0,1,3,0.05,7,0.116666667,Helped,Trapped_over_3_mns,Full_trial,3.100666667,2020-12-04,DG4_F,13.05,3.285,13.38333333,40.400-100.400,9,1,1,7
DG4_F_10,6188,Female,9,Side,2,60,4,trapped,1,0.016666667,3,1,0.016666667,4,0.066666667,Helped,Trapped_over_3_mns,Full_trial,3.100666667,2020-12-04,DG4_F,13.05,3.285,13.38333333,100.400-160.400,9,4,4,4
DG4_F_10,6188,Female,9,Side,3,60,4,trapped,4,0.066666667,5,0,0,2,0.033333333,Helped,Trapped_over_3_mns,Full_trial,3.100666667,2020-12-04,DG4_F,13.05,3.285,13.38333333,160.400-220.400,9,9,9,2
DG4_F_10,6188,Female,9,Side,4,4.92,4,free,1,0.203252033,0,1,0.203252033,0,0,Helped,Trapped_over_3_mns,Full_trial,3.100666667,2020-12-04,DG4_F,13.05,3.285,13.38333333,220.400-225.320,9,1,12.195121951219512,0
DG4_W_4,6197,Female,5,Side,1,60,4,trapped,2,0.033333333,0,3,0.05,6,0.1,Helped,Trapped_over_3_mns,Full_trial,3.98,2020-12-02,DG4_W,10.1,1.192,10.5,29.160-89.160,5,2,2,6
DG4_W_4,6197,Female,5,Side,2,60,4,trapped,1,0.016666667,0,3,0.05,4,0.066666667,Helped,Trapped_over_3_mns,Full_trial,3.98,2020-12-02,DG4_W,10.1,1.192,10.5,89.160-149.160,5,1,1,4
DG4_W_4,6197,Female,5,Side,3,60,4,trapped,0,0,2,3,0.05,3,0.05,Helped,Trapped_over_3_mns,Full_trial,3.98,2020-12-02,DG4_W,10.1,1.192,10.5,149.160-209.160,5,2,2,3
DG4_W_4,6197,Female,5,Side,4,56.16,4,free,1,0.017806268,0,2,0.035612536,3,0.053418803,Helped,Trapped_over_3_mns,Full_trial,3.98,2020-12-02,DG4_W,10.1,1.192,10.5,209.160-265.320,5,1,1.0683760683760684,3.2051282051282053
DG3_F_6,6369,Male,3,Side,1,60,4,trapped,3,0.05,3,3,0.05,2,0.033333333,Not helped,Trapped_over_3_mns,Aborted_trial,3.3,2020-10-20,DG3_F,13.16666667,0.499,13.5,39.240-99.240,3,6,6,2
DG3_F_6,6369,Male,3,Side,2,60,4,trapped,6,0.1,4,0,0,4,0.066666667,Not helped,Trapped_over_3_mns,Aborted_trial,3.3,2020-10-20,DG3_F,13.16666667,0.499,13.5,99.240-159.240,3,10,10,4
DG3_F_6,6369,Male,3,Side,3,60,4,trapped,6,0.1,4,0,0,1,0.016666667,Not helped,Trapped_over_3_mns,Aborted_trial,3.3,2020-10-20,DG3_F,13.16666667,0.499,13.5,159.240-219.240,3,10,10,1
DG3_F_6,6369,Male,3,Side,4,16.68,4,trapped,2,0.119904077,1,1,0.059952038,0,0,Not helped,Trapped_over_3_mns,Aborted_trial,3.3,2020-10-20,DG3_F,13.16666667,0.499,13.5,219.240-235.920,3,3,10.79136690647482,0
DG4_F_5,6099,Female,7,Front,1,60,5,trapped,1,0.016666667,0,6,0.1,8,0.133333333,Helped,Trapped_over_3_mns,Full_trial,4.809333333,2020-12-03,DG4_F,9.616666667,8.37,10,51.080-111.080,7,1,1,8
DG4_F_5,6099,Female,7,Front,2,60,5,trapped,0,0,1,5,0.083333333,5,0.083333333,Helped,Trapped_over_3_mns,Full_trial,4.809333333,2020-12-03,DG4_F,9.616666667,8.37,10,111.080-171.080,7,1,1,5
DG4_F_5,6099,Female,7,Front,3,60,5,trapped,0,0,0,1,0.016666667,3,0.05,Helped,Trapped_over_3_mns,Full_trial,4.809333333,2020-12-03,DG4_F,9.616666667,8.37,10,171.080-231.080,7,0,0,3
DG4_F_5,6099,Female,7,Front,4,60,5,trapped,6,0.1,0,0,0,2,0.033333333,Helped,Trapped_over_3_mns,Full_trial,4.809333333,2020-12-03,DG4_F,9.616666667,8.37,10,231.080-291.080,7,6,6,2
DG4_F_5,6099,Female,7,Front,5,45.84,5,free,4,0.087260035,0,0,0,2,0.043630017,Helped,Trapped_over_3_mns,Full_trial,4.809333333,2020-12-03,DG4_F,9.616666667,8.37,10,291.080-336.920,7,4,5.2356020942408374,2.6178010471204187
DG5_F_4,6421,Female,4,Side,1,60,5,trapped,0,0,0,1,0.016666667,7,0.116666667,Helped,Trapped_over_3_mns,Full_trial,4.880666667,2021-02-02,DG5_F,12.68333333,0.161,13.08333333,101.640-161.640,4,0,0,7
DG5_F_4,6421,Female,4,Side,2,60,5,trapped,2,0.033333333,0,1,0.016666667,3,0.05,Helped,Trapped_over_3_mns,Full_trial,4.880666667,2021-02-02,DG5_F,12.68333333,0.161,13.08333333,161.640-221.640,4,2,2,3
DG5_F_4,6421,Female,4,Side,3,60,5,trapped,1,0.016666667,1,1,0.016666667,2,0.033333333,Helped,Trapped_over_3_mns,Full_trial,4.880666667,2021-02-02,DG5_F,12.68333333,0.161,13.08333333,221.640-281.640,4,2,2,2
DG5_F_4,6421,Female,4,Side,4,60,5,trapped,0,0,0,0,0,2,0.033333333,Helped,Trapped_over_3_mns,Full_trial,4.880666667,2021-02-02,DG5_F,12.68333333,0.161,13.08333333,281.640-341.640,4,0,0,2
DG5_F_4,6421,Female,4,Side,5,51.32,5,free,0,0,0,1,0.019485581,1,0.019485581,Helped,Trapped_over_3_mns,Full_trial,4.880666667,2021-02-02,DG5_F,12.68333333,0.161,13.08333333,341.640-392.960,4,0,0,1.1691348402182384
DG5_F_8,6407,Male,1,Side,1,60,5,trapped,0,0,1,2,0.033333333,10,0.166666667,Helped,Trapped_over_3_mns,Full_trial,4.610666667,2021-02-01,DG5_F,9.7,6.509,10.13333333,36.360-96.360,1,1,1,10
DG5_F_8,6407,Male,1,Side,2,60,5,trapped,0,0,2,0,0,2,0.033333333,Helped,Trapped_over_3_mns,Full_trial,4.610666667,2021-02-01,DG5_F,9.7,6.509,10.13333333,96.360-156.360,1,2,2,2
DG5_F_8,6407,Male,1,Side,3,60,5,trapped,0,0,2,0,0,5,0.083333333,Helped,Trapped_over_3_mns,Full_trial,4.610666667,2021-02-01,DG5_F,9.7,6.509,10.13333333,156.360-216.360,1,2,2,5
DG5_F_8,6407,Male,1,Side,4,60,5,trapped,2,0.033333333,1,0,0,3,0.05,Helped,Trapped_over_3_mns,Full_trial,4.610666667,2021-02-01,DG5_F,9.7,6.509,10.13333333,216.360-276.360,1,3,3,3
DG5_F_8,6407,Male,1,Side,5,30.56,5,free,0,0,0,0,0,1,0.032722513,Helped,Trapped_over_3_mns,Full_trial,4.610666667,2021-02-01,DG5_F,9.7,6.509,10.13333333,276.360-306.920,1,0,0,1.9633507853403143
DG2_W_1,6142,Male,1,Side,1,60,6,trapped,0,0,0,0,0,5,0.083333333,Helped,Trapped_over_3_mns,Full_trial,5.1755,2020-09-07,DG2_W,14.75,2.362,15.16666667,283.880-343.880,1,0,0,5
DG2_W_1,6142,Male,1,Side,2,60,6,trapped,0,0,0,0,0,4,0.066666667,Helped,Trapped_over_3_mns,Full_trial,5.1755,2020-09-07,DG2_W,14.75,2.362,15.16666667,343.880-403.880,1,0,0,4
DG2_W_1,6142,Male,1,Side,3,60,6,trapped,0,0,0,1,0.016666667,0,0,Helped,Trapped_over_3_mns,Full_trial,5.1755,2020-09-07,DG2_W,14.75,2.362,15.16666667,403.880-463.880,1,0,0,0
DG2_W_1,6142,Male,1,Side,4,60,6,trapped,0,0,0,1,0.016666667,2,0.033333333,Helped,Trapped_over_3_mns,Full_trial,5.1755,2020-09-07,DG2_W,14.75,2.362,15.16666667,463.880-523.880,1,0,0,2
DG2_W_1,6142,Male,1,Side,5,60,6,trapped,0,0,0,1,0.016666667,0,0,Helped,Trapped_over_3_mns,Full_trial,5.1755,2020-09-07,DG2_W,14.75,2.362,15.16666667,523.880-583.880,1,0,0,0
DG2_W_1,6142,Male,1,Side,6,9.8,6,free,0,0,0,0,0,0,0,Helped,Trapped_over_3_mns,Full_trial,5.1755,2020-09-07,DG2_W,14.75,2.362,15.16666667,583.880-593.680,1,0,0,0
DG3_F_8,6369,Male,7,Side,1,60,6,trapped,0,0,2,4,0.066666667,9,0.15,Helped,Trapped_over_3_mns,Full_trial,5.026833333,2020-10-22,DG3_F,14.15,4.69,14.5,131.160-191.160,7,2,2,9
DG3_F_8,6369,Male,7,Side,2,60,6,trapped,5,0.083333333,1,2,0.033333333,3,0.05,Helped,Trapped_over_3_mns,Full_trial,5.026833333,2020-10-22,DG3_F,14.15,4.69,14.5,191.160-251.160,7,6,6,3
DG3_F_8,6369,Male,7,Side,3,60,6,trapped,5,0.083333333,0,1,0.016666667,4,0.066666667,Helped,Trapped_over_3_mns,Full_trial,5.026833333,2020-10-22,DG3_F,14.15,4.69,14.5,251.160-311.160,7,5,5,4
DG3_F_8,6369,Male,7,Side,4,60,6,trapped,3,0.05,1,1,0.016666667,0,0,Helped,Trapped_over_3_mns,Full_trial,5.026833333,2020-10-22,DG3_F,14.15,4.69,14.5,311.160-371.160,7,4,4,0
DG3_F_8,6369,Male,7,Side,5,60,6,trapped,1,0.016666667,2,0,0,1,0.016666667,Helped,Trapped_over_3_mns,Full_trial,5.026833333,2020-10-22,DG3_F,14.15,4.69,14.5,371.160-431.160,7,3,3,1
DG3_F_8,6369,Male,7,Side,6,1.6,6,free,0,0,0,0,0,0,0,Helped,Trapped_over_3_mns,Full_trial,5.026833333,2020-10-22,DG3_F,14.15,4.69,14.5,431.160-432.760,7,0,0,0
DG5_W_2,6420,Male,6,Side,1,60,6,trapped,0,0,1,2,0.033333333,7,0.116666667,Helped,Trapped_over_3_mns,Full_trial,5.184,2021-02-03,DG5_W,14.9,-4.049,15.26666667,42.960-102.960,6,1,1,7
DG5_W_2,6420,Male,6,Side,2,60,6,trapped,0,0,0,1,0.016666667,1,0.016666667,Helped,Trapped_over_3_mns,Full_trial,5.184,2021-02-03,DG5_W,14.9,-4.049,15.26666667,102.960-162.960,6,0,0,1
DG5_W_2,6420,Male,6,Side,3,60,6,trapped,0,0,0,0,0,2,0.033333333,Helped,Trapped_over_3_mns,Full_trial,5.184,2021-02-03,DG5_W,14.9,-4.049,15.26666667,162.960-222.960,6,0,0,2
DG5_W_2,6420,Male,6,Side,4,60,6,trapped,0,0,0,0,0,0,0,Helped,Trapped_over_3_mns,Full_trial,5.184,2021-02-03,DG5_W,14.9,-4.049,15.26666667,222.960-282.960,6,0,0,0
DG5_W_2,6420,Male,6,Side,5,60,6,trapped,0,0,0,0,0,1,0.016666667,Helped,Trapped_over_3_mns,Full_trial,5.184,2021-02-03,DG5_W,14.9,-4.049,15.26666667,282.960-342.960,6,0,0,1
DG5_W_2,6420,Male,6,Side,6,9.16,6,free,0,0,0,0,0,0,0,Helped,Trapped_over_3_mns,Full_trial,5.184,2021-02-03,DG5_W,14.9,-4.049,15.26666667,342.960-352.120,6,0,0,0
DG4_F_4,6099,Female,3,Front,1,60,7,trapped,0,0,1,6,0.1,12,0.2,Helped,Trapped_over_3_mns,Full_trial,6.22,2020-12-01,DG4_F,8.983333333,2.571,9.4,58.200-118.200,3,1,1,12
DG4_F_4,6099,Female,3,Front,2,60,7,trapped,0,0,2,1,0.016666667,5,0.083333333,Helped,Trapped_over_3_mns,Full_trial,6.22,2020-12-01,DG4_F,8.983333333,2.571,9.4,118.200-178.200,3,2,2,5
DG4_F_4,6099,Female,3,Front,3,60,7,trapped,0,0,0,0,0,2,0.033333333,Helped,Trapped_over_3_mns,Full_trial,6.22,2020-12-01,DG4_F,8.983333333,2.571,9.4,178.200-238.200,3,0,0,2
DG4_F_4,6099,Female,3,Front,4,60,7,trapped,0,0,0,0,0,1,0.016666667,Helped,Trapped_over_3_mns,Full_trial,6.22,2020-12-01,DG4_F,8.983333333,2.571,9.4,238.200-298.200,3,0,0,1
DG4_F_4,6099,Female,3,Front,5,60,7,trapped,0,0,0,0,0,0,0,Helped,Trapped_over_3_mns,Full_trial,6.22,2020-12-01,DG4_F,8.983333333,2.571,9.4,298.200-358.200,3,0,0,0
DG4_F_4,6099,Female,3,Front,6,60,7,trapped,0,0,0,0,0,0,0,Helped,Trapped_over_3_mns,Full_trial,6.22,2020-12-01,DG4_F,8.983333333,2.571,9.4,358.200-418.200,3,0,0,0
DG4_F_4,6099,Female,3,Front,7,9.52,7,free,0,0,0,0,0,0,0,Helped,Trapped_over_3_mns,Full_trial,6.22,2020-12-01,DG4_F,8.983333333,2.571,9.4,418.200-427.720,3,0,0,0
DG5_F_10,6407,Female,2,Front,1,60,7,trapped,0,0,2,5,0.083333333,8,0.133333333,Helped,Trapped_over_3_mns,Full_trial,6.76,2021-02-01,DG5_F,10.66666667,1.532,11.16666667,40.680-100.680,2,2,2,8
DG5_F_10,6407,Female,2,Front,2,60,7,trapped,0,0,0,2,0.033333333,4,0.066666667,Helped,Trapped_over_3_mns,Full_trial,6.76,2021-02-01,DG5_F,10.66666667,1.532,11.16666667,100.680-160.680,2,0,0,4
DG5_F_10,6407,Female,2,Front,3,60,7,trapped,0,0,0,2,0.033333333,3,0.05,Helped,Trapped_over_3_mns,Full_trial,6.76,2021-02-01,DG5_F,10.66666667,1.532,11.16666667,160.680-220.680,2,0,0,3
DG5_F_10,6407,Female,2,Front,4,60,7,trapped,0,0,0,2,0.033333333,2,0.033333333,Helped,Trapped_over_3_mns,Full_trial,6.76,2021-02-01,DG5_F,10.66666667,1.532,11.16666667,220.680-280.680,2,0,0,2
DG5_F_10,6407,Female,2,Front,5,60,7,trapped,0,0,0,1,0.016666667,3,0.05,Helped,Trapped_over_3_mns,Full_trial,6.76,2021-02-01,DG5_F,10.66666667,1.532,11.16666667,280.680-340.680,2,0,0,3
DG5_F_10,6407,Female,2,Front,6,60,7,trapped,0,0,0,1,0.016666667,2,0.033333333,Helped,Trapped_over_3_mns,Full_trial,6.76,2021-02-01,DG5_F,10.66666667,1.532,11.16666667,340.680-400.680,2,0,0,2
DG5_F_10,6407,Female,2,Front,7,45.52,7,free,0,0,0,1,0.021968366,1,0.021968366,Helped,Trapped_over_3_mns,Full_trial,6.76,2021-02-01,DG5_F,10.66666667,1.532,11.16666667,400.680-446.200,2,0,0,1.3181019332161685
DG5_F_9,6407,Female,7,Side,1,60,7,trapped,1,0.016666667,1,2,0.033333333,6,0.1,Helped,Trapped_over_3_mns,Full_trial,6.420666667,2021-02-04,DG5_F,11.53333333,4.197,11.75,40.480-100.480,7,2,2,6
DG5_F_9,6407,Female,7,Side,2,60,7,trapped,2,0.033333333,1,0,0,2,0.033333333,Helped,Trapped_over_3_mns,Full_trial,6.420666667,2021-02-04,DG5_F,11.53333333,4.197,11.75,100.480-160.480,7,3,3,2
DG5_F_9,6407,Female,7,Side,3,60,7,trapped,0,0,0,1,0.016666667,1,0.016666667,Helped,Trapped_over_3_mns,Full_trial,6.420666667,2021-02-04,DG5_F,11.53333333,4.197,11.75,160.480-220.480,7,0,0,1
DG5_F_9,6407,Female,7,Side,4,60,7,trapped,4,0.066666667,1,0,0,4,0.066666667,Helped,Trapped_over_3_mns,Full_trial,6.420666667,2021-02-04,DG5_F,11.53333333,4.197,11.75,220.480-280.480,7,5,5,4
DG5_F_9,6407,Female,7,Side,5,60,7,trapped,3,0.05,1,0,0,1,0.016666667,Helped,Trapped_over_3_mns,Full_trial,6.420666667,2021-02-04,DG5_F,11.53333333,4.197,11.75,280.480-340.480,7,4,4,1
DG5_F_9,6407,Female,7,Side,6,60,7,trapped,1,0.016666667,1,0,0,1,0.016666667,Helped,Trapped_over_3_mns,Full_trial,6.420666667,2021-02-04,DG5_F,11.53333333,4.197,11.75,340.480-400.480,7,2,2,1
DG5_F_9,6407,Female,7,Side,7,23.24,7,free,1,0.04302926,0,0,0,0,0,Helped,Trapped_over_3_mns,Full_trial,6.420666667,2021-02-04,DG5_F,11.53333333,4.197,11.75,400.480-423.720,7,1,2.581755593803787,0
DG4_W_1,6197,Male,6,Front,1,60,8,trapped,0,0,0,5,0.083333333,12,0.2,Helped,Trapped_over_3_mns,Full_trial,7.586,2020-12-02,DG4_W,10.98333333,-0.531,11.41666667,40.840-100.840,6,0,0,12
DG4_W_1,6197,Male,6,Front,2,60,8,trapped,0,0,0,5,0.083333333,7,0.116666667,Helped,Trapped_over_3_mns,Full_trial,7.586,2020-12-02,DG4_W,10.98333333,-0.531,11.41666667,100.840-160.840,6,0,0,7
DG4_W_1,6197,Male,6,Front,3,60,8,trapped,3,0.05,0,1,0.016666667,4,0.066666667,Helped,Trapped_over_3_mns,Full_trial,7.586,2020-12-02,DG4_W,10.98333333,-0.531,11.41666667,160.840-220.840,6,3,3,4
DG4_W_1,6197,Male,6,Front,4,60,8,trapped,0,0,0,2,0.033333333,4,0.066666667,Helped,Trapped_over_3_mns,Full_trial,7.586,2020-12-02,DG4_W,10.98333333,-0.531,11.41666667,220.840-280.840,6,0,0,4
DG4_W_1,6197,Male,6,Front,5,60,8,trapped,3,0.05,3,0,0,3,0.05,Helped,Trapped_over_3_mns,Full_trial,7.586,2020-12-02,DG4_W,10.98333333,-0.531,11.41666667,280.840-340.840,6,6,6,3
DG4_W_1,6197,Male,6,Front,6,60,8,trapped,0,0,2,1,0.016666667,2,0.033333333,Helped,Trapped_over_3_mns,Full_trial,7.586,2020-12-02,DG4_W,10.98333333,-0.531,11.41666667,340.840-400.840,6,2,2,2
DG4_W_1,6197,Male,6,Front,7,60,8,trapped,0,0,0,1,0.016666667,1,0.016666667,Helped,Trapped_over_3_mns,Full_trial,7.586,2020-12-02,DG4_W,10.98333333,-0.531,11.41666667,400.840-460.840,6,0,0,1
DG4_W_1,6197,Male,6,Front,8,31.24,8,free,0,0,0,0,0,1,0.032010243,Helped,Trapped_over_3_mns,Full_trial,7.586,2020-12-02,DG4_W,10.98333333,-0.531,11.41666667,460.840-492.080,6,0,0,1.920614596670935
DG3_F_9,6369,Female,1,Front,1,60,11,trapped,0,0,0,2,0.033333333,5,0.083333333,Helped,Trapped_over_3_mns,Full_trial,10.24616667,2020-10-19,DG3_F,10.03333333,5.597,10.58333333,37.120-97.120,1,0,0,5
DG3_F_9,6369,Female,1,Front,2,60,11,trapped,0,0,1,1,0.016666667,3,0.05,Helped,Trapped_over_3_mns,Full_trial,10.24616667,2020-10-19,DG3_F,10.03333333,5.597,10.58333333,97.120-157.120,1,1,1,3
DG3_F_9,6369,Female,1,Front,3,60,11,trapped,0,0,2,1,0.016666667,2,0.033333333,Helped,Trapped_over_3_mns,Full_trial,10.24616667,2020-10-19,DG3_F,10.03333333,5.597,10.58333333,157.120-217.120,1,2,2,2
DG3_F_9,6369,Female,1,Front,4,60,11,trapped,0,0,2,2,0.033333333,1,0.016666667,Helped,Trapped_over_3_mns,Full_trial,10.24616667,2020-10-19,DG3_F,10.03333333,5.597,10.58333333,217.120-277.120,1,2,2,1
DG3_F_9,6369,Female,1,Front,5,60,11,trapped,0,0,2,0,0,1,0.016666667,Helped,Trapped_over_3_mns,Full_trial,10.24616667,2020-10-19,DG3_F,10.03333333,5.597,10.58333333,277.120-337.120,1,2,2,1
DG3_F_9,6369,Female,1,Front,6,60,11,trapped,0,0,2,0,0,4,0.066666667,Helped,Trapped_over_3_mns,Full_trial,10.24616667,2020-10-19,DG3_F,10.03333333,5.597,10.58333333,337.120-397.120,1,2,2,4
DG3_F_9,6369,Female,1,Front,7,60,11,trapped,0,0,1,1,0.016666667,2,0.033333333,Helped,Trapped_over_3_mns,Full_trial,10.24616667,2020-10-19,DG3_F,10.03333333,5.597,10.58333333,397.120-457.120,1,1,1,2
DG3_F_9,6369,Female,1,Front,8,60,11,trapped,0,0,0,0,0,0,0,Helped,Trapped_over_3_mns,Full_trial,10.24616667,2020-10-19,DG3_F,10.03333333,5.597,10.58333333,457.120-517.120,1,0,0,0
DG3_F_9,6369,Female,1,Front,9,60,11,trapped,0,0,1,0,0,2,0.033333333,Helped,Trapped_over_3_mns,Full_trial,10.24616667,2020-10-19,DG3_F,10.03333333,5.597,10.58333333,517.120-577.120,1,1,1,2
DG3_F_9,6369,Female,1,Front,10,60,11,trapped,0,0,2,2,0.033333333,4,0.066666667,Helped,Trapped_over_3_mns,Full_trial,10.24616667,2020-10-19,DG3_F,10.03333333,5.597,10.58333333,577.120-637.120,1,2,2,4
DG3_F_9,6369,Female,1,Front,11,11.64,11,free,0,0,1,1,0.085910653,0,0,Helped,Trapped_over_3_mns,Full_trial,10.24616667,2020-10-19,DG3_F,10.03333333,5.597,10.58333333,637.120-648.760,1,1,5.154639175257731,0
DG2_F_2,6232,Female,3,Front,1,60,12,trapped,0,0,0,3,0.05,7,0.116666667,Helped,Trapped_over_3_mns,Full_trial,11.55,2020-09-08,DG2_F,12.47,NA,NA,34.400-94.400,3,0,0,7
DG2_F_2,6232,Female,3,Front,2,60,12,trapped,0,0,0,2,0.033333333,5,0.083333333,Helped,Trapped_over_3_mns,Full_trial,11.55,2020-09-08,DG2_F,12.47,NA,NA,94.400-154.400,3,0,0,5
DG2_F_2,6232,Female,3,Front,3,60,12,trapped,0,0,0,0,0,1,0.016666667,Helped,Trapped_over_3_mns,Full_trial,11.55,2020-09-08,DG2_F,12.47,NA,NA,154.400-214.400,3,0,0,1
DG2_F_2,6232,Female,3,Front,4,60,12,trapped,0,0,0,0,0,0,0,Helped,Trapped_over_3_mns,Full_trial,11.55,2020-09-08,DG2_F,12.47,NA,NA,214.400-274.400,3,0,0,0
DG2_F_2,6232,Female,3,Front,5,60,12,trapped,0,0,0,1,0.016666667,0,0,Helped,Trapped_over_3_mns,Full_trial,11.55,2020-09-08,DG2_F,12.47,NA,NA,274.400-334.400,3,0,0,0
DG2_F_2,6232,Female,3,Front,6,60,12,trapped,0,0,0,0,0,2,0.033333333,Helped,Trapped_over_3_mns,Full_trial,11.55,2020-09-08,DG2_F,12.47,NA,NA,334.400-394.400,3,0,0,2
DG2_F_2,6232,Female,3,Front,7,60,12,trapped,0,0,0,0,0,0,0,Helped,Trapped_over_3_mns,Full_trial,11.55,2020-09-08,DG2_F,12.47,NA,NA,394.400-454.400,3,0,0,0
DG2_F_2,6232,Female,3,Front,8,60,12,trapped,0,0,0,0,0,0,0,Helped,Trapped_over_3_mns,Full_trial,11.55,2020-09-08,DG2_F,12.47,NA,NA,454.400-514.400,3,0,0,0
DG2_F_2,6232,Female,3,Front,9,60,12,trapped,0,0,0,0,0,0,0,Helped,Trapped_over_3_mns,Full_trial,11.55,2020-09-08,DG2_F,12.47,NA,NA,514.400-574.400,3,0,0,0
DG2_F_2,6232,Female,3,Front,10,60,12,trapped,0,0,0,0,0,0,0,Helped,Trapped_over_3_mns,Full_trial,11.55,2020-09-08,DG2_F,12.47,NA,NA,574.400-634.400,3,0,0,0
DG2_F_2,6232,Female,3,Front,11,60,12,trapped,0,0,0,0,0,0,0,Helped,Trapped_over_3_mns,Full_trial,11.55,2020-09-08,DG2_F,12.47,NA,NA,634.400-694.400,3,0,0,0
DG2_F_2,6232,Female,3,Front,12,32.52,12,free,0,0,0,0,0,0,0,Helped,Trapped_over_3_mns,Full_trial,11.55,2020-09-08,DG2_F,12.47,NA,NA,694.400-726.920,3,0,0,0
DG4_W_5,6197,Female,3,Front,1,60,12,trapped,0,0,2,3,0.05,9,0.15,Helped,Trapped_over_3_mns,Full_trial,11.45333333,2020-12-01,DG4_W,12.7,4.099,13.21666667,62.280-122.280,3,2,2,9
DG4_W_5,6197,Female,3,Front,2,60,12,trapped,1,0.016666667,2,2,0.033333333,4,0.066666667,Helped,Trapped_over_3_mns,Full_trial,11.45333333,2020-12-01,DG4_W,12.7,4.099,13.21666667,122.280-182.280,3,3,3,4
DG4_W_5,6197,Female,3,Front,3,60,12,trapped,2,0.033333333,1,2,0.033333333,4,0.066666667,Helped,Trapped_over_3_mns,Full_trial,11.45333333,2020-12-01,DG4_W,12.7,4.099,13.21666667,182.280-242.280,3,3,3,4
DG4_W_5,6197,Female,3,Front,4,60,12,trapped,1,0.016666667,1,1,0.016666667,3,0.05,Helped,Trapped_over_3_mns,Full_trial,11.45333333,2020-12-01,DG4_W,12.7,4.099,13.21666667,242.280-302.280,3,2,2,3
DG4_W_5,6197,Female,3,Front,5,60,12,trapped,2,0.033333333,0,0,0,2,0.033333333,Helped,Trapped_over_3_mns,Full_trial,11.45333333,2020-12-01,DG4_W,12.7,4.099,13.21666667,302.280-362.280,3,2,2,2
DG4_W_5,6197,Female,3,Front,6,60,12,trapped,0,0,0,0,0,2,0.033333333,Helped,Trapped_over_3_mns,Full_trial,11.45333333,2020-12-01,DG4_W,12.7,4.099,13.21666667,362.280-422.280,3,0,0,2
DG4_W_5,6197,Female,3,Front,7,60,12,trapped,0,0,0,0,0,1,0.016666667,Helped,Trapped_over_3_mns,Full_trial,11.45333333,2020-12-01,DG4_W,12.7,4.099,13.21666667,422.280-482.280,3,0,0,1
DG4_W_5,6197,Female,3,Front,8,60,12,trapped,0,0,0,0,0,2,0.033333333,Helped,Trapped_over_3_mns,Full_trial,11.45333333,2020-12-01,DG4_W,12.7,4.099,13.21666667,482.280-542.280,3,0,0,2
DG4_W_5,6197,Female,3,Front,9,60,12,trapped,0,0,0,0,0,2,0.033333333,Helped,Trapped_over_3_mns,Full_trial,11.45333333,2020-12-01,DG4_W,12.7,4.099,13.21666667,542.280-602.280,3,0,0,2
DG4_W_5,6197,Female,3,Front,10,60,12,trapped,0,0,0,0,0,1,0.016666667,Helped,Trapped_over_3_mns,Full_trial,11.45333333,2020-12-01,DG4_W,12.7,4.099,13.21666667,602.280-662.280,3,0,0,1
DG4_W_5,6197,Female,3,Front,11,60,12,trapped,0,0,0,0,0,1,0.016666667,Helped,Trapped_over_3_mns,Full_trial,11.45333333,2020-12-01,DG4_W,12.7,4.099,13.21666667,662.280-722.280,3,0,0,1
DG4_W_5,6197,Female,3,Front,12,23.76,12,free,0,0,0,0,0,0,0,Helped,Trapped_over_3_mns,Full_trial,11.45333333,2020-12-01,DG4_W,12.7,4.099,13.21666667,722.280-746.040,3,0,0,0
DG5_W_3,6420,Female,1,Front,1,60,12,trapped,0,0,1,15,0.25,19,0.316666667,Helped,Trapped_over_3_mns,Full_trial,11.268,2021-02-01,DG5_W,12.85,1.621,13.41666667,32.560-92.560,1,1,1,19
DG5_W_3,6420,Female,1,Front,2,60,12,trapped,0,0,0,2,0.033333333,6,0.1,Helped,Trapped_over_3_mns,Full_trial,11.268,2021-02-01,DG5_W,12.85,1.621,13.41666667,92.560-152.560,1,0,0,6
DG5_W_3,6420,Female,1,Front,3,60,12,trapped,0,0,0,5,0.083333333,9,0.15,Helped,Trapped_over_3_mns,Full_trial,11.268,2021-02-01,DG5_W,12.85,1.621,13.41666667,152.560-212.560,1,0,0,9
DG5_W_3,6420,Female,1,Front,4,60,12,trapped,0,0,0,1,0.016666667,6,0.1,Helped,Trapped_over_3_mns,Full_trial,11.268,2021-02-01,DG5_W,12.85,1.621,13.41666667,212.560-272.560,1,0,0,6
DG5_W_3,6420,Female,1,Front,5,60,12,trapped,0,0,0,3,0.05,5,0.083333333,Helped,Trapped_over_3_mns,Full_trial,11.268,2021-02-01,DG5_W,12.85,1.621,13.41666667,272.560-332.560,1,0,0,5
DG5_W_3,6420,Female,1,Front,6,60,12,trapped,0,0,6,1,0.016666667,4,0.066666667,Helped,Trapped_over_3_mns,Full_trial,11.268,2021-02-01,DG5_W,12.85,1.621,13.41666667,332.560-392.560,1,6,6,4
DG5_W_3,6420,Female,1,Front,7,60,12,trapped,0,0,3,1,0.016666667,3,0.05,Helped,Trapped_over_3_mns,Full_trial,11.268,2021-02-01,DG5_W,12.85,1.621,13.41666667,392.560-452.560,1,3,3,3
DG5_W_3,6420,Female,1,Front,8,60,12,trapped,0,0,0,0,0,0,0,Helped,Trapped_over_3_mns,Full_trial,11.268,2021-02-01,DG5_W,12.85,1.621,13.41666667,452.560-512.560,1,0,0,0
DG5_W_3,6420,Female,1,Front,9,60,12,trapped,0,0,0,0,0,0,0,Helped,Trapped_over_3_mns,Full_trial,11.268,2021-02-01,DG5_W,12.85,1.621,13.41666667,512.560-572.560,1,0,0,0
DG5_W_3,6420,Female,1,Front,10,60,12,trapped,0,0,0,0,0,0,0,Helped,Trapped_over_3_mns,Full_trial,11.268,2021-02-01,DG5_W,12.85,1.621,13.41666667,572.560-632.560,1,0,0,0
DG5_W_3,6420,Female,1,Front,11,60,12,trapped,0,0,0,0,0,0,0,Helped,Trapped_over_3_mns,Full_trial,11.268,2021-02-01,DG5_W,12.85,1.621,13.41666667,632.560-692.560,1,0,0,0
DG5_W_3,6420,Female,1,Front,12,12,12,free,0,0,0,0,0,0,0,Helped,Trapped_over_3_mns,Full_trial,11.268,2021-02-01,DG5_W,12.85,1.621,13.41666667,692.560-704.560,1,0,0,0
DG3_F_5,6271,Female,4,Front,1,60,14,trapped,0,0,0,0,0,4,0.066666667,Helped,Trapped_over_3_mns,Full_trial,13.5295,2020-10-20,DG3_F,13.96666667,2.022,14.43333333,42.160-102.160,4,0,0,4
DG3_F_5,6271,Female,4,Front,2,60,14,trapped,0,0,0,1,0.016666667,5,0.083333333,Helped,Trapped_over_3_mns,Full_trial,13.5295,2020-10-20,DG3_F,13.96666667,2.022,14.43333333,102.160-162.160,4,0,0,5
DG3_F_5,6271,Female,4,Front,3,60,14,trapped,2,0.033333333,4,0,0,5,0.083333333,Helped,Trapped_over_3_mns,Full_trial,13.5295,2020-10-20,DG3_F,13.96666667,2.022,14.43333333,162.160-222.160,4,6,6,5
DG3_F_5,6271,Female,4,Front,4,60,14,trapped,1,0.016666667,0,0,0,2,0.033333333,Helped,Trapped_over_3_mns,Full_trial,13.5295,2020-10-20,DG3_F,13.96666667,2.022,14.43333333,222.160-282.160,4,1,1,2
DG3_F_5,6271,Female,4,Front,5,60,14,trapped,0,0,0,0,0,1,0.016666667,Helped,Trapped_over_3_mns,Full_trial,13.5295,2020-10-20,DG3_F,13.96666667,2.022,14.43333333,282.160-342.160,4,0,0,1
DG3_F_5,6271,Female,4,Front,6,60,14,trapped,0,0,0,0,0,0,0,Helped,Trapped_over_3_mns,Full_trial,13.5295,2020-10-20,DG3_F,13.96666667,2.022,14.43333333,342.160-402.160,4,0,0,0
DG3_F_5,6271,Female,4,Front,7,60,14,trapped,1,0.016666667,1,2,0.033333333,3,0.05,Helped,Trapped_over_3_mns,Full_trial,13.5295,2020-10-20,DG3_F,13.96666667,2.022,14.43333333,402.160-462.160,4,2,2,3
DG3_F_5,6271,Female,4,Front,8,60,14,trapped,0,0,0,0,0,1,0.016666667,Helped,Trapped_over_3_mns,Full_trial,13.5295,2020-10-20,DG3_F,13.96666667,2.022,14.43333333,462.160-522.160,4,0,0,1
DG3_F_5,6271,Female,4,Front,9,60,14,trapped,2,0.033333333,0,0,0,0,0,Helped,Trapped_over_3_mns,Full_trial,13.5295,2020-10-20,DG3_F,13.96666667,2.022,14.43333333,522.160-582.160,4,2,2,0
DG3_F_5,6271,Female,4,Front,10,60,14,trapped,0,0,0,0,0,0,0,Helped,Trapped_over_3_mns,Full_trial,13.5295,2020-10-20,DG3_F,13.96666667,2.022,14.43333333,582.160-642.160,4,0,0,0
DG3_F_5,6271,Female,4,Front,11,60,14,trapped,0,0,0,0,0,0,0,Helped,Trapped_over_3_mns,Full_trial,13.5295,2020-10-20,DG3_F,13.96666667,2.022,14.43333333,642.160-702.160,4,0,0,0
DG3_F_5,6271,Female,4,Front,12,60,14,trapped,0,0,0,0,0,0,0,Helped,Trapped_over_3_mns,Full_trial,13.5295,2020-10-20,DG3_F,13.96666667,2.022,14.43333333,702.160-762.160,4,0,0,0
DG3_F_5,6271,Female,4,Front,13,60,14,trapped,0,0,0,0,0,0,0,Helped,Trapped_over_3_mns,Full_trial,13.5295,2020-10-20,DG3_F,13.96666667,2.022,14.43333333,762.160-822.160,4,0,0,0
DG3_F_5,6271,Female,4,Front,14,30.84,14,free,0,0,0,0,0,0,0,Helped,Trapped_over_3_mns,Full_trial,13.5295,2020-10-20,DG3_F,13.96666667,2.022,14.43333333,822.160-853.000,4,0,0,0
DG4_W_8,6310,Female,10,Front,1,60,17,trapped,0,0,1,4,0.066666667,7,0.116666667,Helped,Trapped_over_3_mns,Full_trial,16.966,2020-12-04,DG4_W,10.91666667,-0.091,11.5,42.120-102.120,10,1,1,7
DG4_W_8,6310,Female,10,Front,2,60,17,trapped,1,0.016666667,1,2,0.033333333,2,0.033333333,Helped,Trapped_over_3_mns,Full_trial,16.966,2020-12-04,DG4_W,10.91666667,-0.091,11.5,102.120-162.120,10,2,2,2
DG4_W_8,6310,Female,10,Front,3,60,17,trapped,1,0.016666667,1,0,0,3,0.05,Helped,Trapped_over_3_mns,Full_trial,16.966,2020-12-04,DG4_W,10.91666667,-0.091,11.5,162.120-222.120,10,2,2,3
DG4_W_8,6310,Female,10,Front,4,60,17,trapped,0,0,0,1,0.016666667,3,0.05,Helped,Trapped_over_3_mns,Full_trial,16.966,2020-12-04,DG4_W,10.91666667,-0.091,11.5,222.120-282.120,10,0,0,3
DG4_W_8,6310,Female,10,Front,5,60,17,trapped,0,0,0,1,0.016666667,4,0.066666667,Helped,Trapped_over_3_mns,Full_trial,16.966,2020-12-04,DG4_W,10.91666667,-0.091,11.5,282.120-342.120,10,0,0,4
DG4_W_8,6310,Female,10,Front,6,60,17,trapped,0,0,0,0,0,1,0.016666667,Helped,Trapped_over_3_mns,Full_trial,16.966,2020-12-04,DG4_W,10.91666667,-0.091,11.5,342.120-402.120,10,0,0,1
DG4_W_8,6310,Female,10,Front,7,60,17,trapped,0,0,0,0,0,2,0.033333333,Helped,Trapped_over_3_mns,Full_trial,16.966,2020-12-04,DG4_W,10.91666667,-0.091,11.5,402.120-462.120,10,0,0,2
DG4_W_8,6310,Female,10,Front,8,60,17,trapped,0,0,0,0,0,0,0,Helped,Trapped_over_3_mns,Full_trial,16.966,2020-12-04,DG4_W,10.91666667,-0.091,11.5,462.120-522.120,10,0,0,0
DG4_W_8,6310,Female,10,Front,9,60,17,trapped,0,0,0,0,0,2,0.033333333,Helped,Trapped_over_3_mns,Full_trial,16.966,2020-12-04,DG4_W,10.91666667,-0.091,11.5,522.120-582.120,10,0,0,2
DG4_W_8,6310,Female,10,Front,10,60,17,trapped,0,0,0,0,0,0,0,Helped,Trapped_over_3_mns,Full_trial,16.966,2020-12-04,DG4_W,10.91666667,-0.091,11.5,582.120-642.120,10,0,0,0
DG4_W_8,6310,Female,10,Front,11,60,17,trapped,0,0,0,0,0,0,0,Helped,Trapped_over_3_mns,Full_trial,16.966,2020-12-04,DG4_W,10.91666667,-0.091,11.5,642.120-702.120,10,0,0,0
DG4_W_8,6310,Female,10,Front,12,60,17,trapped,0,0,0,0,0,0,0,Helped,Trapped_over_3_mns,Full_trial,16.966,2020-12-04,DG4_W,10.91666667,-0.091,11.5,702.120-762.120,10,0,0,0
DG4_W_8,6310,Female,10,Front,13,60,17,trapped,0,0,0,0,0,0,0,Helped,Trapped_over_3_mns,Full_trial,16.966,2020-12-04,DG4_W,10.91666667,-0.091,11.5,762.120-822.120,10,0,0,0
DG4_W_8,6310,Female,10,Front,14,60,17,trapped,0,0,0,0,0,0,0,Helped,Trapped_over_3_mns,Full_trial,16.966,2020-12-04,DG4_W,10.91666667,-0.091,11.5,822.120-882.120,10,0,0,0
DG4_W_8,6310,Female,10,Front,15,60,17,trapped,0,0,0,0,0,0,0,Helped,Trapped_over_3_mns,Full_trial,16.966,2020-12-04,DG4_W,10.91666667,-0.091,11.5,882.120-942.120,10,0,0,0
DG4_W_8,6310,Female,10,Front,16,60,17,trapped,0,0,0,0,0,0,0,Helped,Trapped_over_3_mns,Full_trial,16.966,2020-12-04,DG4_W,10.91666667,-0.091,11.5,942.120-1002.120,10,0,0,0
DG4_W_8,6310,Female,10,Front,17,54.32,17,free,0,0,0,0,0,0,0,Helped,Trapped_over_3_mns,Full_trial,16.966,2020-12-04,DG4_W,10.91666667,-0.091,11.5,1002.120-1056.440,10,0,0,0
DG2_F_3,6232,Female,1,Side,1,60,20,trapped,0,0,0,3,0.05,9,0.15,Not helped,Trapped_over_3_mns,Full_trial,20,2020-09-07,DG2_F,10.16666667,-3.341,10.91666667,49.600-109.600,1,0,0,9
DG2_F_3,6232,Female,1,Side,2,60,20,trapped,3,0.05,3,0,0,6,0.1,Not helped,Trapped_over_3_mns,Full_trial,20,2020-09-07,DG2_F,10.16666667,-3.341,10.91666667,109.600-169.600,1,6,6,6
DG2_F_3,6232,Female,1,Side,3,60,20,trapped,1,0.016666667,0,1,0.016666667,3,0.05,Not helped,Trapped_over_3_mns,Full_trial,20,2020-09-07,DG2_F,10.16666667,-3.341,10.91666667,169.600-229.600,1,1,1,3
DG2_F_3,6232,Female,1,Side,4,60,20,trapped,0,0,1,1,0.016666667,4,0.066666667,Not helped,Trapped_over_3_mns,Full_trial,20,2020-09-07,DG2_F,10.16666667,-3.341,10.91666667,229.600-289.600,1,1,1,4
DG2_F_3,6232,Female,1,Side,5,60,20,trapped,1,0.016666667,0,1,0.016666667,2,0.033333333,Not helped,Trapped_over_3_mns,Full_trial,20,2020-09-07,DG2_F,10.16666667,-3.341,10.91666667,289.600-349.600,1,1,1,2
DG2_F_3,6232,Female,1,Side,6,60,20,trapped,0,0,0,0,0,1,0.016666667,Not helped,Trapped_over_3_mns,Full_trial,20,2020-09-07,DG2_F,10.16666667,-3.341,10.91666667,349.600-409.600,1,0,0,1
DG2_F_3,6232,Female,1,Side,7,60,20,trapped,0,0,0,0,0,0,0,Not helped,Trapped_over_3_mns,Full_trial,20,2020-09-07,DG2_F,10.16666667,-3.341,10.91666667,409.600-469.600,1,0,0,0
DG2_F_3,6232,Female,1,Side,8,60,20,trapped,0,0,0,0,0,0,0,Not helped,Trapped_over_3_mns,Full_trial,20,2020-09-07,DG2_F,10.16666667,-3.341,10.91666667,469.600-529.600,1,0,0,0
DG2_F_3,6232,Female,1,Side,9,60,20,trapped,0,0,0,0,0,0,0,Not helped,Trapped_over_3_mns,Full_trial,20,2020-09-07,DG2_F,10.16666667,-3.341,10.91666667,529.600-589.600,1,0,0,0
DG2_F_3,6232,Female,1,Side,10,60,20,trapped,0,0,0,0,0,0,0,Not helped,Trapped_over_3_mns,Full_trial,20,2020-09-07,DG2_F,10.16666667,-3.341,10.91666667,589.600-649.600,1,0,0,0
DG2_F_3,6232,Female,1,Side,11,60,20,trapped,0,0,0,0,0,0,0,Not helped,Trapped_over_3_mns,Full_trial,20,2020-09-07,DG2_F,10.16666667,-3.341,10.91666667,649.600-709.600,1,0,0,0
DG2_F_3,6232,Female,1,Side,12,60,20,trapped,0,0,0,0,0,0,0,Not helped,Trapped_over_3_mns,Full_trial,20,2020-09-07,DG2_F,10.16666667,-3.341,10.91666667,709.600-769.600,1,0,0,0
DG2_F_3,6232,Female,1,Side,13,60,20,trapped,0,0,0,0,0,0,0,Not helped,Trapped_over_3_mns,Full_trial,20,2020-09-07,DG2_F,10.16666667,-3.341,10.91666667,769.600-829.600,1,0,0,0
DG2_F_3,6232,Female,1,Side,14,60,20,trapped,0,0,0,0,0,0,0,Not helped,Trapped_over_3_mns,Full_trial,20,2020-09-07,DG2_F,10.16666667,-3.341,10.91666667,829.600-889.600,1,0,0,0
DG2_F_3,6232,Female,1,Side,15,60,20,trapped,0,0,0,0,0,0,0,Not helped,Trapped_over_3_mns,Full_trial,20,2020-09-07,DG2_F,10.16666667,-3.341,10.91666667,889.600-949.600,1,0,0,0
DG2_F_3,6232,Female,1,Side,16,60,20,trapped,0,0,0,0,0,0,0,Not helped,Trapped_over_3_mns,Full_trial,20,2020-09-07,DG2_F,10.16666667,-3.341,10.91666667,949.600-1009.600,1,0,0,0
DG2_F_3,6232,Female,1,Side,17,60,20,trapped,0,0,0,0,0,0,0,Not helped,Trapped_over_3_mns,Full_trial,20,2020-09-07,DG2_F,10.16666667,-3.341,10.91666667,1009.600-1069.600,1,0,0,0
DG2_F_3,6232,Female,1,Side,18,60,20,trapped,0,0,0,0,0,0,0,Not helped,Trapped_over_3_mns,Full_trial,20,2020-09-07,DG2_F,10.16666667,-3.341,10.91666667,1069.600-1129.600,1,0,0,0
DG2_F_3,6232,Female,1,Side,19,60,20,trapped,0,0,0,0,0,0,0,Not helped,Trapped_over_3_mns,Full_trial,20,2020-09-07,DG2_F,10.16666667,-3.341,10.91666667,1129.600-1189.600,1,0,0,0
DG2_F_3,6232,Female,1,Side,20,55.6,20,trapped,0,0,0,0,0,0,0,Not helped,Trapped_over_3_mns,Full_trial,20,2020-09-07,DG2_F,10.16666667,-3.341,10.91666667,1189.600-1245.200,1,0,0,0
DG3_F_2,6271,Male,6,Side,1,60,20,trapped,0,0,2,4,0.066666667,10,0.166666667,Not helped,Trapped_over_3_mns,Full_trial,20,2020-10-21,DG3_F,11.5,4.01,12.08333333,55.880-115.880,6,2,2,10
DG3_F_2,6271,Male,6,Side,2,60,20,trapped,4,0.066666667,0,0,0,1,0.016666667,Not helped,Trapped_over_3_mns,Full_trial,20,2020-10-21,DG3_F,11.5,4.01,12.08333333,115.880-175.880,6,4,4,1
DG3_F_2,6271,Male,6,Side,3,60,20,trapped,1,0.016666667,1,0,0,0,0,Not helped,Trapped_over_3_mns,Full_trial,20,2020-10-21,DG3_F,11.5,4.01,12.08333333,175.880-235.880,6,2,2,0
DG3_F_2,6271,Male,6,Side,4,60,20,trapped,0,0,0,0,0,0,0,Not helped,Trapped_over_3_mns,Full_trial,20,2020-10-21,DG3_F,11.5,4.01,12.08333333,235.880-295.880,6,0,0,0
DG3_F_2,6271,Male,6,Side,5,60,20,trapped,6,0.1,0,1,0.016666667,0,0,Not helped,Trapped_over_3_mns,Full_trial,20,2020-10-21,DG3_F,11.5,4.01,12.08333333,295.880-355.880,6,6,6,0
DG3_F_2,6271,Male,6,Side,6,60,20,trapped,6,0.1,0,1,0.016666667,0,0,Not helped,Trapped_over_3_mns,Full_trial,20,2020-10-21,DG3_F,11.5,4.01,12.08333333,355.880-415.880,6,6,6,0
DG3_F_2,6271,Male,6,Side,7,60,20,trapped,0,0,0,1,0.016666667,1,0.016666667,Not helped,Trapped_over_3_mns,Full_trial,20,2020-10-21,DG3_F,11.5,4.01,12.08333333,415.880-475.880,6,0,0,1
DG3_F_2,6271,Male,6,Side,8,60,20,trapped,0,0,0,0,0,1,0.016666667,Not helped,Trapped_over_3_mns,Full_trial,20,2020-10-21,DG3_F,11.5,4.01,12.08333333,475.880-535.880,6,0,0,1
DG3_F_2,6271,Male,6,Side,9,60,20,trapped,0,0,0,0,0,0,0,Not helped,Trapped_over_3_mns,Full_trial,20,2020-10-21,DG3_F,11.5,4.01,12.08333333,535.880-595.880,6,0,0,0
DG3_F_2,6271,Male,6,Side,10,60,20,trapped,0,0,0,0,0,0,0,Not helped,Trapped_over_3_mns,Full_trial,20,2020-10-21,DG3_F,11.5,4.01,12.08333333,595.880-655.880,6,0,0,0
DG3_F_2,6271,Male,6,Side,11,60,20,trapped,0,0,0,0,0,0,0,Not helped,Trapped_over_3_mns,Full_trial,20,2020-10-21,DG3_F,11.5,4.01,12.08333333,655.880-715.880,6,0,0,0
DG3_F_2,6271,Male,6,Side,12,60,20,trapped,0,0,0,0,0,1,0.016666667,Not helped,Trapped_over_3_mns,Full_trial,20,2020-10-21,DG3_F,11.5,4.01,12.08333333,715.880-775.880,6,0,0,1
DG3_F_2,6271,Male,6,Side,13,60,20,trapped,0,0,0,0,0,2,0.033333333,Not helped,Trapped_over_3_mns,Full_trial,20,2020-10-21,DG3_F,11.5,4.01,12.08333333,775.880-835.880,6,0,0,2
DG3_F_2,6271,Male,6,Side,14,60,20,trapped,0,0,0,0,0,0,0,Not helped,Trapped_over_3_mns,Full_trial,20,2020-10-21,DG3_F,11.5,4.01,12.08333333,835.880-895.880,6,0,0,0
DG3_F_2,6271,Male,6,Side,15,60,20,trapped,0,0,0,0,0,0,0,Not helped,Trapped_over_3_mns,Full_trial,20,2020-10-21,DG3_F,11.5,4.01,12.08333333,895.880-955.880,6,0,0,0
DG3_F_2,6271,Male,6,Side,16,60,20,trapped,0,0,0,0,0,0,0,Not helped,Trapped_over_3_mns,Full_trial,20,2020-10-21,DG3_F,11.5,4.01,12.08333333,955.880-1015.880,6,0,0,0
DG3_F_2,6271,Male,6,Side,17,60,20,trapped,0,0,0,1,0.016666667,2,0.033333333,Not helped,Trapped_over_3_mns,Full_trial,20,2020-10-21,DG3_F,11.5,4.01,12.08333333,1015.880-1075.880,6,0,0,2
DG3_F_2,6271,Male,6,Side,18,60,20,trapped,0,0,0,0,0,3,0.05,Not helped,Trapped_over_3_mns,Full_trial,20,2020-10-21,DG3_F,11.5,4.01,12.08333333,1075.880-1135.880,6,0,0,3
DG3_F_2,6271,Male,6,Side,19,60,20,trapped,0,0,0,1,0.016666667,1,0.016666667,Not helped,Trapped_over_3_mns,Full_trial,20,2020-10-21,DG3_F,11.5,4.01,12.08333333,1135.880-1195.880,6,0,0,1
DG3_F_2,6271,Male,6,Side,20,53.92,20,trapped,0,0,0,2,0.037091988,0,0,Not helped,Trapped_over_3_mns,Full_trial,20,2020-10-21,DG3_F,11.5,4.01,12.08333333,1195.880-1249.800,6,0,0,0
DG5_F_1,6421,Male,5,Front,1,60,20,trapped,0,0,1,3,0.05,4,0.066666667,Not helped,Trapped_over_3_mns,Full_trial,20,2021-02-03,DG5_F,10.06666667,0.183,10.7,38.240-98.240,5,1,1,4
DG5_F_1,6421,Male,5,Front,2,60,20,trapped,0,0,1,2,0.033333333,2,0.033333333,Not helped,Trapped_over_3_mns,Full_trial,20,2021-02-03,DG5_F,10.06666667,0.183,10.7,98.240-158.240,5,1,1,2
DG5_F_1,6421,Male,5,Front,3,60,20,trapped,0,0,4,0,0,2,0.033333333,Not helped,Trapped_over_3_mns,Full_trial,20,2021-02-03,DG5_F,10.06666667,0.183,10.7,158.240-218.240,5,4,4,2
DG5_F_1,6421,Male,5,Front,4,60,20,trapped,0,0,4,1,0.016666667,1,0.016666667,Not helped,Trapped_over_3_mns,Full_trial,20,2021-02-03,DG5_F,10.06666667,0.183,10.7,218.240-278.240,5,4,4,1
DG5_F_1,6421,Male,5,Front,5,60,20,trapped,0,0,1,0,0,2,0.033333333,Not helped,Trapped_over_3_mns,Full_trial,20,2021-02-03,DG5_F,10.06666667,0.183,10.7,278.240-338.240,5,1,1,2
DG5_F_1,6421,Male,5,Front,6,60,20,trapped,0,0,0,0,0,0,0,Not helped,Trapped_over_3_mns,Full_trial,20,2021-02-03,DG5_F,10.06666667,0.183,10.7,338.240-398.240,5,0,0,0
DG5_F_1,6421,Male,5,Front,7,60,20,trapped,0,0,0,0,0,0,0,Not helped,Trapped_over_3_mns,Full_trial,20,2021-02-03,DG5_F,10.06666667,0.183,10.7,398.240-458.240,5,0,0,0
DG5_F_1,6421,Male,5,Front,8,60,20,trapped,0,0,0,0,0,0,0,Not helped,Trapped_over_3_mns,Full_trial,20,2021-02-03,DG5_F,10.06666667,0.183,10.7,458.240-518.240,5,0,0,0
DG5_F_1,6421,Male,5,Front,9,60,20,trapped,0,0,0,0,0,0,0,Not helped,Trapped_over_3_mns,Full_trial,20,2021-02-03,DG5_F,10.06666667,0.183,10.7,518.240-578.240,5,0,0,0
DG5_F_1,6421,Male,5,Front,10,60,20,trapped,0,0,0,0,0,0,0,Not helped,Trapped_over_3_mns,Full_trial,20,2021-02-03,DG5_F,10.06666667,0.183,10.7,578.240-638.240,5,0,0,0
DG5_F_1,6421,Male,5,Front,11,60,20,trapped,0,0,0,0,0,0,0,Not helped,Trapped_over_3_mns,Full_trial,20,2021-02-03,DG5_F,10.06666667,0.183,10.7,638.240-698.240,5,0,0,0
DG5_F_1,6421,Male,5,Front,12,60,20,trapped,0,0,0,0,0,0,0,Not helped,Trapped_over_3_mns,Full_trial,20,2021-02-03,DG5_F,10.06666667,0.183,10.7,698.240-758.240,5,0,0,0
DG5_F_1,6421,Male,5,Front,13,60,20,trapped,0,0,0,0,0,0,0,Not helped,Trapped_over_3_mns,Full_trial,20,2021-02-03,DG5_F,10.06666667,0.183,10.7,758.240-818.240,5,0,0,0
DG5_F_1,6421,Male,5,Front,14,60,20,trapped,0,0,0,0,0,0,0,Not helped,Trapped_over_3_mns,Full_trial,20,2021-02-03,DG5_F,10.06666667,0.183,10.7,818.240-878.240,5,0,0,0
DG5_F_1,6421,Male,5,Front,15,60,20,trapped,0,0,0,0,0,0,0,Not helped,Trapped_over_3_mns,Full_trial,20,2021-02-03,DG5_F,10.06666667,0.183,10.7,878.240-938.240,5,0,0,0
DG5_F_1,6421,Male,5,Front,16,60,20,trapped,0,0,0,0,0,0,0,Not helped,Trapped_over_3_mns,Full_trial,20,2021-02-03,DG5_F,10.06666667,0.183,10.7,938.240-998.240,5,0,0,0
DG5_F_1,6421,Male,5,Front,17,60,20,trapped,0,0,0,0,0,0,0,Not helped,Trapped_over_3_mns,Full_trial,20,2021-02-03,DG5_F,10.06666667,0.183,10.7,998.240-1058.240,5,0,0,0
DG5_F_1,6421,Male,5,Front,18,60,20,trapped,0,0,0,0,0,0,0,Not helped,Trapped_over_3_mns,Full_trial,20,2021-02-03,DG5_F,10.06666667,0.183,10.7,1058.240-1118.240,5,0,0,0
DG5_F_1,6421,Male,5,Front,19,60,20,trapped,0,0,0,0,0,0,0,Not helped,Trapped_over_3_mns,Full_trial,20,2021-02-03,DG5_F,10.06666667,0.183,10.7,1118.240-1178.240,5,0,0,0
DG5_F_1,6421,Male,5,Front,20,43.24,20,trapped,0,0,0,0,0,1,0.023126735,Not helped,Trapped_over_3_mns,Full_trial,20,2021-02-03,DG5_F,10.06666667,0.183,10.7,1178.240-1221.480,5,0,0,1.3876040703052728
DG2_F_6,6235,Female,2,Front,1,60,21,trapped,0,0,0,10,0.166666667,16,0.266666667,Not helped,Trapped_over_3_mns,Full_trial,20,2020-09-07,DG2_F,11.5,1.53,12.33333333,49.520-109.520,2,0,0,16
DG2_F_6,6235,Female,2,Front,2,60,21,trapped,0,0,1,2,0.033333333,3,0.05,Not helped,Trapped_over_3_mns,Full_trial,20,2020-09-07,DG2_F,11.5,1.53,12.33333333,109.520-169.520,2,1,1,3
DG2_F_6,6235,Female,2,Front,3,60,21,trapped,0,0,2,1,0.016666667,5,0.083333333,Not helped,Trapped_over_3_mns,Full_trial,20,2020-09-07,DG2_F,11.5,1.53,12.33333333,169.520-229.520,2,2,2,5
DG2_F_6,6235,Female,2,Front,4,60,21,trapped,0,0,3,0,0,3,0.05,Not helped,Trapped_over_3_mns,Full_trial,20,2020-09-07,DG2_F,11.5,1.53,12.33333333,229.520-289.520,2,3,3,3
DG2_F_6,6235,Female,2,Front,5,60,21,trapped,0,0,0,1,0.016666667,2,0.033333333,Not helped,Trapped_over_3_mns,Full_trial,20,2020-09-07,DG2_F,11.5,1.53,12.33333333,289.520-349.520,2,0,0,2
DG2_F_6,6235,Female,2,Front,6,60,21,trapped,1,0.016666667,0,1,0.016666667,3,0.05,Not helped,Trapped_over_3_mns,Full_trial,20,2020-09-07,DG2_F,11.5,1.53,12.33333333,349.520-409.520,2,1,1,3
DG2_F_6,6235,Female,2,Front,7,60,21,trapped,0,0,0,0,0,0,0,Not helped,Trapped_over_3_mns,Full_trial,20,2020-09-07,DG2_F,11.5,1.53,12.33333333,409.520-469.520,2,0,0,0
DG2_F_6,6235,Female,2,Front,8,60,21,trapped,0,0,0,0,0,1,0.016666667,Not helped,Trapped_over_3_mns,Full_trial,20,2020-09-07,DG2_F,11.5,1.53,12.33333333,469.520-529.520,2,0,0,1
DG2_F_6,6235,Female,2,Front,9,60,21,trapped,0,0,0,0,0,0,0,Not helped,Trapped_over_3_mns,Full_trial,20,2020-09-07,DG2_F,11.5,1.53,12.33333333,529.520-589.520,2,0,0,0
DG2_F_6,6235,Female,2,Front,10,60,21,trapped,0,0,0,0,0,0,0,Not helped,Trapped_over_3_mns,Full_trial,20,2020-09-07,DG2_F,11.5,1.53,12.33333333,589.520-649.520,2,0,0,0
DG2_F_6,6235,Female,2,Front,11,60,21,trapped,0,0,0,0,0,1,0.016666667,Not helped,Trapped_over_3_mns,Full_trial,20,2020-09-07,DG2_F,11.5,1.53,12.33333333,649.520-709.520,2,0,0,1
DG2_F_6,6235,Female,2,Front,12,60,21,trapped,0,0,0,0,0,0,0,Not helped,Trapped_over_3_mns,Full_trial,20,2020-09-07,DG2_F,11.5,1.53,12.33333333,709.520-769.520,2,0,0,0
DG2_F_6,6235,Female,2,Front,13,60,21,trapped,0,0,0,0,0,0,0,Not helped,Trapped_over_3_mns,Full_trial,20,2020-09-07,DG2_F,11.5,1.53,12.33333333,769.520-829.520,2,0,0,0
DG2_F_6,6235,Female,2,Front,14,60,21,trapped,0,0,0,0,0,0,0,Not helped,Trapped_over_3_mns,Full_trial,20,2020-09-07,DG2_F,11.5,1.53,12.33333333,829.520-889.520,2,0,0,0
DG2_F_6,6235,Female,2,Front,15,60,21,trapped,0,0,0,0,0,0,0,Not helped,Trapped_over_3_mns,Full_trial,20,2020-09-07,DG2_F,11.5,1.53,12.33333333,889.520-949.520,2,0,0,0
DG2_F_6,6235,Female,2,Front,16,60,21,trapped,0,0,0,0,0,0,0,Not helped,Trapped_over_3_mns,Full_trial,20,2020-09-07,DG2_F,11.5,1.53,12.33333333,949.520-1009.520,2,0,0,0
DG2_F_6,6235,Female,2,Front,17,60,21,trapped,0,0,0,0,0,0,0,Not helped,Trapped_over_3_mns,Full_trial,20,2020-09-07,DG2_F,11.5,1.53,12.33333333,1009.520-1069.520,2,0,0,0
DG2_F_6,6235,Female,2,Front,18,60,21,trapped,0,0,0,0,0,0,0,Not helped,Trapped_over_3_mns,Full_trial,20,2020-09-07,DG2_F,11.5,1.53,12.33333333,1069.520-1129.520,2,0,0,0
DG2_F_6,6235,Female,2,Front,19,60,21,trapped,0,0,0,0,0,0,0,Not helped,Trapped_over_3_mns,Full_trial,20,2020-09-07,DG2_F,11.5,1.53,12.33333333,1129.520-1189.520,2,0,0,0
DG2_F_6,6235,Female,2,Front,20,60,21,trapped,0,0,0,0,0,0,0,Not helped,Trapped_over_3_mns,Full_trial,20,2020-09-07,DG2_F,11.5,1.53,12.33333333,1189.520-1249.520,2,0,0,0
DG2_F_7,5952,Male,4,Side,1,60,21,trapped,0,0,1,6,0.1,9,0.15,Not helped,Trapped_over_3_mns,Full_trial,20,2020-09-08,DG2_F,13.68333333,-1.083,14.5,31.480-91.480,4,1,1,9
DG2_F_7,5952,Male,4,Side,2,60,21,trapped,0,0,0,2,0.033333333,3,0.05,Not helped,Trapped_over_3_mns,Full_trial,20,2020-09-08,DG2_F,13.68333333,-1.083,14.5,91.480-151.480,4,0,0,3
DG2_F_7,5952,Male,4,Side,3,60,21,trapped,0,0,0,0,0,4,0.066666667,Not helped,Trapped_over_3_mns,Full_trial,20,2020-09-08,DG2_F,13.68333333,-1.083,14.5,151.480-211.480,4,0,0,4
DG2_F_7,5952,Male,4,Side,4,60,21,trapped,0,0,0,0,0,3,0.05,Not helped,Trapped_over_3_mns,Full_trial,20,2020-09-08,DG2_F,13.68333333,-1.083,14.5,211.480-271.480,4,0,0,3
DG2_F_7,5952,Male,4,Side,5,60,21,trapped,0,0,0,0,0,2,0.033333333,Not helped,Trapped_over_3_mns,Full_trial,20,2020-09-08,DG2_F,13.68333333,-1.083,14.5,271.480-331.480,4,0,0,2
DG2_F_7,5952,Male,4,Side,6,60,21,trapped,0,0,0,0,0,3,0.05,Not helped,Trapped_over_3_mns,Full_trial,20,2020-09-08,DG2_F,13.68333333,-1.083,14.5,331.480-391.480,4,0,0,3
DG2_F_7,5952,Male,4,Side,7,60,21,trapped,0,0,0,0,0,0,0,Not helped,Trapped_over_3_mns,Full_trial,20,2020-09-08,DG2_F,13.68333333,-1.083,14.5,391.480-451.480,4,0,0,0
DG2_F_7,5952,Male,4,Side,8,60,21,trapped,0,0,0,0,0,0,0,Not helped,Trapped_over_3_mns,Full_trial,20,2020-09-08,DG2_F,13.68333333,-1.083,14.5,451.480-511.480,4,0,0,0
DG2_F_7,5952,Male,4,Side,9,60,21,trapped,0,0,0,0,0,0,0,Not helped,Trapped_over_3_mns,Full_trial,20,2020-09-08,DG2_F,13.68333333,-1.083,14.5,511.480-571.480,4,0,0,0
DG2_F_7,5952,Male,4,Side,10,60,21,trapped,0,0,0,0,0,0,0,Not helped,Trapped_over_3_mns,Full_trial,20,2020-09-08,DG2_F,13.68333333,-1.083,14.5,571.480-631.480,4,0,0,0
DG2_F_7,5952,Male,4,Side,11,60,21,trapped,0,0,0,0,0,4,0.066666667,Not helped,Trapped_over_3_mns,Full_trial,20,2020-09-08,DG2_F,13.68333333,-1.083,14.5,631.480-691.480,4,0,0,4
DG2_F_7,5952,Male,4,Side,12,60,21,trapped,0,0,0,0,0,3,0.05,Not helped,Trapped_over_3_mns,Full_trial,20,2020-09-08,DG2_F,13.68333333,-1.083,14.5,691.480-751.480,4,0,0,3
DG2_F_7,5952,Male,4,Side,13,60,21,trapped,0,0,0,0,0,1,0.016666667,Not helped,Trapped_over_3_mns,Full_trial,20,2020-09-08,DG2_F,13.68333333,-1.083,14.5,751.480-811.480,4,0,0,1
DG2_F_7,5952,Male,4,Side,14,60,21,trapped,0,0,0,0,0,0,0,Not helped,Trapped_over_3_mns,Full_trial,20,2020-09-08,DG2_F,13.68333333,-1.083,14.5,811.480-871.480,4,0,0,0
DG2_F_7,5952,Male,4,Side,15,60,21,trapped,0,0,0,0,0,1,0.016666667,Not helped,Trapped_over_3_mns,Full_trial,20,2020-09-08,DG2_F,13.68333333,-1.083,14.5,871.480-931.480,4,0,0,1
DG2_F_7,5952,Male,4,Side,16,60,21,trapped,0,0,0,0,0,1,0.016666667,Not helped,Trapped_over_3_mns,Full_trial,20,2020-09-08,DG2_F,13.68333333,-1.083,14.5,931.480-991.480,4,0,0,1
DG2_F_7,5952,Male,4,Side,17,60,21,trapped,0,0,0,0,0,0,0,Not helped,Trapped_over_3_mns,Full_trial,20,2020-09-08,DG2_F,13.68333333,-1.083,14.5,991.480-1051.480,4,0,0,0
DG2_F_7,5952,Male,4,Side,18,60,21,trapped,0,0,0,0,0,0,0,Not helped,Trapped_over_3_mns,Full_trial,20,2020-09-08,DG2_F,13.68333333,-1.083,14.5,1051.480-1111.480,4,0,0,0
DG2_F_7,5952,Male,4,Side,19,60,21,trapped,0,0,0,0,0,0,0,Not helped,Trapped_over_3_mns,Full_trial,20,2020-09-08,DG2_F,13.68333333,-1.083,14.5,1111.480-1171.480,4,0,0,0
DG2_F_7,5952,Male,4,Side,20,60,21,trapped,0,0,0,0,0,0,0,Not helped,Trapped_over_3_mns,Full_trial,20,2020-09-08,DG2_F,13.68333333,-1.083,14.5,1171.480-1231.480,4,0,0,0
DG3_W_1,6079,Male,4,Front,1,60,21,trapped,0,0,0,4,0.066666667,7,0.116666667,Not helped,Trapped_over_3_mns,Full_trial,20,2020-10-20,DG3_W,10.46666667,4.779,11.25,48.520-108.520,4,0,0,7
DG3_W_1,6079,Male,4,Front,2,60,21,trapped,0,0,1,2,0.033333333,4,0.066666667,Not helped,Trapped_over_3_mns,Full_trial,20,2020-10-20,DG3_W,10.46666667,4.779,11.25,108.520-168.520,4,1,1,4
DG3_W_1,6079,Male,4,Front,3,60,21,trapped,0,0,0,0,0,3,0.05,Not helped,Trapped_over_3_mns,Full_trial,20,2020-10-20,DG3_W,10.46666667,4.779,11.25,168.520-228.520,4,0,0,3
DG3_W_1,6079,Male,4,Front,4,60,21,trapped,0,0,0,0,0,2,0.033333333,Not helped,Trapped_over_3_mns,Full_trial,20,2020-10-20,DG3_W,10.46666667,4.779,11.25,228.520-288.520,4,0,0,2
DG3_W_1,6079,Male,4,Front,5,60,21,trapped,0,0,0,0,0,1,0.016666667,Not helped,Trapped_over_3_mns,Full_trial,20,2020-10-20,DG3_W,10.46666667,4.779,11.25,288.520-348.520,4,0,0,1
DG3_W_1,6079,Male,4,Front,6,60,21,trapped,0,0,0,0,0,0,0,Not helped,Trapped_over_3_mns,Full_trial,20,2020-10-20,DG3_W,10.46666667,4.779,11.25,348.520-408.520,4,0,0,0
DG3_W_1,6079,Male,4,Front,7,60,21,trapped,0,0,0,0,0,0,0,Not helped,Trapped_over_3_mns,Full_trial,20,2020-10-20,DG3_W,10.46666667,4.779,11.25,408.520-468.520,4,0,0,0
DG3_W_1,6079,Male,4,Front,8,60,21,trapped,0,0,0,0,0,0,0,Not helped,Trapped_over_3_mns,Full_trial,20,2020-10-20,DG3_W,10.46666667,4.779,11.25,468.520-528.520,4,0,0,0
DG3_W_1,6079,Male,4,Front,9,60,21,trapped,0,0,0,0,0,0,0,Not helped,Trapped_over_3_mns,Full_trial,20,2020-10-20,DG3_W,10.46666667,4.779,11.25,528.520-588.520,4,0,0,0
DG3_W_1,6079,Male,4,Front,10,60,21,trapped,0,0,0,0,0,0,0,Not helped,Trapped_over_3_mns,Full_trial,20,2020-10-20,DG3_W,10.46666667,4.779,11.25,588.520-648.520,4,0,0,0
DG3_W_1,6079,Male,4,Front,11,60,21,trapped,0,0,0,0,0,0,0,Not helped,Trapped_over_3_mns,Full_trial,20,2020-10-20,DG3_W,10.46666667,4.779,11.25,648.520-708.520,4,0,0,0
DG3_W_1,6079,Male,4,Front,12,60,21,trapped,0,0,0,0,0,1,0.016666667,Not helped,Trapped_over_3_mns,Full_trial,20,2020-10-20,DG3_W,10.46666667,4.779,11.25,708.520-768.520,4,0,0,1
DG3_W_1,6079,Male,4,Front,13,60,21,trapped,0,0,0,0,0,0,0,Not helped,Trapped_over_3_mns,Full_trial,20,2020-10-20,DG3_W,10.46666667,4.779,11.25,768.520-828.520,4,0,0,0
DG3_W_1,6079,Male,4,Front,14,60,21,trapped,0,0,0,0,0,0,0,Not helped,Trapped_over_3_mns,Full_trial,20,2020-10-20,DG3_W,10.46666667,4.779,11.25,828.520-888.520,4,0,0,0
DG3_W_1,6079,Male,4,Front,15,60,21,trapped,0,0,0,0,0,0,0,Not helped,Trapped_over_3_mns,Full_trial,20,2020-10-20,DG3_W,10.46666667,4.779,11.25,888.520-948.520,4,0,0,0
DG3_W_1,6079,Male,4,Front,16,60,21,trapped,0,0,0,0,0,0,0,Not helped,Trapped_over_3_mns,Full_trial,20,2020-10-20,DG3_W,10.46666667,4.779,11.25,948.520-1008.520,4,0,0,0
DG3_W_1,6079,Male,4,Front,17,60,21,trapped,0,0,0,0,0,0,0,Not helped,Trapped_over_3_mns,Full_trial,20,2020-10-20,DG3_W,10.46666667,4.779,11.25,1008.520-1068.520,4,0,0,0
DG3_W_1,6079,Male,4,Front,18,60,21,trapped,0,0,0,0,0,1,0.016666667,Not helped,Trapped_over_3_mns,Full_trial,20,2020-10-20,DG3_W,10.46666667,4.779,11.25,1068.520-1128.520,4,0,0,1
DG3_W_1,6079,Male,4,Front,19,60,21,trapped,0,0,0,0,0,0,0,Not helped,Trapped_over_3_mns,Full_trial,20,2020-10-20,DG3_W,10.46666667,4.779,11.25,1128.520-1188.520,4,0,0,0
DG3_W_1,6079,Male,4,Front,20,60,21,trapped,0,0,0,0,0,2,0.033333333,Not helped,Trapped_over_3_mns,Full_trial,20,2020-10-20,DG3_W,10.46666667,4.779,11.25,1188.520-1248.520,4,0,0,2
DG4_F_8,6188,Female,6,Front,1,60,21,trapped,0,0,4,9,0.15,10,0.166666667,Not helped,Trapped_over_3_mns,Full_trial,20,2020-12-02,DG4_F,14.5,0.537,15.08333333,39.480-99.480,6,4,4,10
DG4_F_8,6188,Female,6,Front,2,60,21,trapped,1,0.016666667,2,1,0.016666667,3,0.05,Not helped,Trapped_over_3_mns,Full_trial,20,2020-12-02,DG4_F,14.5,0.537,15.08333333,99.480-159.480,6,3,3,3
DG4_F_8,6188,Female,6,Front,3,60,21,trapped,0,0,0,3,0.05,4,0.066666667,Not helped,Trapped_over_3_mns,Full_trial,20,2020-12-02,DG4_F,14.5,0.537,15.08333333,159.480-219.480,6,0,0,4
DG4_F_8,6188,Female,6,Front,4,60,21,trapped,0,0,0,0,0,1,0.016666667,Not helped,Trapped_over_3_mns,Full_trial,20,2020-12-02,DG4_F,14.5,0.537,15.08333333,219.480-279.480,6,0,0,1
DG4_F_8,6188,Female,6,Front,5,60,21,trapped,1,0.016666667,0,0,0,1,0.016666667,Not helped,Trapped_over_3_mns,Full_trial,20,2020-12-02,DG4_F,14.5,0.537,15.08333333,279.480-339.480,6,1,1,1
DG4_F_8,6188,Female,6,Front,6,60,21,trapped,0,0,0,0,0,0,0,Not helped,Trapped_over_3_mns,Full_trial,20,2020-12-02,DG4_F,14.5,0.537,15.08333333,339.480-399.480,6,0,0,0
DG4_F_8,6188,Female,6,Front,7,60,21,trapped,0,0,0,0,0,1,0.016666667,Not helped,Trapped_over_3_mns,Full_trial,20,2020-12-02,DG4_F,14.5,0.537,15.08333333,399.480-459.480,6,0,0,1
DG4_F_8,6188,Female,6,Front,8,60,21,trapped,0,0,0,0,0,0,0,Not helped,Trapped_over_3_mns,Full_trial,20,2020-12-02,DG4_F,14.5,0.537,15.08333333,459.480-519.480,6,0,0,0
DG4_F_8,6188,Female,6,Front,9,60,21,trapped,0,0,0,0,0,0,0,Not helped,Trapped_over_3_mns,Full_trial,20,2020-12-02,DG4_F,14.5,0.537,15.08333333,519.480-579.480,6,0,0,0
DG4_F_8,6188,Female,6,Front,10,60,21,trapped,0,0,0,0,0,0,0,Not helped,Trapped_over_3_mns,Full_trial,20,2020-12-02,DG4_F,14.5,0.537,15.08333333,579.480-639.480,6,0,0,0
DG4_F_8,6188,Female,6,Front,11,60,21,trapped,0,0,0,0,0,0,0,Not helped,Trapped_over_3_mns,Full_trial,20,2020-12-02,DG4_F,14.5,0.537,15.08333333,639.480-699.480,6,0,0,0
DG4_F_8,6188,Female,6,Front,12,60,21,trapped,0,0,0,0,0,0,0,Not helped,Trapped_over_3_mns,Full_trial,20,2020-12-02,DG4_F,14.5,0.537,15.08333333,699.480-759.480,6,0,0,0
DG4_F_8,6188,Female,6,Front,13,60,21,trapped,0,0,0,0,0,0,0,Not helped,Trapped_over_3_mns,Full_trial,20,2020-12-02,DG4_F,14.5,0.537,15.08333333,759.480-819.480,6,0,0,0
DG4_F_8,6188,Female,6,Front,14,60,21,trapped,0,0,0,0,0,0,0,Not helped,Trapped_over_3_mns,Full_trial,20,2020-12-02,DG4_F,14.5,0.537,15.08333333,819.480-879.480,6,0,0,0
DG4_F_8,6188,Female,6,Front,15,60,21,trapped,1,0.016666667,0,1,0.016666667,2,0.033333333,Not helped,Trapped_over_3_mns,Full_trial,20,2020-12-02,DG4_F,14.5,0.537,15.08333333,879.480-939.480,6,1,1,2
DG4_F_8,6188,Female,6,Front,16,60,21,trapped,1,0.016666667,0,0,0,1,0.016666667,Not helped,Trapped_over_3_mns,Full_trial,20,2020-12-02,DG4_F,14.5,0.537,15.08333333,939.480-999.480,6,1,1,1
DG4_F_8,6188,Female,6,Front,17,60,21,trapped,0,0,1,1,0.016666667,0,0,Not helped,Trapped_over_3_mns,Full_trial,20,2020-12-02,DG4_F,14.5,0.537,15.08333333,999.480-1059.480,6,1,1,0
DG4_F_8,6188,Female,6,Front,18,60,21,trapped,0,0,0,1,0.016666667,2,0.033333333,Not helped,Trapped_over_3_mns,Full_trial,20,2020-12-02,DG4_F,14.5,0.537,15.08333333,1059.480-1119.480,6,0,0,2
DG4_F_8,6188,Female,6,Front,19,60,21,trapped,0,0,0,0,0,1,0.016666667,Not helped,Trapped_over_3_mns,Full_trial,20,2020-12-02,DG4_F,14.5,0.537,15.08333333,1119.480-1179.480,6,0,0,1
DG4_F_8,6188,Female,6,Front,20,60,21,trapped,0,0,0,1,0.016666667,0,0,Not helped,Trapped_over_3_mns,Full_trial,20,2020-12-02,DG4_F,14.5,0.537,15.08333333,1179.480-1239.480,6,0,0,0
DG4_F_9,6188,Female,2,Front,1,60,21,trapped,0,0,0,3,0.05,4,0.066666667,Not helped,Trapped_over_3_mns,Full_trial,20,2020-11-30,DG4_F,13.36666667,-3.249,14.11666667,33.200-93.200,2,0,0,4
DG4_F_9,6188,Female,2,Front,2,60,21,trapped,0,0,0,4,0.066666667,2,0.033333333,Not helped,Trapped_over_3_mns,Full_trial,20,2020-11-30,DG4_F,13.36666667,-3.249,14.11666667,93.200-153.200,2,0,0,2
DG4_F_9,6188,Female,2,Front,3,60,21,trapped,0,0,0,3,0.05,6,0.1,Not helped,Trapped_over_3_mns,Full_trial,20,2020-11-30,DG4_F,13.36666667,-3.249,14.11666667,153.200-213.200,2,0,0,6
DG4_F_9,6188,Female,2,Front,4,60,21,trapped,0,0,0,5,0.083333333,5,0.083333333,Not helped,Trapped_over_3_mns,Full_trial,20,2020-11-30,DG4_F,13.36666667,-3.249,14.11666667,213.200-273.200,2,0,0,5
DG4_F_9,6188,Female,2,Front,5,60,21,trapped,0,0,0,1,0.016666667,1,0.016666667,Not helped,Trapped_over_3_mns,Full_trial,20,2020-11-30,DG4_F,13.36666667,-3.249,14.11666667,273.200-333.200,2,0,0,1
DG4_F_9,6188,Female,2,Front,6,60,21,trapped,0,0,0,0,0,0,0,Not helped,Trapped_over_3_mns,Full_trial,20,2020-11-30,DG4_F,13.36666667,-3.249,14.11666667,333.200-393.200,2,0,0,0
DG4_F_9,6188,Female,2,Front,7,60,21,trapped,0,0,0,0,0,0,0,Not helped,Trapped_over_3_mns,Full_trial,20,2020-11-30,DG4_F,13.36666667,-3.249,14.11666667,393.200-453.200,2,0,0,0
DG4_F_9,6188,Female,2,Front,8,60,21,trapped,0,0,0,0,0,0,0,Not helped,Trapped_over_3_mns,Full_trial,20,2020-11-30,DG4_F,13.36666667,-3.249,14.11666667,453.200-513.200,2,0,0,0
DG4_F_9,6188,Female,2,Front,9,60,21,trapped,0,0,0,0,0,0,0,Not helped,Trapped_over_3_mns,Full_trial,20,2020-11-30,DG4_F,13.36666667,-3.249,14.11666667,513.200-573.200,2,0,0,0
DG4_F_9,6188,Female,2,Front,10,60,21,trapped,0,0,0,0,0,0,0,Not helped,Trapped_over_3_mns,Full_trial,20,2020-11-30,DG4_F,13.36666667,-3.249,14.11666667,573.200-633.200,2,0,0,0
DG4_F_9,6188,Female,2,Front,11,60,21,trapped,0,0,0,0,0,0,0,Not helped,Trapped_over_3_mns,Full_trial,20,2020-11-30,DG4_F,13.36666667,-3.249,14.11666667,633.200-693.200,2,0,0,0
DG4_F_9,6188,Female,2,Front,12,60,21,trapped,0,0,0,0,0,0,0,Not helped,Trapped_over_3_mns,Full_trial,20,2020-11-30,DG4_F,13.36666667,-3.249,14.11666667,693.200-753.200,2,0,0,0
DG4_F_9,6188,Female,2,Front,13,60,21,trapped,0,0,0,0,0,0,0,Not helped,Trapped_over_3_mns,Full_trial,20,2020-11-30,DG4_F,13.36666667,-3.249,14.11666667,753.200-813.200,2,0,0,0
DG4_F_9,6188,Female,2,Front,14,60,21,trapped,0,0,0,0,0,0,0,Not helped,Trapped_over_3_mns,Full_trial,20,2020-11-30,DG4_F,13.36666667,-3.249,14.11666667,813.200-873.200,2,0,0,0
DG4_F_9,6188,Female,2,Front,15,60,21,trapped,0,0,0,0,0,0,0,Not helped,Trapped_over_3_mns,Full_trial,20,2020-11-30,DG4_F,13.36666667,-3.249,14.11666667,873.200-933.200,2,0,0,0
DG4_F_9,6188,Female,2,Front,16,60,21,trapped,0,0,0,0,0,0,0,Not helped,Trapped_over_3_mns,Full_trial,20,2020-11-30,DG4_F,13.36666667,-3.249,14.11666667,933.200-993.200,2,0,0,0
DG4_F_9,6188,Female,2,Front,17,60,21,trapped,0,0,0,0,0,0,0,Not helped,Trapped_over_3_mns,Full_trial,20,2020-11-30,DG4_F,13.36666667,-3.249,14.11666667,993.200-1053.200,2,0,0,0
DG4_F_9,6188,Female,2,Front,18,60,21,trapped,0,0,0,0,0,0,0,Not helped,Trapped_over_3_mns,Full_trial,20,2020-11-30,DG4_F,13.36666667,-3.249,14.11666667,1053.200-1113.200,2,0,0,0
DG4_F_9,6188,Female,2,Front,19,60,21,trapped,0,0,0,0,0,0,0,Not helped,Trapped_over_3_mns,Full_trial,20,2020-11-30,DG4_F,13.36666667,-3.249,14.11666667,1113.200-1173.200,2,0,0,0
DG4_F_9,6188,Female,2,Front,20,60,21,trapped,0,0,0,0,0,0,0,Not helped,Trapped_over_3_mns,Full_trial,20,2020-11-30,DG4_F,13.36666667,-3.249,14.11666667,1173.200-1233.200,2,0,0,0
DG5_F_6,6407,Male,10,Side,1,60,21,trapped,0,0,1,1,0.016666667,9,0.15,Not helped,Trapped_over_3_mns,Full_trial,20,2021-02-05,DG5_F,10.45,7.182,11.08333333,26.040-86.040,10,1,1,9
DG5_F_6,6407,Male,10,Side,2,60,21,trapped,2,0.033333333,0,3,0.05,3,0.05,Not helped,Trapped_over_3_mns,Full_trial,20,2021-02-05,DG5_F,10.45,7.182,11.08333333,86.040-146.040,10,2,2,3
DG5_F_6,6407,Male,10,Side,3,60,21,trapped,0,0,0,2,0.033333333,4,0.066666667,Not helped,Trapped_over_3_mns,Full_trial,20,2021-02-05,DG5_F,10.45,7.182,11.08333333,146.040-206.040,10,0,0,4
DG5_F_6,6407,Male,10,Side,4,60,21,trapped,3,0.05,1,1,0.016666667,4,0.066666667,Not helped,Trapped_over_3_mns,Full_trial,20,2021-02-05,DG5_F,10.45,7.182,11.08333333,206.040-266.040,10,4,4,4
DG5_F_6,6407,Male,10,Side,5,60,21,trapped,1,0.016666667,0,0,0,2,0.033333333,Not helped,Trapped_over_3_mns,Full_trial,20,2021-02-05,DG5_F,10.45,7.182,11.08333333,266.040-326.040,10,1,1,2
DG5_F_6,6407,Male,10,Side,6,60,21,trapped,0,0,0,1,0.016666667,0,0,Not helped,Trapped_over_3_mns,Full_trial,20,2021-02-05,DG5_F,10.45,7.182,11.08333333,326.040-386.040,10,0,0,0
DG5_F_6,6407,Male,10,Side,7,60,21,trapped,0,0,0,0,0,2,0.033333333,Not helped,Trapped_over_3_mns,Full_trial,20,2021-02-05,DG5_F,10.45,7.182,11.08333333,386.040-446.040,10,0,0,2
DG5_F_6,6407,Male,10,Side,8,60,21,trapped,0,0,0,0,0,2,0.033333333,Not helped,Trapped_over_3_mns,Full_trial,20,2021-02-05,DG5_F,10.45,7.182,11.08333333,446.040-506.040,10,0,0,2
DG5_F_6,6407,Male,10,Side,9,60,21,trapped,0,0,0,0,0,1,0.016666667,Not helped,Trapped_over_3_mns,Full_trial,20,2021-02-05,DG5_F,10.45,7.182,11.08333333,506.040-566.040,10,0,0,1
DG5_F_6,6407,Male,10,Side,10,60,21,trapped,0,0,0,1,0.016666667,1,0.016666667,Not helped,Trapped_over_3_mns,Full_trial,20,2021-02-05,DG5_F,10.45,7.182,11.08333333,566.040-626.040,10,0,0,1
DG5_F_6,6407,Male,10,Side,11,60,21,trapped,1,0.016666667,0,1,0.016666667,2,0.033333333,Not helped,Trapped_over_3_mns,Full_trial,20,2021-02-05,DG5_F,10.45,7.182,11.08333333,626.040-686.040,10,1,1,2
DG5_F_6,6407,Male,10,Side,12,60,21,trapped,0,0,0,0,0,0,0,Not helped,Trapped_over_3_mns,Full_trial,20,2021-02-05,DG5_F,10.45,7.182,11.08333333,686.040-746.040,10,0,0,0
DG5_F_6,6407,Male,10,Side,13,60,21,trapped,0,0,0,1,0.016666667,2,0.033333333,Not helped,Trapped_over_3_mns,Full_trial,20,2021-02-05,DG5_F,10.45,7.182,11.08333333,746.040-806.040,10,0,0,2
DG5_F_6,6407,Male,10,Side,14,60,21,trapped,0,0,0,0,0,0,0,Not helped,Trapped_over_3_mns,Full_trial,20,2021-02-05,DG5_F,10.45,7.182,11.08333333,806.040-866.040,10,0,0,0
DG5_F_6,6407,Male,10,Side,15,60,21,trapped,0,0,0,0,0,0,0,Not helped,Trapped_over_3_mns,Full_trial,20,2021-02-05,DG5_F,10.45,7.182,11.08333333,866.040-926.040,10,0,0,0
DG5_F_6,6407,Male,10,Side,16,60,21,trapped,0,0,0,0,0,0,0,Not helped,Trapped_over_3_mns,Full_trial,20,2021-02-05,DG5_F,10.45,7.182,11.08333333,926.040-986.040,10,0,0,0
DG5_F_6,6407,Male,10,Side,17,60,21,trapped,0,0,0,0,0,0,0,Not helped,Trapped_over_3_mns,Full_trial,20,2021-02-05,DG5_F,10.45,7.182,11.08333333,986.040-1046.040,10,0,0,0
DG5_F_6,6407,Male,10,Side,18,60,21,trapped,0,0,0,0,0,0,0,Not helped,Trapped_over_3_mns,Full_trial,20,2021-02-05,DG5_F,10.45,7.182,11.08333333,1046.040-1106.040,10,0,0,0
DG5_F_6,6407,Male,10,Side,19,60,21,trapped,0,0,0,0,0,0,0,Not helped,Trapped_over_3_mns,Full_trial,20,2021-02-05,DG5_F,10.45,7.182,11.08333333,1106.040-1166.040,10,0,0,0
DG5_F_6,6407,Male,10,Side,20,60,21,trapped,0,0,0,0,0,0,0,Not helped,Trapped_over_3_mns,Full_trial,20,2021-02-05,DG5_F,10.45,7.182,11.08333333,1166.040-1226.040,10,0,0,0
