trapped.pig.uniq.id,sow,sex,group.trapped.pig.order,location.test.box,interval_count,interval.dur,number.of.intervals,next.min.status,invest.window.num,distress.num,distress.binom,screams.binom,escape.binom,invest.door.binom,invest.window.binom,screams.num,escapes.num,invest.door.num,outcome1,outcome2,lat.helped.min,trapped.date,uniq.group,time.trial.begins,interval_time,invest.window.sq.z,time.trial.begins.z,group.trapped.pig.order.z,tstop,tstart
DG2_F_2,6232,Female,3,Front,1,60,12,trapped,4,0,0,0,0,0,1,0,0,0,Helped,Full_trial,11.55,08.09.20,Batch1_A,12.47,56.92-116.92,1.047543994,0.425711175,-0.572082278,1,0
DG2_F_2,6232,Female,3,Front,2,60,12,trapped,5,0,0,0,0,1,1,0,0,2,Helped,Full_trial,11.55,08.09.20,Batch1_A,12.47,116.92-176.92,1.299862154,0.425711175,-0.572082278,2,1
DG2_F_2,6232,Female,3,Front,3,60,12,trapped,0,0,0,0,0,0,0,0,0,0,Helped,Full_trial,11.55,08.09.20,Batch1_A,12.47,176.92-236.92,-1.090129755,0.425711175,-0.572082278,3,2
DG2_F_2,6232,Female,3,Front,4,60,12,trapped,0,0,0,0,0,0,0,0,0,0,Helped,Full_trial,11.55,08.09.20,Batch1_A,12.47,236.92-296.92,-1.090129755,0.425711175,-0.572082278,4,3
DG2_F_2,6232,Female,3,Front,5,60,12,trapped,1,0,0,0,0,1,1,0,0,1,Helped,Full_trial,11.55,08.09.20,Batch1_A,12.47,296.92-356.92,-0.021292881,0.425711175,-0.572082278,5,4
DG2_F_2,6232,Female,3,Front,6,60,12,trapped,1,0,0,0,0,0,1,0,0,0,Helped,Full_trial,11.55,08.09.20,Batch1_A,12.47,356.92-416.92,-0.021292881,0.425711175,-0.572082278,6,5
DG2_F_2,6232,Female,3,Front,7,60,12,trapped,0,0,0,0,0,0,0,0,0,0,Helped,Full_trial,11.55,08.09.20,Batch1_A,12.47,416.92-476.92,-1.090129755,0.425711175,-0.572082278,7,6
DG2_F_2,6232,Female,3,Front,8,60,12,trapped,0,0,0,0,0,0,0,0,0,0,Helped,Full_trial,11.55,08.09.20,Batch1_A,12.47,476.92-536.92,-1.090129755,0.425711175,-0.572082278,8,7
DG2_F_2,6232,Female,3,Front,9,60,12,trapped,0,0,0,0,0,0,0,0,0,0,Helped,Full_trial,11.55,08.09.20,Batch1_A,12.47,536.92-596.92,-1.090129755,0.425711175,-0.572082278,9,8
DG2_F_2,6232,Female,3,Front,10,60,12,trapped,0,0,0,0,0,0,0,0,0,0,Helped,Full_trial,11.55,08.09.20,Batch1_A,12.47,596.92-656.92,-1.090129755,0.425711175,-0.572082278,10,9
DG2_F_2,6232,Female,3,Front,11,60,12,free,0,0,0,0,0,0,0,0,0,0,Helped,Full_trial,11.55,08.09.20,Batch1_A,12.47,656.92-716.92,-1.090129755,0.425711175,-0.572082278,11,10
DG2_F_3,6232,Female,1,Side,1,60,20,trapped,6,5,1,1,1,1,1,2,3,2,Not helped,Full_trial,20,07.09.20,Batch1_A,10.16666667,95.2-155.2,1.527975206,-0.996796891,-1.287185126,1,0
DG2_F_3,6232,Female,1,Side,2,60,20,trapped,3,2,1,1,0,1,1,2,0,1,Not helped,Full_trial,20,07.09.20,Batch1_A,10.16666667,155.2-215.2,0.761150017,-0.996796891,-1.287185126,2,1
DG2_F_3,6232,Female,1,Side,3,60,20,trapped,4,1,1,0,1,1,1,0,1,1,Not helped,Full_trial,20,07.09.20,Batch1_A,10.16666667,215.2-275.2,1.047543994,-0.996796891,-1.287185126,3,2
DG2_F_3,6232,Female,1,Side,4,60,20,trapped,3,1,1,1,0,1,1,1,0,1,Not helped,Full_trial,20,07.09.20,Batch1_A,10.16666667,275.2-335.2,0.761150017,-0.996796891,-1.287185126,4,3
DG2_F_3,6232,Female,1,Side,5,60,20,trapped,1,0,0,0,0,0,1,0,0,0,Not helped,Full_trial,20,07.09.20,Batch1_A,10.16666667,335.2-395.2,-0.021292881,-0.996796891,-1.287185126,5,4
DG2_F_3,6232,Female,1,Side,6,60,20,trapped,0,0,0,0,0,0,0,0,0,0,Not helped,Full_trial,20,07.09.20,Batch1_A,10.16666667,395.2-455.2,-1.090129755,-0.996796891,-1.287185126,6,5
DG2_F_3,6232,Female,1,Side,7,60,20,trapped,0,0,0,0,0,0,0,0,0,0,Not helped,Full_trial,20,07.09.20,Batch1_A,10.16666667,455.2-515.2,-1.090129755,-0.996796891,-1.287185126,7,6
DG2_F_3,6232,Female,1,Side,8,60,20,trapped,0,0,0,0,0,0,0,0,0,0,Not helped,Full_trial,20,07.09.20,Batch1_A,10.16666667,515.2-575.2,-1.090129755,-0.996796891,-1.287185126,8,7
DG2_F_3,6232,Female,1,Side,9,60,20,trapped,0,0,0,0,0,0,0,0,0,0,Not helped,Full_trial,20,07.09.20,Batch1_A,10.16666667,575.2-635.2,-1.090129755,-0.996796891,-1.287185126,9,8
DG2_F_3,6232,Female,1,Side,10,60,20,trapped,0,0,0,0,0,0,0,0,0,0,Not helped,Full_trial,20,07.09.20,Batch1_A,10.16666667,635.2-695.2,-1.090129755,-0.996796891,-1.287185126,10,9
DG2_F_3,6232,Female,1,Side,11,60,20,trapped,0,0,0,0,0,0,0,0,0,0,Not helped,Full_trial,20,07.09.20,Batch1_A,10.16666667,695.2-755.2,-1.090129755,-0.996796891,-1.287185126,11,10
DG2_F_3,6232,Female,1,Side,12,60,20,trapped,0,0,0,0,0,0,0,0,0,0,Not helped,Full_trial,20,07.09.20,Batch1_A,10.16666667,755.2-815.2,-1.090129755,-0.996796891,-1.287185126,12,11
DG2_F_3,6232,Female,1,Side,13,60,20,trapped,0,0,0,0,0,0,0,0,0,0,Not helped,Full_trial,20,07.09.20,Batch1_A,10.16666667,815.2-875.2,-1.090129755,-0.996796891,-1.287185126,13,12
DG2_F_3,6232,Female,1,Side,14,60,20,trapped,0,0,0,0,0,0,0,0,0,0,Not helped,Full_trial,20,07.09.20,Batch1_A,10.16666667,875.2-935.2,-1.090129755,-0.996796891,-1.287185126,14,13
DG2_F_3,6232,Female,1,Side,15,60,20,trapped,0,0,0,0,0,0,0,0,0,0,Not helped,Full_trial,20,07.09.20,Batch1_A,10.16666667,935.2-995.2,-1.090129755,-0.996796891,-1.287185126,15,14
DG2_F_3,6232,Female,1,Side,16,60,20,trapped,0,0,0,0,0,0,0,0,0,0,Not helped,Full_trial,20,07.09.20,Batch1_A,10.16666667,995.2-1055.2,-1.090129755,-0.996796891,-1.287185126,16,15
DG2_F_3,6232,Female,1,Side,17,60,20,trapped,0,0,0,0,0,0,0,0,0,0,Not helped,Full_trial,20,07.09.20,Batch1_A,10.16666667,1055.2-1115.2,-1.090129755,-0.996796891,-1.287185126,17,16
DG2_F_3,6232,Female,1,Side,18,60,20,trapped,0,0,0,0,0,0,0,0,0,0,Not helped,Full_trial,20,07.09.20,Batch1_A,10.16666667,1115.2-1175.2,-1.090129755,-0.996796891,-1.287185126,18,17
DG2_F_3,6232,Female,1,Side,19,60,20,trapped,0,0,0,0,0,0,0,0,0,0,Not helped,Full_trial,20,07.09.20,Batch1_A,10.16666667,1175.2-1235.2,-1.090129755,-0.996796891,-1.287185126,19,18
DG2_F_4,6235,Male,6,Side,1,60,4,trapped,4,7,1,1,1,1,1,4,3,2,Helped,Full_trial,3.688166667,09.09.20,Batch1_A,10.43333333,80.96-140.96,1.047543994,-0.832107104,0.500571993,1,0
DG2_F_4,6235,Male,6,Side,2,60,4,trapped,2,4,1,1,1,0,1,3,1,0,Helped,Full_trial,3.688166667,09.09.20,Batch1_A,10.43333333,140.96-200.96,0.421433849,-0.832107104,0.500571993,2,1
DG2_F_4,6235,Male,6,Side,3,60,4,free,2,3,1,1,0,1,1,3,0,2,Helped,Full_trial,3.688166667,09.09.20,Batch1_A,10.43333333,200.96-260.96,0.421433849,-0.832107104,0.500571993,3,2
DG2_F_5,6235,Male,7,Side,1,60,2,free,5,1,1,0,1,1,1,0,1,1,Helped,Full_trial,1.216166667,10.09.20,Batch1_A,11.66666667,40.84-100.84,1.299862154,-0.070416818,0.858123417,1,0
DG2_F_6,6235,Female,2,Front,1,60,20,trapped,4,1,1,0,1,1,1,0,1,2,Not helped,Full_trial,20,07.09.20,Batch1_A,11.5,104.64-164.64,1.047543994,-0.173347939,-0.929633702,1,0
DG2_F_6,6235,Female,2,Front,2,60,20,trapped,5,2,1,0,1,1,1,0,2,1,Not helped,Full_trial,20,07.09.20,Batch1_A,11.5,164.64-224.64,1.299862154,-0.173347939,-0.929633702,2,1
DG2_F_6,6235,Female,2,Front,3,60,20,trapped,3,3,1,0,1,0,1,0,3,0,Not helped,Full_trial,20,07.09.20,Batch1_A,11.5,224.64-284.64,0.761150017,-0.173347939,-0.929633702,3,2
DG2_F_6,6235,Female,2,Front,4,60,20,trapped,2,0,0,0,0,1,1,0,0,1,Not helped,Full_trial,20,07.09.20,Batch1_A,11.5,284.64-344.64,0.421433849,-0.173347939,-0.929633702,4,3
DG2_F_6,6235,Female,2,Front,5,60,20,trapped,3,1,1,1,0,0,1,1,0,0,Not helped,Full_trial,20,07.09.20,Batch1_A,11.5,344.64-404.64,0.761150017,-0.173347939,-0.929633702,5,4
DG2_F_6,6235,Female,2,Front,6,60,20,trapped,0,0,0,0,0,1,0,0,0,1,Not helped,Full_trial,20,07.09.20,Batch1_A,11.5,404.64-464.64,-1.090129755,-0.173347939,-0.929633702,6,5
DG2_F_6,6235,Female,2,Front,7,60,20,trapped,1,0,0,0,0,0,1,0,0,0,Not helped,Full_trial,20,07.09.20,Batch1_A,11.5,464.64-524.64,-0.021292881,-0.173347939,-0.929633702,7,6
DG2_F_6,6235,Female,2,Front,8,60,20,trapped,0,0,0,0,0,0,0,0,0,0,Not helped,Full_trial,20,07.09.20,Batch1_A,11.5,524.64-584.64,-1.090129755,-0.173347939,-0.929633702,8,7
DG2_F_6,6235,Female,2,Front,9,60,20,trapped,0,0,0,0,0,0,0,0,0,0,Not helped,Full_trial,20,07.09.20,Batch1_A,11.5,584.64-644.64,-1.090129755,-0.173347939,-0.929633702,9,8
DG2_F_6,6235,Female,2,Front,10,60,20,trapped,1,0,0,0,0,0,1,0,0,0,Not helped,Full_trial,20,07.09.20,Batch1_A,11.5,644.64-704.64,-0.021292881,-0.173347939,-0.929633702,10,9
DG2_F_6,6235,Female,2,Front,11,60,20,trapped,0,0,0,0,0,0,0,0,0,0,Not helped,Full_trial,20,07.09.20,Batch1_A,11.5,704.64-764.64,-1.090129755,-0.173347939,-0.929633702,11,10
DG2_F_6,6235,Female,2,Front,12,60,20,trapped,0,0,0,0,0,0,0,0,0,0,Not helped,Full_trial,20,07.09.20,Batch1_A,11.5,764.64-824.64,-1.090129755,-0.173347939,-0.929633702,12,11
DG2_F_6,6235,Female,2,Front,13,60,20,trapped,0,0,0,0,0,0,0,0,0,0,Not helped,Full_trial,20,07.09.20,Batch1_A,11.5,824.64-884.64,-1.090129755,-0.173347939,-0.929633702,13,12
DG2_F_6,6235,Female,2,Front,14,60,20,trapped,0,0,0,0,0,0,0,0,0,0,Not helped,Full_trial,20,07.09.20,Batch1_A,11.5,884.64-944.64,-1.090129755,-0.173347939,-0.929633702,14,13
DG2_F_6,6235,Female,2,Front,15,60,20,trapped,0,0,0,0,0,0,0,0,0,0,Not helped,Full_trial,20,07.09.20,Batch1_A,11.5,944.64-1004.64,-1.090129755,-0.173347939,-0.929633702,15,14
DG2_F_6,6235,Female,2,Front,16,60,20,trapped,0,0,0,0,0,0,0,0,0,0,Not helped,Full_trial,20,07.09.20,Batch1_A,11.5,1004.64-1064.64,-1.090129755,-0.173347939,-0.929633702,16,15
DG2_F_6,6235,Female,2,Front,17,60,20,trapped,0,0,0,0,0,0,0,0,0,0,Not helped,Full_trial,20,07.09.20,Batch1_A,11.5,1064.64-1124.64,-1.090129755,-0.173347939,-0.929633702,17,16
DG2_F_6,6235,Female,2,Front,18,60,20,trapped,0,0,0,0,0,0,0,0,0,0,Not helped,Full_trial,20,07.09.20,Batch1_A,11.5,1124.64-1184.64,-1.090129755,-0.173347939,-0.929633702,18,17
DG2_F_6,6235,Female,2,Front,19,60,20,trapped,0,0,0,0,0,0,0,0,0,0,Not helped,Full_trial,20,07.09.20,Batch1_A,11.5,1184.64-1244.64,-1.090129755,-0.173347939,-0.929633702,19,18
DG2_F_7,5952,Male,4,Side,1,60,21,trapped,5,1,1,0,1,1,1,0,1,3,Not helped,Full_trial,20,08.09.20,Batch1_A,13.68333333,50.48-110.48,1.299862154,1.175049721,-0.214530854,1,0
DG2_F_7,5952,Male,4,Side,2,60,21,trapped,1,0,0,0,0,1,1,0,0,1,Not helped,Full_trial,20,08.09.20,Batch1_A,13.68333333,110.48-170.48,-0.021292881,1.175049721,-0.214530854,2,1
DG2_F_7,5952,Male,4,Side,3,60,21,trapped,6,0,0,0,0,0,1,0,0,0,Not helped,Full_trial,20,08.09.20,Batch1_A,13.68333333,170.48-230.48,1.527975206,1.175049721,-0.214530854,3,2
DG2_F_7,5952,Male,4,Side,4,60,21,trapped,2,0,0,0,0,0,1,0,0,0,Not helped,Full_trial,20,08.09.20,Batch1_A,13.68333333,230.48-290.48,0.421433849,1.175049721,-0.214530854,4,3
DG2_F_7,5952,Male,4,Side,5,60,21,trapped,1,0,0,0,0,0,1,0,0,0,Not helped,Full_trial,20,08.09.20,Batch1_A,13.68333333,290.48-350.48,-0.021292881,1.175049721,-0.214530854,5,4
DG2_F_7,5952,Male,4,Side,6,60,21,trapped,3,0,0,0,0,0,1,0,0,0,Not helped,Full_trial,20,08.09.20,Batch1_A,13.68333333,350.48-410.48,0.761150017,1.175049721,-0.214530854,6,5
DG2_F_7,5952,Male,4,Side,7,60,21,trapped,0,0,0,0,0,0,0,0,0,0,Not helped,Full_trial,20,08.09.20,Batch1_A,13.68333333,410.48-470.48,-1.090129755,1.175049721,-0.214530854,7,6
DG2_F_7,5952,Male,4,Side,8,60,21,trapped,0,0,0,0,0,0,0,0,0,0,Not helped,Full_trial,20,08.09.20,Batch1_A,13.68333333,470.48-530.48,-1.090129755,1.175049721,-0.214530854,8,7
DG2_F_7,5952,Male,4,Side,9,60,21,trapped,0,0,0,0,0,0,0,0,0,0,Not helped,Full_trial,20,08.09.20,Batch1_A,13.68333333,530.48-590.48,-1.090129755,1.175049721,-0.214530854,9,8
DG2_F_7,5952,Male,4,Side,10,60,21,trapped,0,0,0,0,0,0,0,0,0,0,Not helped,Full_trial,20,08.09.20,Batch1_A,13.68333333,590.48-650.48,-1.090129755,1.175049721,-0.214530854,10,9
DG2_F_7,5952,Male,4,Side,11,60,21,trapped,7,0,0,0,0,0,1,0,0,0,Not helped,Full_trial,20,08.09.20,Batch1_A,13.68333333,650.48-710.48,1.737746807,1.175049721,-0.214530854,11,10
DG2_F_7,5952,Male,4,Side,12,60,21,trapped,0,0,0,0,0,0,0,0,0,0,Not helped,Full_trial,20,08.09.20,Batch1_A,13.68333333,710.48-770.48,-1.090129755,1.175049721,-0.214530854,12,11
DG2_F_7,5952,Male,4,Side,13,60,21,trapped,1,0,0,0,0,0,1,0,0,0,Not helped,Full_trial,20,08.09.20,Batch1_A,13.68333333,770.48-830.48,-0.021292881,1.175049721,-0.214530854,13,12
DG2_F_7,5952,Male,4,Side,14,60,21,trapped,1,0,0,0,0,0,1,0,0,0,Not helped,Full_trial,20,08.09.20,Batch1_A,13.68333333,830.48-890.48,-0.021292881,1.175049721,-0.214530854,14,13
DG2_F_7,5952,Male,4,Side,15,60,21,trapped,0,0,0,0,0,0,0,0,0,0,Not helped,Full_trial,20,08.09.20,Batch1_A,13.68333333,890.48-950.48,-1.090129755,1.175049721,-0.214530854,15,14
DG2_F_7,5952,Male,4,Side,16,60,21,trapped,1,0,0,0,0,0,1,0,0,0,Not helped,Full_trial,20,08.09.20,Batch1_A,13.68333333,950.48-1010.48,-0.021292881,1.175049721,-0.214530854,16,15
DG2_F_7,5952,Male,4,Side,17,60,21,trapped,0,0,0,0,0,0,0,0,0,0,Not helped,Full_trial,20,08.09.20,Batch1_A,13.68333333,1010.48-1070.48,-1.090129755,1.175049721,-0.214530854,17,16
DG2_F_7,5952,Male,4,Side,18,60,21,trapped,0,0,0,0,0,0,0,0,0,0,Not helped,Full_trial,20,08.09.20,Batch1_A,13.68333333,1070.48-1130.48,-1.090129755,1.175049721,-0.214530854,18,17
DG2_F_7,5952,Male,4,Side,19,60,21,trapped,0,0,0,0,0,0,0,0,0,0,Not helped,Full_trial,20,08.09.20,Batch1_A,13.68333333,1130.48-1190.48,-1.090129755,1.175049721,-0.214530854,19,18
DG2_F_8,5952,Male,8,Front,1,60,2,free,3,1,1,0,1,1,1,0,1,3,Helped,Full_trial,1.598833333,10.09.20,Batch1_A,12.8,93.4-153.4,0.761150017,0.629514791,1.215674841,1,0
DG2_F_9,5952,Female,5,Front,1,60,4,trapped,4,0,0,0,0,1,1,0,0,1,Helped,Full_trial,3.872166667,09.09.20,Batch1_A,9.483333333,87.2-147.2,1.047543994,-1.418814482,0.14302057,1,0
DG2_F_9,5952,Female,5,Front,2,60,4,trapped,5,0,0,0,0,1,1,0,0,1,Helped,Full_trial,3.872166667,09.09.20,Batch1_A,9.483333333,147.2-207.2,1.299862154,-1.418814482,0.14302057,2,1
DG2_F_9,5952,Female,5,Front,3,60,4,free,3,4,1,1,1,1,1,2,2,1,Helped,Full_trial,3.872166667,09.09.20,Batch1_A,9.483333333,207.2-267.2,0.761150017,-1.418814482,0.14302057,3,2
DG2_W_1,6142,Male,1,Side,1,60,5,trapped,4,0,0,0,0,0,1,0,0,0,Helped,Full_trial,5.1755,07.09.20,Batch1_B,14.75,343.68-403.68,1.047543994,1.833808886,-1.287185126,1,0
DG2_W_1,6142,Male,1,Side,2,60,5,trapped,0,0,0,0,0,1,0,0,0,1,Helped,Full_trial,5.1755,07.09.20,Batch1_B,14.75,403.68-463.68,-1.090129755,1.833808886,-1.287185126,2,1
DG2_W_1,6142,Male,1,Side,3,60,5,trapped,2,0,0,0,0,1,1,0,0,1,Helped,Full_trial,5.1755,07.09.20,Batch1_B,14.75,463.68-523.68,0.421433849,1.833808886,-1.287185126,3,2
DG2_W_1,6142,Male,1,Side,4,60,5,trapped,0,0,0,0,0,1,0,0,0,1,Helped,Full_trial,5.1755,07.09.20,Batch1_B,14.75,523.68-583.68,-1.090129755,1.833808886,-1.287185126,4,3
DG2_W_5,5931,Male,4,Front,1,60,2,free,7,1,1,0,1,1,1,0,1,2,Helped,Full_trial,1.356833333,08.09.20,Batch1_B,10.51666667,46.08-106.08,1.737746807,-0.780641541,-0.214530854,1,0
DG3_F_2,6271,Male,6,Side,1,60,20,trapped,1,1,1,1,0,0,1,1,0,0,Not helped,Full_trial,20,21.10.20,Batch2_A,11.5,99.8-159.8,-0.021292881,-0.173347939,0.500571993,1,0
DG3_F_2,6271,Male,6,Side,2,60,20,trapped,0,5,1,1,1,0,0,4,1,0,Not helped,Full_trial,20,21.10.20,Batch2_A,11.5,159.8-219.8,-1.090129755,-0.173347939,0.500571993,2,1
DG3_F_2,6271,Male,6,Side,3,60,20,trapped,0,0,0,0,0,0,0,0,0,0,Not helped,Full_trial,20,21.10.20,Batch2_A,11.5,219.8-279.8,-1.090129755,-0.173347939,0.500571993,3,2
DG3_F_2,6271,Male,6,Side,4,60,20,trapped,0,6,1,1,0,1,0,6,0,1,Not helped,Full_trial,20,21.10.20,Batch2_A,11.5,279.8-339.8,-1.090129755,-0.173347939,0.500571993,4,3
DG3_F_2,6271,Male,6,Side,5,60,20,trapped,0,5,1,1,0,1,0,5,0,1,Not helped,Full_trial,20,21.10.20,Batch2_A,11.5,339.8-399.8,-1.090129755,-0.173347939,0.500571993,5,4
DG3_F_2,6271,Male,6,Side,6,60,20,trapped,0,1,1,1,0,0,0,1,0,0,Not helped,Full_trial,20,21.10.20,Batch2_A,11.5,399.8-459.8,-1.090129755,-0.173347939,0.500571993,6,5
DG3_F_2,6271,Male,6,Side,7,60,20,trapped,2,0,0,0,0,1,1,0,0,1,Not helped,Full_trial,20,21.10.20,Batch2_A,11.5,459.8-519.8,0.421433849,-0.173347939,0.500571993,7,6
DG3_F_2,6271,Male,6,Side,8,60,20,trapped,0,0,0,0,0,0,0,0,0,0,Not helped,Full_trial,20,21.10.20,Batch2_A,11.5,519.8-579.8,-1.090129755,-0.173347939,0.500571993,8,7
DG3_F_2,6271,Male,6,Side,9,60,20,trapped,0,0,0,0,0,0,0,0,0,0,Not helped,Full_trial,20,21.10.20,Batch2_A,11.5,579.8-639.8,-1.090129755,-0.173347939,0.500571993,9,8
DG3_F_2,6271,Male,6,Side,10,60,20,trapped,0,0,0,0,0,0,0,0,0,0,Not helped,Full_trial,20,21.10.20,Batch2_A,11.5,639.8-699.8,-1.090129755,-0.173347939,0.500571993,10,9
DG3_F_2,6271,Male,6,Side,11,60,20,trapped,1,0,0,0,0,0,1,0,0,0,Not helped,Full_trial,20,21.10.20,Batch2_A,11.5,699.8-759.8,-0.021292881,-0.173347939,0.500571993,11,10
DG3_F_2,6271,Male,6,Side,12,60,20,trapped,1,0,0,0,0,0,1,0,0,0,Not helped,Full_trial,20,21.10.20,Batch2_A,11.5,759.8-819.8,-0.021292881,-0.173347939,0.500571993,12,11
DG3_F_2,6271,Male,6,Side,13,60,20,trapped,1,0,0,0,0,0,1,0,0,0,Not helped,Full_trial,20,21.10.20,Batch2_A,11.5,819.8-879.8,-0.021292881,-0.173347939,0.500571993,13,12
DG3_F_2,6271,Male,6,Side,14,60,20,trapped,0,0,0,0,0,0,0,0,0,0,Not helped,Full_trial,20,21.10.20,Batch2_A,11.5,879.8-939.8,-1.090129755,-0.173347939,0.500571993,14,13
DG3_F_2,6271,Male,6,Side,15,60,20,trapped,0,0,0,0,0,0,0,0,0,0,Not helped,Full_trial,20,21.10.20,Batch2_A,11.5,939.8-999.8,-1.090129755,-0.173347939,0.500571993,15,14
DG3_F_2,6271,Male,6,Side,16,60,20,trapped,1,0,0,0,0,1,1,0,0,1,Not helped,Full_trial,20,21.10.20,Batch2_A,11.5,999.8-1059.8,-0.021292881,-0.173347939,0.500571993,16,15
DG3_F_2,6271,Male,6,Side,17,60,20,trapped,3,0,0,0,0,0,1,0,0,0,Not helped,Full_trial,20,21.10.20,Batch2_A,11.5,1059.8-1119.8,0.761150017,-0.173347939,0.500571993,17,16
DG3_F_2,6271,Male,6,Side,18,60,20,trapped,1,0,0,0,0,0,1,0,0,0,Not helped,Full_trial,20,21.10.20,Batch2_A,11.5,1119.8-1179.8,-0.021292881,-0.173347939,0.500571993,18,17
DG3_F_2,6271,Male,6,Side,19,60,20,trapped,1,0,0,0,0,1,1,0,0,3,Not helped,Full_trial,20,21.10.20,Batch2_A,11.5,1179.8-1239.8,-0.021292881,-0.173347939,0.500571993,19,18
DG3_F_3,6271,Female,10,Side,1,60,2,free,4,1,1,0,1,1,1,0,1,1,Helped,Full_trial,1.586833333,23.10.20,Batch2_A,10.31666667,67.12-127.12,1.047543994,-0.904158884,1.930777689,1,0
DG3_F_5,6271,Female,4,Front,1,60,14,trapped,5,0,0,0,0,0,1,0,0,0,Helped,Full_trial,13.5295,20.10.20,Batch2_A,13.96666667,63-123,1.299862154,1.350032628,-0.214530854,1,0
DG3_F_5,6271,Female,4,Front,2,60,14,trapped,6,1,1,0,1,1,1,0,1,1,Helped,Full_trial,13.5295,20.10.20,Batch2_A,13.96666667,123-183,1.527975206,1.350032628,-0.214530854,2,1
DG3_F_5,6271,Female,4,Front,3,60,14,trapped,3,6,1,1,1,0,1,3,3,0,Helped,Full_trial,13.5295,20.10.20,Batch2_A,13.96666667,183-243,0.761150017,1.350032628,-0.214530854,3,2
DG3_F_5,6271,Female,4,Front,4,60,14,trapped,3,0,0,0,0,0,1,0,0,0,Helped,Full_trial,13.5295,20.10.20,Batch2_A,13.96666667,243-303,0.761150017,1.350032628,-0.214530854,4,3
DG3_F_5,6271,Female,4,Front,5,60,14,trapped,0,0,0,0,0,0,0,0,0,0,Helped,Full_trial,13.5295,20.10.20,Batch2_A,13.96666667,303-363,-1.090129755,1.350032628,-0.214530854,5,4
DG3_F_5,6271,Female,4,Front,6,60,14,trapped,1,0,0,0,0,0,1,0,0,0,Helped,Full_trial,13.5295,20.10.20,Batch2_A,13.96666667,363-423,-0.021292881,1.350032628,-0.214530854,6,5
DG3_F_5,6271,Female,4,Front,7,60,14,trapped,2,2,1,1,1,1,1,1,1,2,Helped,Full_trial,13.5295,20.10.20,Batch2_A,13.96666667,423-483,0.421433849,1.350032628,-0.214530854,7,6
DG3_F_5,6271,Female,4,Front,8,60,14,trapped,1,0,0,0,0,0,1,0,0,0,Helped,Full_trial,13.5295,20.10.20,Batch2_A,13.96666667,483-543,-0.021292881,1.350032628,-0.214530854,8,7
DG3_F_5,6271,Female,4,Front,9,60,14,trapped,0,2,1,1,0,0,0,2,0,0,Helped,Full_trial,13.5295,20.10.20,Batch2_A,13.96666667,543-603,-1.090129755,1.350032628,-0.214530854,9,8
DG3_F_5,6271,Female,4,Front,10,60,14,trapped,0,0,0,0,0,0,0,0,0,0,Helped,Full_trial,13.5295,20.10.20,Batch2_A,13.96666667,603-663,-1.090129755,1.350032628,-0.214530854,10,9
DG3_F_5,6271,Female,4,Front,11,60,14,trapped,0,0,0,0,0,0,0,0,0,0,Helped,Full_trial,13.5295,20.10.20,Batch2_A,13.96666667,663-723,-1.090129755,1.350032628,-0.214530854,11,10
DG3_F_5,6271,Female,4,Front,12,60,14,trapped,0,0,0,0,0,0,0,0,0,0,Helped,Full_trial,13.5295,20.10.20,Batch2_A,13.96666667,723-783,-1.090129755,1.350032628,-0.214530854,12,11
DG3_F_5,6271,Female,4,Front,13,60,14,free,0,0,0,0,0,0,0,0,0,0,Helped,Full_trial,13.5295,20.10.20,Batch2_A,13.96666667,783-843,-1.090129755,1.350032628,-0.214530854,13,12
DG3_F_6,6369,Male,3,Side,1,60,4,trapped,2,9,1,1,1,1,1,5,4,2,Not helped,Aborted_trial,3.3,20.10.20,Batch2_A,13.16666667,45.92-105.92,0.421433849,0.855963255,-0.572082278,1,0
DG3_F_6,6369,Male,3,Side,2,60,4,trapped,5,10,1,1,1,0,1,6,4,0,Not helped,Aborted_trial,3.3,20.10.20,Batch2_A,13.16666667,105.92-165.92,1.299862154,0.855963255,-0.572082278,2,1
DG3_F_6,6369,Male,3,Side,3,60,4,trapped,0,8,1,1,1,1,0,5,3,1,Not helped,Aborted_trial,3.3,20.10.20,Batch2_A,13.16666667,165.92-225.92,-1.090129755,0.855963255,-0.572082278,3,2
DG3_F_7,6369,Male,5,Front,1,60,2,free,4,1,1,0,1,1,1,0,1,3,Helped,Full_trial,1.378166667,21.10.20,Batch2_A,10.83333333,48-108,1.047543994,-0.585072418,0.14302057,1,0
DG3_F_8,6369,Male,7,Side,1,60,5,trapped,4,5,1,1,1,1,1,4,1,1,Helped,Full_trial,5.026833333,22.10.20,Batch2_A,14.15,182.76-242.76,1.047543994,1.463256857,0.858123417,1,0
DG3_F_8,6369,Male,7,Side,2,60,5,trapped,3,6,1,1,0,1,1,6,0,2,Helped,Full_trial,5.026833333,22.10.20,Batch2_A,14.15,242.76-302.76,0.761150017,1.463256857,0.858123417,2,1
DG3_F_8,6369,Male,7,Side,3,60,5,trapped,1,3,1,1,1,1,1,2,1,1,Helped,Full_trial,5.026833333,22.10.20,Batch2_A,14.15,302.76-362.76,-0.021292881,1.463256857,0.858123417,3,2
DG3_F_8,6369,Male,7,Side,4,60,5,trapped,1,4,1,1,1,0,1,2,2,0,Helped,Full_trial,5.026833333,22.10.20,Batch2_A,14.15,362.76-422.76,-0.021292881,1.463256857,0.858123417,4,3
DG3_F_9,6369,Female,1,Front,1,60,11,trapped,5,0,0,0,0,1,1,0,0,2,Helped,Full_trial,10.24616667,19.10.20,Batch2_A,10.03333333,38.76-98.76,1.299862154,-1.079141791,-1.287185126,1,0
DG3_F_9,6369,Female,1,Front,2,60,11,trapped,3,1,1,0,1,1,1,0,1,1,Helped,Full_trial,10.24616667,19.10.20,Batch2_A,10.03333333,98.76-158.76,0.761150017,-1.079141791,-1.287185126,2,1
DG3_F_9,6369,Female,1,Front,3,60,11,trapped,2,2,1,0,1,1,1,0,2,1,Helped,Full_trial,10.24616667,19.10.20,Batch2_A,10.03333333,158.76-218.76,0.421433849,-1.079141791,-1.287185126,3,2
DG3_F_9,6369,Female,1,Front,4,60,11,trapped,1,2,1,0,1,1,1,0,2,2,Helped,Full_trial,10.24616667,19.10.20,Batch2_A,10.03333333,218.76-278.76,-0.021292881,-1.079141791,-1.287185126,4,3
DG3_F_9,6369,Female,1,Front,5,60,11,trapped,1,2,1,0,1,0,1,0,2,0,Helped,Full_trial,10.24616667,19.10.20,Batch2_A,10.03333333,278.76-338.76,-0.021292881,-1.079141791,-1.287185126,5,4
DG3_F_9,6369,Female,1,Front,6,60,11,trapped,4,2,1,0,1,0,1,0,2,0,Helped,Full_trial,10.24616667,19.10.20,Batch2_A,10.03333333,338.76-398.76,1.047543994,-1.079141791,-1.287185126,6,5
DG3_F_9,6369,Female,1,Front,7,60,11,trapped,2,1,1,0,1,1,1,0,1,1,Helped,Full_trial,10.24616667,19.10.20,Batch2_A,10.03333333,398.76-458.76,0.421433849,-1.079141791,-1.287185126,7,6
DG3_F_9,6369,Female,1,Front,8,60,11,trapped,0,0,0,0,0,0,0,0,0,0,Helped,Full_trial,10.24616667,19.10.20,Batch2_A,10.03333333,458.76-518.76,-1.090129755,-1.079141791,-1.287185126,8,7
DG3_F_9,6369,Female,1,Front,9,60,11,trapped,2,1,1,0,1,0,1,0,1,0,Helped,Full_trial,10.24616667,19.10.20,Batch2_A,10.03333333,518.76-578.76,0.421433849,-1.079141791,-1.287185126,9,8
DG3_F_9,6369,Female,1,Front,10,60,11,free,4,2,1,0,1,1,1,0,2,3,Helped,Full_trial,10.24616667,19.10.20,Batch2_A,10.03333333,578.76-638.76,1.047543994,-1.079141791,-1.287185126,10,9
DG3_W_1,6079,Male,4,Front,1,60,2,trapped,5,1,1,0,1,1,1,0,1,1,Not helped,Full_trial,20,20.10.20,Batch2_B,10.46666667,86.4000000000001-146.4,1.299862154,-0.811520877,-0.214530854,1,0
DG3_W_1,6079,Male,4,Front,2,60,21,trapped,4,0,0,0,0,1,1,0,0,1,Not helped,Full_trial,20,20.10.20,Batch2_B,10.46666667,146.4-206.4,1.047543994,-0.811520877,-0.214530854,2,1
DG3_W_1,6079,Male,4,Front,3,60,21,trapped,2,0,0,0,0,0,1,0,0,0,Not helped,Full_trial,20,20.10.20,Batch2_B,10.46666667,206.4-266.4,0.421433849,-0.811520877,-0.214530854,3,2
DG3_W_1,6079,Male,4,Front,4,60,21,trapped,1,0,0,0,0,0,1,0,0,0,Not helped,Full_trial,20,20.10.20,Batch2_B,10.46666667,266.4-326.4,-0.021292881,-0.811520877,-0.214530854,4,3
DG3_W_1,6079,Male,4,Front,5,60,21,trapped,1,0,0,0,0,0,1,0,0,0,Not helped,Full_trial,20,20.10.20,Batch2_B,10.46666667,326.4-386.4,-0.021292881,-0.811520877,-0.214530854,5,4
DG3_W_1,6079,Male,4,Front,6,60,21,trapped,0,0,0,0,0,0,0,0,0,0,Not helped,Full_trial,20,20.10.20,Batch2_B,10.46666667,386.4-446.4,-1.090129755,-0.811520877,-0.214530854,6,5
DG3_W_1,6079,Male,4,Front,7,60,21,trapped,0,0,0,0,0,0,0,0,0,0,Not helped,Full_trial,20,20.10.20,Batch2_B,10.46666667,446.4-506.4,-1.090129755,-0.811520877,-0.214530854,7,6
DG3_W_1,6079,Male,4,Front,8,60,21,trapped,0,0,0,0,0,0,0,0,0,0,Not helped,Full_trial,20,20.10.20,Batch2_B,10.46666667,506.4-566.4,-1.090129755,-0.811520877,-0.214530854,8,7
DG3_W_1,6079,Male,4,Front,9,60,21,trapped,0,0,0,0,0,0,0,0,0,0,Not helped,Full_trial,20,20.10.20,Batch2_B,10.46666667,566.4-626.4,-1.090129755,-0.811520877,-0.214530854,9,8
DG3_W_1,6079,Male,4,Front,10,60,21,trapped,0,0,0,0,0,0,0,0,0,0,Not helped,Full_trial,20,20.10.20,Batch2_B,10.46666667,626.4-686.4,-1.090129755,-0.811520877,-0.214530854,10,9
DG3_W_1,6079,Male,4,Front,11,60,21,trapped,1,0,0,0,0,0,1,0,0,0,Not helped,Full_trial,20,20.10.20,Batch2_B,10.46666667,686.4-746.4,-0.021292881,-0.811520877,-0.214530854,11,10
DG3_W_1,6079,Male,4,Front,12,60,21,trapped,0,0,0,0,0,0,0,0,0,0,Not helped,Full_trial,20,20.10.20,Batch2_B,10.46666667,746.4-806.4,-1.090129755,-0.811520877,-0.214530854,12,11
DG3_W_1,6079,Male,4,Front,13,60,21,trapped,0,0,0,0,0,0,0,0,0,0,Not helped,Full_trial,20,20.10.20,Batch2_B,10.46666667,806.4-866.4,-1.090129755,-0.811520877,-0.214530854,13,12
DG3_W_1,6079,Male,4,Front,14,60,21,trapped,0,0,0,0,0,0,0,0,0,0,Not helped,Full_trial,20,20.10.20,Batch2_B,10.46666667,866.4-926.4,-1.090129755,-0.811520877,-0.214530854,14,13
DG3_W_1,6079,Male,4,Front,15,60,21,trapped,0,0,0,0,0,0,0,0,0,0,Not helped,Full_trial,20,20.10.20,Batch2_B,10.46666667,926.4-986.4,-1.090129755,-0.811520877,-0.214530854,15,14
DG3_W_1,6079,Male,4,Front,16,60,21,trapped,0,0,0,0,0,0,0,0,0,0,Not helped,Full_trial,20,20.10.20,Batch2_B,10.46666667,986.4-1046.4,-1.090129755,-0.811520877,-0.214530854,16,15
DG3_W_1,6079,Male,4,Front,17,60,21,trapped,0,0,0,0,0,0,0,0,0,0,Not helped,Full_trial,20,20.10.20,Batch2_B,10.46666667,1046.4-1106.4,-1.090129755,-0.811520877,-0.214530854,17,16
DG3_W_1,6079,Male,4,Front,18,60,21,trapped,1,0,0,0,0,0,1,0,0,0,Not helped,Full_trial,20,20.10.20,Batch2_B,10.46666667,1106.4-1166.4,-0.021292881,-0.811520877,-0.214530854,18,17
DG3_W_1,6079,Male,4,Front,19,60,21,trapped,1,0,0,0,0,0,1,0,0,0,Not helped,Full_trial,20,20.10.20,Batch2_B,10.46666667,1166.4-1226.4,-0.021292881,-0.811520877,-0.214530854,19,18
DG3_W_10,6073,Female,7,Side,1,60,21,free,6,2,1,1,0,1,1,2,0,2,Helped,Full_trial,1.878833333,22.10.20,Batch2_B,9.633333333,87-147,1.527975206,-1.326176475,0.858123417,1,0
DG3_W_2,6079,Male,1,Front,1,60,3,trapped,7,12,1,1,1,1,1,10,2,4,Helped,Full_trial,2.816166667,19.10.20,Batch2_B,13.8,76.64-136.64,1.737746807,1.247101506,-1.287185126,1,0
DG3_W_2,6079,Male,1,Front,2,60,3,free,3,13,1,1,1,1,1,9,4,1,Helped,Full_trial,2.816166667,19.10.20,Batch2_B,13.8,136.64-196.64,0.761150017,1.247101506,-1.287185126,2,1
DG3_W_4,6079,Female,3,Side,1,60,4,trapped,6,5,1,1,1,1,1,3,2,2,Helped,Full_trial,3.738166667,20.10.20,Batch2_B,9.6,67.12-127.12,1.527975206,-1.346762699,-0.572082278,1,0
DG3_W_4,6079,Female,3,Side,2,60,4,trapped,3,5,1,1,1,1,1,4,1,4,Helped,Full_trial,3.738166667,20.10.20,Batch2_B,9.6,127.12-187.12,0.761150017,-1.346762699,-0.572082278,2,1
DG3_W_4,6079,Female,3,Side,3,60,4,free,3,8,1,1,1,1,1,7,1,2,Helped,Full_trial,3.738166667,20.10.20,Batch2_B,9.6,187.12-247.12,0.761150017,-1.346762699,-0.572082278,3,2
DG3_W_6,6073,Male,10,Front,1,60,3,trapped,2,1,1,0,1,0,1,0,1,0,Helped,Full_trial,3.0355,23.10.20,Batch2_B,13.33333333,92.84-152.84,0.421433849,0.95889437,1.930777689,1,0
DG3_W_6,6073,Male,10,Front,2,60,3,trapped,3,1,1,1,0,1,1,1,0,1,Helped,Full_trial,3.0355,23.10.20,Batch2_B,13.33333333,152.84-212.84,0.761150017,0.95889437,1.930777689,2,1
DG3_W_7,6073,Male,2,Side,1,60,2,trapped,0,2,1,0,1,1,0,0,2,1,Helped,Full_trial,2.040833333,19.10.20,Batch2_B,14.46666667,95.8-155.8,-1.090129755,1.658825985,-0.929633702,1,0
DG3_W_8,6073,Male,8,Front,1,60,3,trapped,10,2,1,0,1,1,1,0,2,6,Helped,Full_trial,2.398833333,22.10.20,Batch2_B,10.33333333,57.68-117.68,2.289829216,-0.893865776,1.215674841,1,0
DG3_W_8,6073,Male,8,Front,2,60,3,free,2,0,0,0,0,1,1,0,0,1,Helped,Full_trial,2.398833333,22.10.20,Batch2_B,10.33333333,117.68-177.68,0.421433849,-0.893865776,1.215674841,2,1
DG3_W_9,6073,Female,5,Front,1,60,2,free,4,3,1,1,1,1,1,2,1,3,Helped,Full_trial,1.526166667,21.10.20,Batch2_B,14.61666667,56.28-116.28,1.047543994,1.751463993,0.14302057,1,0
DG4_F_1,6099,Male,8,Side,1,60,3,trapped,9,1,1,0,1,1,1,0,1,3,Helped,Full_trial,2.318666667,03.12.20,Batch3_A,10.31666667,38-98,2.116380869,-0.904158884,1.215674841,1,0
DG4_F_1,6099,Male,8,Side,2,60,3,free,4,0,0,0,0,1,1,0,0,3,Helped,Full_trial,2.318666667,03.12.20,Batch3_A,10.31666667,98-158,1.047543994,-0.904158884,1.215674841,2,1
DG4_F_10,6188,Female,9,Side,1,60,3,trapped,4,3,1,1,1,1,1,1,2,1,Helped,Full_trial,3.100666667,04.12.20,Batch3_A,13.05,95.32-155.32,1.047543994,0.78391147,1.573226265,1,0
DG4_F_10,6188,Female,9,Side,2,60,3,trapped,2,10,1,1,1,0,1,4,6,0,Helped,Full_trial,3.100666667,04.12.20,Batch3_A,13.05,155.32-215.32,0.421433849,0.78391147,1.573226265,2,1
DG4_F_2,6099,Male,10,Front,1,60,3,trapped,7,1,1,0,1,1,1,0,1,2,Helped,Full_trial,2.263333333,04.12.20,Batch3_A,13.86666667,27.24-87.24,1.737746807,1.288273956,1.930777689,1,0
DG4_F_2,6099,Male,10,Front,2,60,3,free,2,2,1,0,1,0,1,0,2,0,Helped,Full_trial,2.263333333,04.12.20,Batch3_A,13.86666667,87.24-147.24,0.421433849,1.288273956,1.930777689,2,1
DG4_F_3,6099,Male,1,Side,1,60,2,free,6,1,1,0,1,1,1,0,1,3,Helped,Full_trial,1.852,30.11.20,Batch3_A,12.6,53.84-113.84,1.527975206,0.505997448,-1.287185126,1,0
DG4_F_4,6099,Female,3,Front,1,60,6,trapped,5,2,1,0,1,1,1,0,2,1,Helped,Full_trial,6.22,01.12.20,Batch3_A,8.983333333,117.72-177.72,1.299862154,-1.72760784,-0.572082278,1,0
DG4_F_4,6099,Female,3,Front,2,60,6,trapped,2,0,0,0,0,0,1,0,0,0,Helped,Full_trial,6.22,01.12.20,Batch3_A,8.983333333,177.72-237.72,0.421433849,-1.72760784,-0.572082278,2,1
DG4_F_4,6099,Female,3,Front,3,60,6,trapped,1,0,0,0,0,0,1,0,0,0,Helped,Full_trial,6.22,01.12.20,Batch3_A,8.983333333,237.72-297.72,-0.021292881,-1.72760784,-0.572082278,3,2
DG4_F_4,6099,Female,3,Front,4,60,6,trapped,0,0,0,0,0,0,0,0,0,0,Helped,Full_trial,6.22,01.12.20,Batch3_A,8.983333333,297.72-357.72,-1.090129755,-1.72760784,-0.572082278,4,3
DG4_F_4,6099,Female,3,Front,5,60,6,trapped,0,0,0,0,0,0,0,0,0,0,Helped,Full_trial,6.22,01.12.20,Batch3_A,8.983333333,357.72-417.72,-1.090129755,-1.72760784,-0.572082278,5,4
DG4_F_5,6099,Female,7,Front,1,60,5,trapped,7,1,1,1,0,1,1,1,0,5,Helped,Full_trial,4.809333333,03.12.20,Batch3_A,9.616666667,86.92-146.92,1.737746807,-1.336469587,0.858123417,1,0
DG4_F_5,6099,Female,7,Front,2,60,5,trapped,2,1,1,0,1,1,1,0,1,3,Helped,Full_trial,4.809333333,03.12.20,Batch3_A,9.616666667,146.92-206.92,0.421433849,-1.336469587,0.858123417,2,1
DG4_F_5,6099,Female,7,Front,3,60,5,trapped,3,4,1,1,0,0,1,4,0,0,Helped,Full_trial,4.809333333,03.12.20,Batch3_A,9.616666667,206.92-266.92,0.761150017,-1.336469587,0.858123417,3,2
DG4_F_5,6099,Female,7,Front,4,60,5,free,3,5,1,1,0,0,1,5,0,0,Helped,Full_trial,4.809333333,03.12.20,Batch3_A,9.616666667,266.92-326.92,0.761150017,-1.336469587,0.858123417,4,3
DG4_F_7,6188,Male,5,Side,1,60,2,free,6,0,0,0,0,1,1,0,0,3,Helped,Full_trial,1.641333333,02.12.20,Batch3_A,13.71666667,58-118,1.527975206,1.195635949,0.14302057,1,0
DG4_F_8,6188,Female,6,Front,1,60,21,trapped,6,7,1,1,1,1,1,1,6,2,Not helped,Full_trial,20,02.12.20,Batch3_A,14.5,62.8-122.8,1.527975206,1.679412207,0.500571993,1,0
DG4_F_8,6188,Female,6,Front,2,60,21,trapped,3,0,0,0,0,1,1,0,0,3,Not helped,Full_trial,20,02.12.20,Batch3_A,14.5,122.8-182.8,0.761150017,1.679412207,0.500571993,2,1
DG4_F_8,6188,Female,6,Front,3,60,21,trapped,3,0,0,0,0,1,1,0,0,1,Not helped,Full_trial,20,02.12.20,Batch3_A,14.5,182.8-242.8,0.761150017,1.679412207,0.500571993,3,2
DG4_F_8,6188,Female,6,Front,4,60,21,trapped,1,0,0,0,0,0,1,0,0,0,Not helped,Full_trial,20,02.12.20,Batch3_A,14.5,242.8-302.8,-0.021292881,1.679412207,0.500571993,4,3
DG4_F_8,6188,Female,6,Front,5,60,21,trapped,0,1,1,1,0,0,0,1,0,0,Not helped,Full_trial,20,02.12.20,Batch3_A,14.5,302.8-362.8,-1.090129755,1.679412207,0.500571993,5,4
DG4_F_8,6188,Female,6,Front,6,60,21,trapped,1,0,0,0,0,0,1,0,0,0,Not helped,Full_trial,20,02.12.20,Batch3_A,14.5,362.8-422.8,-0.021292881,1.679412207,0.500571993,6,5
DG4_F_8,6188,Female,6,Front,7,60,21,trapped,0,0,0,0,0,0,0,0,0,0,Not helped,Full_trial,20,02.12.20,Batch3_A,14.5,422.8-482.8,-1.090129755,1.679412207,0.500571993,7,6
DG4_F_8,6188,Female,6,Front,8,60,21,trapped,0,0,0,0,0,0,0,0,0,0,Not helped,Full_trial,20,02.12.20,Batch3_A,14.5,482.8-542.8,-1.090129755,1.679412207,0.500571993,8,7
DG4_F_8,6188,Female,6,Front,9,60,21,trapped,0,0,0,0,0,0,0,0,0,0,Not helped,Full_trial,20,02.12.20,Batch3_A,14.5,542.8-602.8,-1.090129755,1.679412207,0.500571993,9,8
DG4_F_8,6188,Female,6,Front,10,60,21,trapped,0,0,0,0,0,0,0,0,0,0,Not helped,Full_trial,20,02.12.20,Batch3_A,14.5,602.8-662.8,-1.090129755,1.679412207,0.500571993,10,9
DG4_F_8,6188,Female,6,Front,11,60,21,trapped,0,0,0,0,0,0,0,0,0,0,Not helped,Full_trial,20,02.12.20,Batch3_A,14.5,662.8-722.8,-1.090129755,1.679412207,0.500571993,11,10
DG4_F_8,6188,Female,6,Front,12,60,21,trapped,0,0,0,0,0,0,0,0,0,0,Not helped,Full_trial,20,02.12.20,Batch3_A,14.5,722.8-782.8,-1.090129755,1.679412207,0.500571993,12,11
DG4_F_8,6188,Female,6,Front,13,60,21,trapped,0,0,0,0,0,0,0,0,0,0,Not helped,Full_trial,20,02.12.20,Batch3_A,14.5,782.8-842.8,-1.090129755,1.679412207,0.500571993,13,12
DG4_F_8,6188,Female,6,Front,14,60,21,trapped,0,0,0,0,0,0,0,0,0,0,Not helped,Full_trial,20,02.12.20,Batch3_A,14.5,842.8-902.8,-1.090129755,1.679412207,0.500571993,14,13
DG4_F_8,6188,Female,6,Front,15,60,21,trapped,2,1,1,1,0,1,1,1,0,1,Not helped,Full_trial,20,02.12.20,Batch3_A,14.5,902.8-962.8,0.421433849,1.679412207,0.500571993,15,14
DG4_F_8,6188,Female,6,Front,16,60,21,trapped,1,2,1,1,1,0,1,1,1,0,Not helped,Full_trial,20,02.12.20,Batch3_A,14.5,962.8-1022.8,-0.021292881,1.679412207,0.500571993,16,15
DG4_F_8,6188,Female,6,Front,17,60,21,trapped,1,0,0,0,0,1,1,0,0,2,Not helped,Full_trial,20,02.12.20,Batch3_A,14.5,1022.8-1082.8,-0.021292881,1.679412207,0.500571993,17,16
DG4_F_8,6188,Female,6,Front,18,60,21,trapped,1,0,0,0,0,0,1,0,0,0,Not helped,Full_trial,20,02.12.20,Batch3_A,14.5,1082.8-1142.8,-0.021292881,1.679412207,0.500571993,18,17
DG4_F_8,6188,Female,6,Front,19,60,21,trapped,1,0,0,0,0,1,1,0,0,1,Not helped,Full_trial,20,02.12.20,Batch3_A,14.5,1142.8-1202.8,-0.021292881,1.679412207,0.500571993,19,18
DG4_F_9,6188,Female,2,Front,1,60,21,trapped,2,0,0,0,0,1,1,0,0,2,Not helped,Full_trial,20,30.11.20,Batch3_A,13.36666667,53.6400000000001-113.64,0.421433849,0.979480598,-0.929633702,1,0
DG4_F_9,6188,Female,2,Front,2,60,21,trapped,4,0,0,0,0,1,1,0,0,6,Not helped,Full_trial,20,30.11.20,Batch3_A,13.36666667,113.64-173.64,1.047543994,0.979480598,-0.929633702,2,1
DG4_F_9,6188,Female,2,Front,3,60,21,trapped,4,0,0,0,0,1,1,0,0,2,Not helped,Full_trial,20,30.11.20,Batch3_A,13.36666667,173.64-233.64,1.047543994,0.979480598,-0.929633702,3,2
DG4_F_9,6188,Female,2,Front,4,60,21,trapped,6,0,0,0,0,1,1,0,0,4,Not helped,Full_trial,20,30.11.20,Batch3_A,13.36666667,233.64-293.64,1.527975206,0.979480598,-0.929633702,4,3
DG4_F_9,6188,Female,2,Front,5,60,21,trapped,0,0,0,0,0,1,0,0,0,1,Not helped,Full_trial,20,30.11.20,Batch3_A,13.36666667,293.64-353.64,-1.090129755,0.979480598,-0.929633702,5,4
DG4_F_9,6188,Female,2,Front,6,60,21,trapped,0,0,0,0,0,0,0,0,0,0,Not helped,Full_trial,20,30.11.20,Batch3_A,13.36666667,353.64-413.64,-1.090129755,0.979480598,-0.929633702,6,5
DG4_F_9,6188,Female,2,Front,7,60,21,trapped,0,0,0,0,0,0,0,0,0,0,Not helped,Full_trial,20,30.11.20,Batch3_A,13.36666667,413.64-473.64,-1.090129755,0.979480598,-0.929633702,7,6
DG4_F_9,6188,Female,2,Front,8,60,21,trapped,0,0,0,0,0,0,0,0,0,0,Not helped,Full_trial,20,30.11.20,Batch3_A,13.36666667,473.64-533.64,-1.090129755,0.979480598,-0.929633702,8,7
DG4_F_9,6188,Female,2,Front,9,60,21,trapped,0,0,0,0,0,0,0,0,0,0,Not helped,Full_trial,20,30.11.20,Batch3_A,13.36666667,533.64-593.64,-1.090129755,0.979480598,-0.929633702,9,8
DG4_F_9,6188,Female,2,Front,10,60,21,trapped,0,0,0,0,0,0,0,0,0,0,Not helped,Full_trial,20,30.11.20,Batch3_A,13.36666667,593.64-653.64,-1.090129755,0.979480598,-0.929633702,10,9
DG4_F_9,6188,Female,2,Front,11,60,21,trapped,0,0,0,0,0,0,0,0,0,0,Not helped,Full_trial,20,30.11.20,Batch3_A,13.36666667,653.64-713.64,-1.090129755,0.979480598,-0.929633702,11,10
DG4_F_9,6188,Female,2,Front,12,60,21,trapped,0,0,0,0,0,0,0,0,0,0,Not helped,Full_trial,20,30.11.20,Batch3_A,13.36666667,713.64-773.64,-1.090129755,0.979480598,-0.929633702,12,11
DG4_F_9,6188,Female,2,Front,13,60,21,trapped,0,0,0,0,0,0,0,0,0,0,Not helped,Full_trial,20,30.11.20,Batch3_A,13.36666667,773.64-833.64,-1.090129755,0.979480598,-0.929633702,13,12
DG4_F_9,6188,Female,2,Front,14,60,21,trapped,0,0,0,0,0,0,0,0,0,0,Not helped,Full_trial,20,30.11.20,Batch3_A,13.36666667,833.64-893.64,-1.090129755,0.979480598,-0.929633702,14,13
DG4_F_9,6188,Female,2,Front,15,60,21,trapped,0,0,0,0,0,0,0,0,0,0,Not helped,Full_trial,20,30.11.20,Batch3_A,13.36666667,893.64-953.64,-1.090129755,0.979480598,-0.929633702,15,14
DG4_F_9,6188,Female,2,Front,16,60,21,trapped,0,0,0,0,0,0,0,0,0,0,Not helped,Full_trial,20,30.11.20,Batch3_A,13.36666667,953.64-1013.64,-1.090129755,0.979480598,-0.929633702,16,15
DG4_F_9,6188,Female,2,Front,17,60,21,trapped,0,0,0,0,0,0,0,0,0,0,Not helped,Full_trial,20,30.11.20,Batch3_A,13.36666667,1013.64-1073.64,-1.090129755,0.979480598,-0.929633702,17,16
DG4_F_9,6188,Female,2,Front,18,60,21,trapped,0,0,0,0,0,0,0,0,0,0,Not helped,Full_trial,20,30.11.20,Batch3_A,13.36666667,1073.64-1133.64,-1.090129755,0.979480598,-0.929633702,18,17
DG4_F_9,6188,Female,2,Front,19,60,21,trapped,0,0,0,0,0,0,0,0,0,0,Not helped,Full_trial,20,30.11.20,Batch3_A,13.36666667,1133.64-1193.64,-1.090129755,0.979480598,-0.929633702,19,18
DG4_W_1,6197,Male,6,Front,1,60,2,trapped,10,0,0,0,0,1,1,0,0,5,Helped,Full_trial,7.586,02.12.20,Batch3_B,10.98333333,62.08-122.08,2.289829216,-0.492434411,0.500571993,1,0
DG4_W_1,6197,Male,6,Front,2,60,8,trapped,7,0,0,0,0,1,1,0,0,2,Helped,Full_trial,7.586,02.12.20,Batch3_B,10.98333333,122.08-182.08,1.737746807,-0.492434411,0.500571993,2,1
DG4_W_1,6197,Male,6,Front,3,60,8,trapped,4,3,1,1,0,1,1,3,0,2,Helped,Full_trial,7.586,02.12.20,Batch3_B,10.98333333,182.08-242.08,1.047543994,-0.492434411,0.500571993,3,2
DG4_W_1,6197,Male,6,Front,4,60,8,trapped,4,2,1,1,0,0,1,2,0,0,Helped,Full_trial,7.586,02.12.20,Batch3_B,10.98333333,242.08-302.08,1.047543994,-0.492434411,0.500571993,4,3
DG4_W_1,6197,Male,6,Front,5,60,8,trapped,1,5,1,1,1,0,1,1,4,0,Helped,Full_trial,7.586,02.12.20,Batch3_B,10.98333333,302.08-362.08,-0.021292881,-0.492434411,0.500571993,5,4
DG4_W_1,6197,Male,6,Front,6,60,8,trapped,1,1,1,0,1,1,1,0,1,1,Helped,Full_trial,7.586,02.12.20,Batch3_B,10.98333333,362.08-422.08,-0.021292881,-0.492434411,0.500571993,6,5
DG4_W_1,6197,Male,6,Front,7,60,8,free,2,0,0,0,0,1,1,0,0,1,Helped,Full_trial,7.586,02.12.20,Batch3_B,10.98333333,422.08-482.08,0.421433849,-0.492434411,0.500571993,7,6
DG4_W_10,6310,Female,1,Side,1,60,8,trapped,3,1,1,0,1,1,1,0,1,2,Helped,Full_trial,2.146666667,30.11.20,Batch3_B,9.75,93.92-153.92,0.761150017,-1.254124691,-1.287185126,1,0
DG4_W_2,6197,Male,8,Side,1,60,2,trapped,2,0,0,0,0,0,1,0,0,0,Helped,Full_trial,2.118666667,03.12.20,Batch3_B,13.58333333,86.76-146.76,0.421433849,1.113291049,1.215674841,1,0
DG4_W_3,6197,Male,9,Side,1,60,3,trapped,2,1,1,0,1,1,1,0,1,2,Helped,Full_trial,2.444666667,04.12.20,Batch3_B,9.85,47.84-107.84,0.421433849,-1.19236602,1.573226265,1,0
DG4_W_3,6197,Male,9,Side,2,60,3,free,3,4,1,1,1,1,1,2,2,2,Helped,Full_trial,2.444666667,04.12.20,Batch3_B,9.85,107.84-167.84,0.761150017,-1.19236602,1.573226265,2,1
DG4_W_4,6197,Female,5,Side,1,60,4,trapped,6,3,1,1,0,1,1,3,0,3,Helped,Full_trial,3.98,02.12.20,Batch3_B,10.1,75.32-135.32,1.527975206,-1.037969341,0.14302057,1,0
DG4_W_4,6197,Female,5,Side,2,60,4,trapped,3,2,1,0,1,1,1,0,2,3,Helped,Full_trial,3.98,02.12.20,Batch3_B,10.1,135.32-195.32,0.761150017,-1.037969341,0.14302057,2,1
DG4_W_4,6197,Female,5,Side,3,60,4,free,3,1,1,1,0,1,1,1,0,3,Helped,Full_trial,3.98,02.12.20,Batch3_B,10.1,195.32-255.32,0.761150017,-1.037969341,0.14302057,3,2
DG4_W_5,6197,Female,3,Front,1,60,12,trapped,7,3,1,0,1,1,1,0,3,2,Helped,Full_trial,11.45333333,01.12.20,Batch3_B,12.7,76.04-136.04,1.737746807,0.567756119,-0.572082278,1,0
DG4_W_5,6197,Female,3,Front,2,60,12,trapped,5,3,1,1,1,1,1,2,1,2,Helped,Full_trial,11.45333333,01.12.20,Batch3_B,12.7,136.04-196.04,1.299862154,0.567756119,-0.572082278,2,1
DG4_W_5,6197,Female,3,Front,3,60,12,trapped,2,3,1,1,1,1,1,2,1,2,Helped,Full_trial,11.45333333,01.12.20,Batch3_B,12.7,196.04-256.04,0.421433849,0.567756119,-0.572082278,3,2
DG4_W_5,6197,Female,3,Front,4,60,12,trapped,4,1,1,0,1,1,1,0,1,1,Helped,Full_trial,11.45333333,01.12.20,Batch3_B,12.7,256.04-316.04,1.047543994,0.567756119,-0.572082278,4,3
DG4_W_5,6197,Female,3,Front,5,60,12,trapped,1,2,1,1,0,0,1,2,0,0,Helped,Full_trial,11.45333333,01.12.20,Batch3_B,12.7,316.04-376.04,-0.021292881,0.567756119,-0.572082278,5,4
DG4_W_5,6197,Female,3,Front,6,60,12,trapped,2,0,0,0,0,0,1,0,0,0,Helped,Full_trial,11.45333333,01.12.20,Batch3_B,12.7,376.04-436.04,0.421433849,0.567756119,-0.572082278,6,5
DG4_W_5,6197,Female,3,Front,7,60,12,trapped,2,0,0,0,0,0,1,0,0,0,Helped,Full_trial,11.45333333,01.12.20,Batch3_B,12.7,436.04-496.04,0.421433849,0.567756119,-0.572082278,7,6
DG4_W_5,6197,Female,3,Front,8,60,12,trapped,1,0,0,0,0,0,1,0,0,0,Helped,Full_trial,11.45333333,01.12.20,Batch3_B,12.7,496.04-556.04,-0.021292881,0.567756119,-0.572082278,8,7
DG4_W_5,6197,Female,3,Front,9,60,12,trapped,2,0,0,0,0,0,1,0,0,0,Helped,Full_trial,11.45333333,01.12.20,Batch3_B,12.7,556.04-616.04,0.421433849,0.567756119,-0.572082278,9,8
DG4_W_5,6197,Female,3,Front,10,60,12,trapped,1,0,0,0,0,0,1,0,0,0,Helped,Full_trial,11.45333333,01.12.20,Batch3_B,12.7,616.04-676.04,-0.021292881,0.567756119,-0.572082278,10,9
DG4_W_5,6197,Female,3,Front,11,60,12,free,1,0,0,0,0,0,1,0,0,0,Helped,Full_trial,11.45333333,01.12.20,Batch3_B,12.7,676.04-736.04,-0.021292881,0.567756119,-0.572082278,11,10
DG4_W_6,6310,Male,2,Front,1,60,3,trapped,4,0,0,0,0,1,1,0,0,2,Helped,Full_trial,2.849333333,30.11.20,Batch3_B,10.51666667,53.52-113.52,1.047543994,-0.780641541,-0.929633702,1,0
DG4_W_6,6310,Male,2,Front,2,60,3,free,4,2,1,0,1,1,1,0,2,1,Helped,Full_trial,2.849333333,30.11.20,Batch3_B,10.51666667,113.52-173.52,1.047543994,-0.780641541,-0.929633702,2,1
DG4_W_8,6310,Female,10,Front,1,60,17,trapped,4,2,1,1,1,1,1,1,1,2,Helped,Full_trial,16.966,04.12.20,Batch3_B,10.91666667,86.4400000000001-146.44,1.047543994,-0.533606855,1.930777689,1,0
DG4_W_8,6310,Female,10,Front,2,60,17,trapped,2,2,1,1,1,1,1,1,1,1,Helped,Full_trial,16.966,04.12.20,Batch3_B,10.91666667,146.44-206.44,0.421433849,-0.533606855,1.930777689,2,1
DG4_W_8,6310,Female,10,Front,3,60,17,trapped,3,0,0,0,0,1,1,0,0,1,Helped,Full_trial,16.966,04.12.20,Batch3_B,10.91666667,206.44-266.44,0.761150017,-0.533606855,1.930777689,3,2
DG4_W_8,6310,Female,10,Front,4,60,17,trapped,3,0,0,0,0,1,1,0,0,1,Helped,Full_trial,16.966,04.12.20,Batch3_B,10.91666667,266.44-326.44,0.761150017,-0.533606855,1.930777689,4,3
DG4_W_8,6310,Female,10,Front,5,60,17,trapped,3,0,0,0,0,0,1,0,0,0,Helped,Full_trial,16.966,04.12.20,Batch3_B,10.91666667,326.44-386.44,0.761150017,-0.533606855,1.930777689,5,4
DG4_W_8,6310,Female,10,Front,6,60,17,trapped,2,0,0,0,0,0,1,0,0,0,Helped,Full_trial,16.966,04.12.20,Batch3_B,10.91666667,386.44-446.44,0.421433849,-0.533606855,1.930777689,6,5
DG4_W_8,6310,Female,10,Front,7,60,17,trapped,0,0,0,0,0,0,0,0,0,0,Helped,Full_trial,16.966,04.12.20,Batch3_B,10.91666667,446.44-506.44,-1.090129755,-0.533606855,1.930777689,7,6
DG4_W_8,6310,Female,10,Front,8,60,17,trapped,2,0,0,0,0,0,1,0,0,0,Helped,Full_trial,16.966,04.12.20,Batch3_B,10.91666667,506.44-566.44,0.421433849,-0.533606855,1.930777689,8,7
DG4_W_8,6310,Female,10,Front,9,60,17,trapped,0,0,0,0,0,0,0,0,0,0,Helped,Full_trial,16.966,04.12.20,Batch3_B,10.91666667,566.44-626.44,-1.090129755,-0.533606855,1.930777689,9,8
DG4_W_8,6310,Female,10,Front,10,60,17,trapped,0,0,0,0,0,0,0,0,0,0,Helped,Full_trial,16.966,04.12.20,Batch3_B,10.91666667,626.44-686.44,-1.090129755,-0.533606855,1.930777689,10,9
DG4_W_8,6310,Female,10,Front,11,60,17,trapped,0,0,0,0,0,0,0,0,0,0,Helped,Full_trial,16.966,04.12.20,Batch3_B,10.91666667,686.44-746.44,-1.090129755,-0.533606855,1.930777689,11,10
DG4_W_8,6310,Female,10,Front,12,60,17,trapped,0,0,0,0,0,0,0,0,0,0,Helped,Full_trial,16.966,04.12.20,Batch3_B,10.91666667,746.44-806.44,-1.090129755,-0.533606855,1.930777689,12,11
DG4_W_8,6310,Female,10,Front,13,60,17,trapped,0,0,0,0,0,0,0,0,0,0,Helped,Full_trial,16.966,04.12.20,Batch3_B,10.91666667,806.44-866.44,-1.090129755,-0.533606855,1.930777689,13,12
DG4_W_8,6310,Female,10,Front,14,60,17,trapped,0,0,0,0,0,0,0,0,0,0,Helped,Full_trial,16.966,04.12.20,Batch3_B,10.91666667,866.44-926.44,-1.090129755,-0.533606855,1.930777689,14,13
DG4_W_8,6310,Female,10,Front,15,60,17,trapped,0,0,0,0,0,0,0,0,0,0,Helped,Full_trial,16.966,04.12.20,Batch3_B,10.91666667,926.44-986.44,-1.090129755,-0.533606855,1.930777689,15,14
DG4_W_8,6310,Female,10,Front,16,60,17,free,0,0,0,0,0,0,0,0,0,0,Helped,Full_trial,16.966,04.12.20,Batch3_B,10.91666667,986.44-1046.44,-1.090129755,-0.533606855,1.930777689,16,15
DG4_W_9,6310,Female,4,Side,1,60,2,free,2,0,0,0,0,0,1,0,0,0,Helped,Full_trial,1.982666667,01.12.20,Batch3_B,14.23333333,76.8-136.8,0.421433849,1.514722414,-0.214530854,1,0
DG5_F_1,6421,Male,5,Front,1,60,7,trapped,2,1,1,0,1,0,1,0,1,0,Not helped,Full_trial,20,03.02.21,Batch4_A,10.06666667,71.48-131.48,0.421433849,-1.058555563,0.14302057,1,0
DG5_F_1,6421,Male,5,Front,2,60,7,trapped,3,2,1,0,1,1,1,0,2,2,Not helped,Full_trial,20,03.02.21,Batch4_A,10.06666667,131.48-191.48,0.761150017,-1.058555563,0.14302057,2,1
DG5_F_1,6421,Male,5,Front,3,60,7,trapped,1,5,1,0,1,0,1,0,5,0,Not helped,Full_trial,20,03.02.21,Batch4_A,10.06666667,191.48-251.48,-0.021292881,-1.058555563,0.14302057,3,2
DG5_F_1,6421,Male,5,Front,4,60,7,trapped,1,1,1,0,1,1,1,0,1,1,Not helped,Full_trial,20,03.02.21,Batch4_A,10.06666667,251.48-311.48,-0.021292881,-1.058555563,0.14302057,4,3
DG5_F_1,6421,Male,5,Front,5,60,7,trapped,1,1,1,0,1,0,1,0,1,0,Not helped,Full_trial,20,03.02.21,Batch4_A,10.06666667,311.48-371.48,-0.021292881,-1.058555563,0.14302057,5,4
DG5_F_1,6421,Male,5,Front,6,60,7,trapped,0,0,0,0,0,0,0,0,0,0,Not helped,Full_trial,20,03.02.21,Batch4_A,10.06666667,371.48-431.48,-1.090129755,-1.058555563,0.14302057,6,5
DG5_F_1,6421,Male,5,Front,7,60,20,trapped,0,0,0,0,0,0,0,0,0,0,Not helped,Full_trial,20,03.02.21,Batch4_A,10.06666667,431.48-491.48,-1.090129755,-1.058555563,0.14302057,7,6
DG5_F_1,6421,Male,5,Front,8,60,20,trapped,0,0,0,0,0,0,0,0,0,0,Not helped,Full_trial,20,03.02.21,Batch4_A,10.06666667,491.48-551.48,-1.090129755,-1.058555563,0.14302057,8,7
DG5_F_1,6421,Male,5,Front,9,60,20,trapped,0,0,0,0,0,0,0,0,0,0,Not helped,Full_trial,20,03.02.21,Batch4_A,10.06666667,551.48-611.48,-1.090129755,-1.058555563,0.14302057,9,8
DG5_F_1,6421,Male,5,Front,10,60,20,trapped,0,0,0,0,0,0,0,0,0,0,Not helped,Full_trial,20,03.02.21,Batch4_A,10.06666667,611.48-671.48,-1.090129755,-1.058555563,0.14302057,10,9
DG5_F_1,6421,Male,5,Front,11,60,20,trapped,0,0,0,0,0,0,0,0,0,0,Not helped,Full_trial,20,03.02.21,Batch4_A,10.06666667,671.48-731.48,-1.090129755,-1.058555563,0.14302057,11,10
DG5_F_1,6421,Male,5,Front,12,60,20,trapped,0,0,0,0,0,0,0,0,0,0,Not helped,Full_trial,20,03.02.21,Batch4_A,10.06666667,731.48-791.48,-1.090129755,-1.058555563,0.14302057,12,11
DG5_F_1,6421,Male,5,Front,13,60,20,trapped,0,0,0,0,0,0,0,0,0,0,Not helped,Full_trial,20,03.02.21,Batch4_A,10.06666667,791.48-851.48,-1.090129755,-1.058555563,0.14302057,13,12
DG5_F_1,6421,Male,5,Front,14,60,20,trapped,0,0,0,0,0,0,0,0,0,0,Not helped,Full_trial,20,03.02.21,Batch4_A,10.06666667,851.48-911.48,-1.090129755,-1.058555563,0.14302057,14,13
DG5_F_1,6421,Male,5,Front,15,60,20,trapped,0,0,0,0,0,0,0,0,0,0,Not helped,Full_trial,20,03.02.21,Batch4_A,10.06666667,911.48-971.48,-1.090129755,-1.058555563,0.14302057,15,14
DG5_F_1,6421,Male,5,Front,16,60,20,trapped,0,0,0,0,0,0,0,0,0,0,Not helped,Full_trial,20,03.02.21,Batch4_A,10.06666667,971.48-1031.48,-1.090129755,-1.058555563,0.14302057,16,15
DG5_F_1,6421,Male,5,Front,17,60,20,trapped,0,0,0,0,0,0,0,0,0,0,Not helped,Full_trial,20,03.02.21,Batch4_A,10.06666667,1031.48-1091.48,-1.090129755,-1.058555563,0.14302057,17,16
DG5_F_1,6421,Male,5,Front,18,60,20,trapped,0,0,0,0,0,0,0,0,0,0,Not helped,Full_trial,20,03.02.21,Batch4_A,10.06666667,1091.48-1151.48,-1.090129755,-1.058555563,0.14302057,18,17
DG5_F_1,6421,Male,5,Front,19,60,20,trapped,0,0,0,0,0,0,0,0,0,0,Not helped,Full_trial,20,03.02.21,Batch4_A,10.06666667,1151.48-1211.48,-1.090129755,-1.058555563,0.14302057,19,18
DG5_F_10,6407,Female,2,Front,1,60,20,trapped,5,2,1,0,1,1,1,0,2,1,Helped,Full_trial,6.76,01.02.21,Batch4_A,10.66666667,76.2-136.2,1.299862154,-0.688003533,-0.929633702,1,0
DG5_F_10,6407,Female,2,Front,2,60,20,trapped,2,0,0,0,0,1,1,0,0,2,Helped,Full_trial,6.76,01.02.21,Batch4_A,10.66666667,136.2-196.2,0.421433849,-0.688003533,-0.929633702,2,1
DG5_F_10,6407,Female,2,Front,3,60,20,trapped,3,0,0,0,0,1,1,0,0,1,Helped,Full_trial,6.76,01.02.21,Batch4_A,10.66666667,196.2-256.2,0.761150017,-0.688003533,-0.929633702,3,2
DG5_F_10,6407,Female,2,Front,4,60,20,trapped,3,0,0,0,0,1,1,0,0,3,Helped,Full_trial,6.76,01.02.21,Batch4_A,10.66666667,256.2-316.2,0.761150017,-0.688003533,-0.929633702,4,3
DG5_F_10,6407,Female,2,Front,5,60,20,trapped,3,0,0,0,0,1,1,0,0,1,Helped,Full_trial,6.76,01.02.21,Batch4_A,10.66666667,316.2-376.2,0.761150017,-0.688003533,-0.929633702,5,4
DG5_F_10,6407,Female,2,Front,6,60,20,free,1,0,0,0,0,0,1,0,0,0,Helped,Full_trial,6.76,01.02.21,Batch4_A,10.66666667,376.2-436.2,-0.021292881,-0.688003533,-0.929633702,6,5
DG5_F_2,6421,Male,6,Side,1,60,3,trapped,3,0,0,0,0,1,1,0,0,1,Helped,Full_trial,2.772666667,03.02.21,Batch4_A,11.3,161.96-221.96,0.761150017,-0.296865282,0.500571993,1,0
DG5_F_2,6421,Male,6,Side,2,60,3,free,3,6,1,1,1,0,1,5,1,0,Helped,Full_trial,2.772666667,03.02.21,Batch4_A,11.3,221.96-281.96,0.761150017,-0.296865282,0.500571993,2,1
DG5_F_3,6421,Female,3,Front,1,60,2,free,6,3,1,0,1,1,1,0,3,1,Helped,Full_trial,1.737333333,02.02.21,Batch4_A,11.96666667,15.6-75.6,1.527975206,0.114859197,-0.572082278,1,0
DG5_F_4,6421,Female,4,Side,1,60,5,trapped,4,2,1,1,0,0,1,2,0,0,Helped,Full_trial,4.880666667,02.02.21,Batch4_A,12.68333333,142.96-202.96,1.047543994,0.557463005,-0.214530854,1,0
DG5_F_4,6421,Female,4,Side,2,60,5,trapped,2,2,1,1,1,1,1,1,1,1,Helped,Full_trial,4.880666667,02.02.21,Batch4_A,12.68333333,202.96-262.96,0.421433849,0.557463005,-0.214530854,2,1
DG5_F_4,6421,Female,4,Side,3,60,5,trapped,2,0,0,0,0,1,1,0,0,1,Helped,Full_trial,4.880666667,02.02.21,Batch4_A,12.68333333,262.96-322.96,0.421433849,0.557463005,-0.214530854,3,2
DG5_F_4,6421,Female,4,Side,4,60,5,free,1,0,0,0,0,1,1,0,0,1,Helped,Full_trial,4.880666667,02.02.21,Batch4_A,12.68333333,322.96-382.96,-0.021292881,0.557463005,-0.214530854,4,3
DG5_F_5,6421,Female,8,Front,1,60,3,trapped,2,0,0,0,0,1,1,0,0,1,Helped,Full_trial,2.399333333,04.02.21,Batch4_A,12.21666667,40.28-100.28,0.421433849,0.269255876,1.215674841,1,0
DG5_F_5,6421,Female,8,Front,2,60,3,free,3,1,1,1,0,0,1,1,0,0,Helped,Full_trial,2.399333333,04.02.21,Batch4_A,12.21666667,100.28-160.28,0.761150017,0.269255876,1.215674841,2,1
DG5_F_6,6407,Male,10,Side,1,60,21,trapped,8,2,1,1,1,1,1,1,1,1,Not helped,Full_trial,20,05.02.21,Batch4_A,10.45,35.96-95.96,1.932997453,-0.821813991,1.930777689,1,0
DG5_F_6,6407,Male,10,Side,2,60,21,trapped,3,1,1,1,0,1,1,1,0,3,Not helped,Full_trial,20,05.02.21,Batch4_A,10.45,95.96-155.96,0.761150017,-0.821813991,1.930777689,2,1
DG5_F_6,6407,Male,10,Side,3,60,21,trapped,4,1,1,1,0,1,1,1,0,1,Not helped,Full_trial,20,05.02.21,Batch4_A,10.45,155.96-215.96,1.047543994,-0.821813991,1.930777689,3,2
DG5_F_6,6407,Male,10,Side,4,60,21,trapped,4,3,1,1,1,1,1,2,1,1,Not helped,Full_trial,20,05.02.21,Batch4_A,10.45,215.96-275.96,1.047543994,-0.821813991,1.930777689,4,3
DG5_F_6,6407,Male,10,Side,5,60,21,trapped,1,1,1,1,0,1,1,1,0,1,Not helped,Full_trial,20,05.02.21,Batch4_A,10.45,275.96-335.96,-0.021292881,-0.821813991,1.930777689,5,4
DG5_F_6,6407,Male,10,Side,6,60,21,trapped,1,0,0,0,0,0,1,0,0,0,Not helped,Full_trial,20,05.02.21,Batch4_A,10.45,335.96-395.96,-0.021292881,-0.821813991,1.930777689,6,5
DG5_F_6,6407,Male,10,Side,7,60,21,trapped,2,0,0,0,0,0,1,0,0,0,Not helped,Full_trial,20,05.02.21,Batch4_A,10.45,395.96-455.96,0.421433849,-0.821813991,1.930777689,7,6
DG5_F_6,6407,Male,10,Side,8,60,21,trapped,1,0,0,0,0,0,1,0,0,0,Not helped,Full_trial,20,05.02.21,Batch4_A,10.45,455.96-515.96,-0.021292881,-0.821813991,1.930777689,8,7
DG5_F_6,6407,Male,10,Side,9,60,21,trapped,2,0,0,0,0,0,1,0,0,0,Not helped,Full_trial,20,05.02.21,Batch4_A,10.45,515.96-575.96,0.421433849,-0.821813991,1.930777689,9,8
DG5_F_6,6407,Male,10,Side,10,60,21,trapped,1,0,0,0,0,1,1,0,0,1,Not helped,Full_trial,20,05.02.21,Batch4_A,10.45,575.96-635.96,-0.021292881,-0.821813991,1.930777689,10,9
DG5_F_6,6407,Male,10,Side,11,60,21,trapped,1,1,1,1,0,1,1,1,0,1,Not helped,Full_trial,20,05.02.21,Batch4_A,10.45,635.96-695.96,-0.021292881,-0.821813991,1.930777689,11,10
DG5_F_6,6407,Male,10,Side,12,60,21,trapped,0,0,0,0,0,1,0,0,0,1,Not helped,Full_trial,20,05.02.21,Batch4_A,10.45,695.96-755.96,-1.090129755,-0.821813991,1.930777689,12,11
DG5_F_6,6407,Male,10,Side,13,60,21,trapped,2,0,0,0,0,0,1,0,0,0,Not helped,Full_trial,20,05.02.21,Batch4_A,10.45,755.96-815.96,0.421433849,-0.821813991,1.930777689,13,12
DG5_F_6,6407,Male,10,Side,14,60,21,trapped,0,0,0,0,0,0,0,0,0,0,Not helped,Full_trial,20,05.02.21,Batch4_A,10.45,815.96-875.96,-1.090129755,-0.821813991,1.930777689,14,13
DG5_F_6,6407,Male,10,Side,15,60,21,trapped,0,0,0,0,0,0,0,0,0,0,Not helped,Full_trial,20,05.02.21,Batch4_A,10.45,875.96-935.96,-1.090129755,-0.821813991,1.930777689,15,14
DG5_F_6,6407,Male,10,Side,16,60,21,trapped,0,0,0,0,0,0,0,0,0,0,Not helped,Full_trial,20,05.02.21,Batch4_A,10.45,935.96-995.96,-1.090129755,-0.821813991,1.930777689,16,15
DG5_F_6,6407,Male,10,Side,17,60,21,trapped,0,0,0,0,0,0,0,0,0,0,Not helped,Full_trial,20,05.02.21,Batch4_A,10.45,995.96-1055.96,-1.090129755,-0.821813991,1.930777689,17,16
DG5_F_6,6407,Male,10,Side,18,60,21,trapped,0,0,0,0,0,0,0,0,0,0,Not helped,Full_trial,20,05.02.21,Batch4_A,10.45,1055.96-1115.96,-1.090129755,-0.821813991,1.930777689,18,17
DG5_F_6,6407,Male,10,Side,19,60,21,trapped,0,0,0,0,0,0,0,0,0,0,Not helped,Full_trial,20,05.02.21,Batch4_A,10.45,1115.96-1175.96,-1.090129755,-0.821813991,1.930777689,19,18
DG5_F_8,6407,Male,1,Side,1,60,5,trapped,5,2,1,0,1,1,1,0,2,2,Helped,Full_trial,4.610666667,01.02.21,Batch4_A,9.7,56.92-116.92,1.299862154,-1.285004027,-1.287185126,1,0
DG5_F_8,6407,Male,1,Side,2,60,5,trapped,3,3,1,0,1,0,1,0,3,0,Helped,Full_trial,4.610666667,01.02.21,Batch4_A,9.7,116.92-176.92,0.761150017,-1.285004027,-1.287185126,2,1
DG5_F_8,6407,Male,1,Side,3,60,5,trapped,5,1,1,0,1,0,1,0,1,0,Helped,Full_trial,4.610666667,01.02.21,Batch4_A,9.7,176.92-236.92,1.299862154,-1.285004027,-1.287185126,3,2
DG5_F_8,6407,Male,1,Side,4,60,5,free,3,2,1,1,0,0,1,2,0,0,Helped,Full_trial,4.610666667,01.02.21,Batch4_A,9.7,236.92-296.92,0.761150017,-1.285004027,-1.287185126,4,3
DG5_F_9,6407,Female,7,Side,1,60,7,trapped,3,3,1,1,1,1,1,2,1,1,Helped,Full_trial,6.420666667,04.02.21,Batch4_A,11.53333333,53.72-113.72,0.761150017,-0.152761717,0.858123417,1,0
DG5_F_9,6407,Female,7,Side,2,60,7,trapped,1,2,1,1,1,0,1,1,1,0,Helped,Full_trial,6.420666667,04.02.21,Batch4_A,11.53333333,113.72-173.72,-0.021292881,-0.152761717,0.858123417,2,1
DG5_F_9,6407,Female,7,Side,3,60,7,trapped,1,0,0,0,0,1,1,0,0,1,Helped,Full_trial,6.420666667,04.02.21,Batch4_A,11.53333333,173.72-233.72,-0.021292881,-0.152761717,0.858123417,3,2
DG5_F_9,6407,Female,7,Side,4,60,7,trapped,4,6,1,1,1,0,1,5,1,0,Helped,Full_trial,6.420666667,04.02.21,Batch4_A,11.53333333,233.72-293.72,1.047543994,-0.152761717,0.858123417,4,3
DG5_F_9,6407,Female,7,Side,5,60,7,trapped,1,3,1,1,1,0,1,2,1,0,Helped,Full_trial,6.420666667,04.02.21,Batch4_A,11.53333333,293.72-353.72,-0.021292881,-0.152761717,0.858123417,5,4
DG5_F_9,6407,Female,7,Side,6,60,7,free,1,3,1,1,1,0,1,2,1,0,Helped,Full_trial,6.420666667,04.02.21,Batch4_A,11.53333333,353.72-413.72,-0.021292881,-0.152761717,0.858123417,6,5
DG5_W_2,6420,Male,6,Side,1,60,5,trapped,1,0,0,0,0,1,1,0,0,1,Helped,Full_trial,5.184,03.02.21,Batch4_B,14.9,102.12-162.12,-0.021292881,1.926446893,0.500571993,1,0
DG5_W_2,6420,Male,6,Side,2,60,5,trapped,2,0,0,0,0,0,1,0,0,0,Helped,Full_trial,5.184,03.02.21,Batch4_B,14.9,162.12-222.12,0.421433849,1.926446893,0.500571993,2,1
DG5_W_2,6420,Male,6,Side,3,60,5,trapped,0,0,0,0,0,0,0,0,0,0,Helped,Full_trial,5.184,03.02.21,Batch4_B,14.9,222.12-282.12,-1.090129755,1.926446893,0.500571993,3,2
DG5_W_2,6420,Male,6,Side,4,60,5,trapped,1,0,0,0,0,0,1,0,0,0,Helped,Full_trial,5.184,03.02.21,Batch4_B,14.9,282.12-342.12,-0.021292881,1.926446893,0.500571993,4,3
DG5_W_3,6420,Female,1,Front,1,60,12,trapped,19,1,1,0,1,1,1,0,1,15,Helped,Full_trial,11.268,01.02.21,Batch4_B,12.85,34.5599999999999-94.5599999999999,3.568822169,0.660394127,-1.287185126,1,0
DG5_W_3,6420,Female,1,Front,2,60,12,trapped,6,0,0,0,0,1,1,0,0,2,Helped,Full_trial,11.268,01.02.21,Batch4_B,12.85,94.5599999999999-154.56,1.527975206,0.660394127,-1.287185126,2,1
DG5_W_3,6420,Female,1,Front,3,60,12,trapped,9,0,0,0,0,1,1,0,0,5,Helped,Full_trial,11.268,01.02.21,Batch4_B,12.85,154.56-214.56,2.116380869,0.660394127,-1.287185126,3,2
DG5_W_3,6420,Female,1,Front,4,60,12,trapped,6,0,0,0,0,1,1,0,0,1,Helped,Full_trial,11.268,01.02.21,Batch4_B,12.85,214.56-274.56,1.527975206,0.660394127,-1.287185126,4,3
DG5_W_3,6420,Female,1,Front,5,60,12,trapped,5,0,0,0,0,1,1,0,0,3,Helped,Full_trial,11.268,01.02.21,Batch4_B,12.85,274.56-334.56,1.299862154,0.660394127,-1.287185126,5,4
DG5_W_3,6420,Female,1,Front,6,60,12,trapped,4,6,1,0,1,1,1,0,6,1,Helped,Full_trial,11.268,01.02.21,Batch4_B,12.85,334.56-394.56,1.047543994,0.660394127,-1.287185126,6,5
DG5_W_3,6420,Female,1,Front,7,60,12,trapped,3,3,1,0,1,1,1,0,3,1,Helped,Full_trial,11.268,01.02.21,Batch4_B,12.85,394.56-454.56,0.761150017,0.660394127,-1.287185126,7,6
DG5_W_3,6420,Female,1,Front,8,60,12,trapped,0,0,0,0,0,0,0,0,0,0,Helped,Full_trial,11.268,01.02.21,Batch4_B,12.85,454.56-514.56,-1.090129755,0.660394127,-1.287185126,8,7
DG5_W_3,6420,Female,1,Front,9,60,12,trapped,0,0,0,0,0,0,0,0,0,0,Helped,Full_trial,11.268,01.02.21,Batch4_B,12.85,514.56-574.56,-1.090129755,0.660394127,-1.287185126,9,8
DG5_W_3,6420,Female,1,Front,10,60,12,trapped,0,0,0,0,0,0,0,0,0,0,Helped,Full_trial,11.268,01.02.21,Batch4_B,12.85,574.56-634.56,-1.090129755,0.660394127,-1.287185126,10,9
DG5_W_3,6420,Female,1,Front,11,60,12,free,0,0,0,0,0,0,0,0,0,0,Helped,Full_trial,11.268,01.02.21,Batch4_B,12.85,634.56-694.56,-1.090129755,0.660394127,-1.287185126,11,10
DG5_W_4,6420,Female,4,Front,1,60,2,free,7,1,1,0,1,1,1,0,1,4,Helped,Full_trial,1.287333333,02.02.21,Batch4_B,10.23333333,88.52-148.52,1.737746807,-0.955624448,-0.214530854,1,0
DG5_W_5,6420,Female,10,Side,1,60,2,free,2,0,0,0,0,0,1,0,0,0,Helped,Full_trial,1.778,05.02.21,Batch4_B,13.45,88.28-148.28,0.421433849,1.030946156,1.930777689,1,0
DG5_W_7,6235,Male,5,Front,1,60,2,free,8,2,1,0,1,1,1,0,2,2,Helped,Full_trial,1.714666667,03.02.21,Batch4_B,13.08333333,62.24-122.24,1.932997453,0.804497692,0.14302057,1,0
DG5_W_9,6235,Female,8,Front,1,60,3,trapped,6,7,1,1,0,0,1,7,0,0,Helped,Full_trial,2.772666667,04.02.21,Batch4_B,10.03333333,78.16-138.16,1.527975206,-1.079141791,1.215674841,1,0
DG5_W_9,6235,Female,8,Front,2,60,3,free,4,3,1,1,0,0,1,3,0,0,Helped,Full_trial,2.772666667,04.02.21,Batch4_B,10.03333333,138.16-198.16,1.047543994,-1.079141791,1.215674841,2,1
