trapped.pig.uniq.id,pot.helper.uniq.id,trial,uniq.group,Test_subj.opens.testbox,Test_subj.opens.emptybox.to20,Sep_rate.open.anybox,daily.test.order.within.group,group.test.order,test.day,related,trapped.before,pothelper.sex,famil.rate.open.anybox,dur.look.testwindow.s,rate.look.testwindow.s.per.min,prop.look.test.window,dur.look.emptywindow.s,rate.look.emptywindow.s.per.min,prop.look.emptywindow,lat.helped.min,trapped.pig.sow,trapped.pig.sex,pothelper.sow,location.test.box,date,Sep_numtimes.open.testbox,Sep_numtimes.open.emptybox,Sep_rate.open.testbox_permin,Sep_rate.open.emptybox_permin,famil.rate.curio.min
DG2_F_2,DG2_F_3,DG2_F2_080920,DG2_F,0,1,0,1,3,2,y,y,Female,0.041666667,6.64,0.574817123,0.009580285,7.48,0.647534952,0.010792249,11.5515,6232,f,6232,front,08.09.20,0,0,0,0,0.55
DG2_F_2,DG2_F_4,DG2_F2_080920,DG2_F,1,0,0,1,3,2,n,n,Male,0.041666667,28.44,2.46201792,0.041033632,5.44,0.470934511,0.007848909,11.5515,6232,f,6235,front,08.09.20,0,0,0,0,0.675
DG2_F_2,DG2_F_5,DG2_F2_080920,DG2_F,0,0,0,1,3,2,n,n,Male,0.016666667,0,0,0,0,0,0,11.5515,6232,f,6235,front,08.09.20,0,0,0,0,0.433333334
DG2_F_2,DG2_F_6,DG2_F2_080920,DG2_F,0,0,0,1,3,2,n,y,Female,0.008333334,85.6,7.410293036,0.123504884,14.8,1.281218889,0.021353648,11.5515,6232,f,6235,front,08.09.20,0,0,0,0,0.383333334
DG2_F_2,DG2_F_7,DG2_F2_080920,DG2_F,0,0,0,1,3,2,n,n,Male,0.066666667,34.658,3.000302991,0.05000505,15.2,1.315846427,0.021930774,11.5515,6232,f,5952,front,08.09.20,0,0,0,0,0.441666667
DG2_F_2,DG2_F_8,DG2_F2_080920,DG2_F,0,0,0,1,3,2,n,n,Male,0,369.4,31.97853093,0.532975515,0,0,0,11.5515,6232,f,5952,front,08.09.20,0,0,0,0,0.516666667
DG2_F_2,DG2_F_9,DG2_F2_080920,DG2_F,0,0,0,1,3,2,n,n,Female,0,48.68,4.21417132,0.070236189,13.64,1.18079903,0.019679984,11.5515,6232,f,5952,front,08.09.20,0,0,0,0,0.3
DG2_F_3,DG2_F_2,DG2_F3_070920,DG2_F,0,0,0,1,1,1,y,n,Female,0.183333334,55.68,2.784,0.0464,4.2,0.21,0.0035,20,6232,f,6232,side,07.09.20,0,0,0,0,0.416666667
DG2_F_3,DG2_F_4,DG2_F3_070920,DG2_F,0,0,0,1,1,1,n,n,Male,0.041666667,0,0,0,0.88,0.044,7.33E-04,20,6232,f,6235,side,07.09.20,0,0,0,0,0.675
DG2_F_3,DG2_F_5,DG2_F3_070920,DG2_F,0,0,0,1,1,1,n,n,Male,0.016666667,0,0,0,7.36,0.368,0.006133333,20,6232,f,6235,side,07.09.20,0,0,0,0,0.433333334
DG2_F_3,DG2_F_6,DG2_F3_070920,DG2_F,0,0,0,1,1,1,n,n,Female,0.008333334,21.64,1.082,0.018033333,0,0,0,20,6232,f,6235,side,07.09.20,0,0,0,0,0.383333334
DG2_F_3,DG2_F_7,DG2_F3_070920,DG2_F,0,0,0,1,1,1,n,n,Male,0.066666667,71.92,3.596,0.059933333,6.88,0.344,0.005733333,20,6232,f,5952,side,07.09.20,0,0,0,0,0.441666667
DG2_F_3,DG2_F_8,DG2_F3_070920,DG2_F,0,0,0,1,1,1,n,n,Male,0,0,0,0,7.88,0.394,0.006566667,20,6232,f,5952,side,07.09.20,0,0,0,0,0.516666667
DG2_F_3,DG2_F_9,DG2_F3_070920,DG2_F,0,0,0,1,1,1,n,n,Female,0,1.56,0.078,0.0013,0,0,0,20,6232,f,5952,side,07.09.20,0,0,0,0,0.3
DG2_F_4,DG2_F_2,DG2_F4_090920,DG2_F,1,1,0,2,6,3,n,y,Female,0.183333334,12.2,3.307876542,0.055131276,0,0,0,3.688166667,6235,m,6232,side,09.09.20,0,0,0,0,0.416666667
DG2_F_4,DG2_F_3,DG2_F4_090920,DG2_F,0,0,0,2,6,3,n,y,Female,0.041666667,12.48,3.38379502,0.056396584,0,0,0,3.688166667,6235,m,6232,side,09.09.20,0,0,0,0,0.55
DG2_F_4,DG2_F_5,DG2_F4_090920,DG2_F,0,0,0,2,6,3,y,n,Male,0.016666667,0,0,0,0,0,0,3.688166667,6235,m,6235,side,09.09.20,0,0,0,0,0.433333334
DG2_F_4,DG2_F_6,DG2_F4_090920,DG2_F,0,0,0,2,6,3,y,y,Female,0.008333334,25.4,6.886890505,0.114781508,0,0,0,3.688166667,6235,m,6235,side,09.09.20,0,0,0,0,0.383333334
DG2_F_4,DG2_F_7,DG2_F4_090920,DG2_F,0,0,0,2,6,3,n,y,Male,0.066666667,2.48,0.672420805,0.011207013,0,0,0,3.688166667,6235,m,5952,side,09.09.20,0,0,0,0,0.441666667
DG2_F_4,DG2_F_8,DG2_F4_090920,DG2_F,0,0,0,2,6,3,n,n,Male,0,64.4,17.46124994,0.291020832,0,0,0,3.688166667,6235,m,5952,side,09.09.20,0,0,0,0,0.516666667
DG2_F_4,DG2_F_9,DG2_F4_090920,DG2_F,0,0,0,2,6,3,n,y,Female,0,13.24,3.58985946,0.059830991,0,0,0,3.688166667,6235,m,5952,side,09.09.20,0,0,0,0,0.3
DG2_F_5,DG2_F_2,DG2_F5_100920,DG2_F,1,0,0,1,7,4,n,y,Female,0.183333334,8.28,6.808277372,0.11347129,0,0,0,1.216166667,6235,m,6232,side,10.09.20,0,0,0,0,0.416666667
DG2_F_5,DG2_F_3,DG2_F5_100920,DG2_F,0,0,0,1,7,4,n,y,Female,0.041666667,7.76,6.380704397,0.106345073,0,0,0,1.216166667,6235,m,6232,side,10.09.20,0,0,0,0,0.55
DG2_F_5,DG2_F_4,DG2_F5_100920,DG2_F,0,0,0.16422159,1,7,4,y,y,Male,0.041666667,0,0,0,0,0,0,1.216166667,6235,m,6235,side,10.09.20,0,1,0,0.16422159,0.675
DG2_F_5,DG2_F_6,DG2_F5_100920,DG2_F,0,0,0,1,7,4,y,y,Female,0.008333334,38.12,31.3443881,0.522406468,0,0,0,1.216166667,6235,m,6235,side,10.09.20,0,0,0,0,0.383333334
DG2_F_5,DG2_F_7,DG2_F5_100920,DG2_F,0,0,0,1,7,4,n,y,Male,0.066666667,1.52,1.249828696,0.020830478,0,0,0,1.216166667,6235,m,5952,side,10.09.20,0,0,0,0,0.441666667
DG2_F_5,DG2_F_8,DG2_F5_100920,DG2_F,0,0,0,1,7,4,n,n,Male,0,15.28,12.56406742,0.209401124,0,0,0,1.216166667,6235,m,5952,side,10.09.20,0,0,0,0,0.516666667
DG2_F_5,DG2_F_9,DG2_F5_100920,DG2_F,0,0,0,1,7,4,n,y,Female,0,0,0,0,0,0,0,1.216166667,6235,m,5952,side,10.09.20,0,0,0,0,0.3
DG2_F_6,DG2_F_2,DG2_F6_070920,DG2_F,0,0,0,2,2,1,n,n,Female,0.183333334,3.64,0.182,0.003033333,0,0,0,20,6235,f,6232,front,07.09.20,0,0,0,0,0.416666667
DG2_F_6,DG2_F_3,DG2_F6_070920,DG2_F,0,0,0,2,2,1,n,y,Female,0.041666667,7.48,0.374,0.006233333,1.04,0.052,8.67E-04,20,6235,f,6232,front,07.09.20,0,0,0,0,0.55
DG2_F_6,DG2_F_4,DG2_F6_070920,DG2_F,0,0,0,2,2,1,y,n,Male,0.041666667,63.64,3.182,0.053033333,0,0,0,20,6235,f,6235,front,07.09.20,0,0,0,0,0.675
DG2_F_6,DG2_F_5,DG2_F6_070920,DG2_F,0,0,0,2,2,1,y,n,Male,0.016666667,3.88,0.194,0.003233333,0.6,0.03,5.00E-04,20,6235,f,6235,front,07.09.20,0,0,0,0,0.433333334
DG2_F_6,DG2_F_7,DG2_F6_070920,DG2_F,0,0,0,2,2,1,n,n,Male,0.066666667,74.2,3.71,0.061833333,0,0,0,20,6235,f,5952,front,07.09.20,0,0,0,0,0.441666667
DG2_F_6,DG2_F_8,DG2_F6_070920,DG2_F,0,0,0,2,2,1,n,n,Male,0,70.44,3.522,0.0587,0,0,0,20,6235,f,5952,front,07.09.20,0,0,0,0,0.516666667
DG2_F_6,DG2_F_9,DG2_F6_070920,DG2_F,0,0,0,2,2,1,n,n,Female,0,23.24,1.162,0.019366667,0,0,0,20,6235,f,5952,front,07.09.20,0,0,0,0,0.3
DG2_F_7,DG2_F_2,DG2_F7_080920,DG2_F,0,0,0,2,4,2,n,y,Female,0.183333334,11.72,0.586,0.009766667,3.24,0.162,0.0027,20,5952,m,6232,side,08.09.20,0,0,0,0,0.416666667
DG2_F_7,DG2_F_3,DG2_F7_080920,DG2_F,0,1,0,2,4,2,n,y,Female,0.041666667,62.4,3.12,0.052,9.8,0.49,0.008166667,20,5952,m,6232,side,08.09.20,0,0,0,0,0.55
DG2_F_7,DG2_F_4,DG2_F7_080920,DG2_F,0,0,0,2,4,2,n,n,Male,0.041666667,20.72,1.036,0.017266667,0,0,0,20,5952,m,6235,side,08.09.20,0,0,0,0,0.675
DG2_F_7,DG2_F_5,DG2_F7_080920,DG2_F,0,0,0,2,4,2,n,n,Male,0.016666667,0,0,0,0,0,0,20,5952,m,6235,side,08.09.20,0,0,0,0,0.433333334
DG2_F_7,DG2_F_6,DG2_F7_080920,DG2_F,0,0,0,2,4,2,n,y,Female,0.008333334,66.2,3.31,0.055166667,14.76,0.738,0.0123,20,5952,m,6235,side,08.09.20,0,0,0,0,0.383333334
DG2_F_7,DG2_F_8,DG2_F7_080920,DG2_F,0,0,0,2,4,2,y,n,Male,0,6.48,0.324,0.0054,1,0.05,8.33E-04,20,5952,m,5952,side,08.09.20,0,0,0,0,0.516666667
DG2_F_7,DG2_F_9,DG2_F7_080920,DG2_F,0,0,0,2,4,2,y,n,Female,0,50.92,2.546,0.042433333,0,0,0,20,5952,m,5952,side,08.09.20,0,0,0,0,0.3
DG2_F_8,DG2_F_2,DG2_F8_100920,DG2_F,1,0,0,2,8,4,n,y,Female,0.183333334,10.52,6.579797771,0.109663296,0,0,0,1.598833333,5952,m,6232,front,10.09.20,0,0,0,0,0.416666667
DG2_F_8,DG2_F_3,DG2_F8_100920,DG2_F,0,1,0,2,8,4,n,y,Female,0.041666667,11.04,6.905034923,0.115083915,1.36,0.850620244,0.014177004,1.598833333,5952,m,6232,front,10.09.20,0,0,0,0,0.55
DG2_F_8,DG2_F_4,DG2_F8_100920,DG2_F,0,0,0,2,8,4,n,y,Male,0.041666667,4.68,2.927134369,0.048785573,0,0,0,1.598833333,5952,m,6235,front,10.09.20,0,0,0,0,0.675
DG2_F_8,DG2_F_5,DG2_F8_100920,DG2_F,0,0,0,2,8,4,n,y,Male,0.016666667,2.44,1.526112791,0.025435213,0,0,0,1.598833333,5952,m,6235,front,10.09.20,0,0,0,0,0.433333334
DG2_F_8,DG2_F_6,DG2_F8_100920,DG2_F,0,0,0,2,8,4,n,y,Female,0.008333334,0,0,0,0,0,0,1.598833333,5952,m,6235,front,10.09.20,0,0,0,0,0.383333334
DG2_F_8,DG2_F_7,DG2_F8_100920,DG2_F,0,0,0,2,8,4,y,y,Male,0.066666667,7.88,4.928593767,0.082143229,0,0,0,1.598833333,5952,m,5952,front,10.09.20,0,0,0,0,0.441666667
DG2_F_8,DG2_F_9,DG2_F8_100920,DG2_F,0,0,0,2,8,4,y,y,Female,0,5.96,3.727718129,0.062128635,2.2,1.376003336,0.022933389,1.598833333,5952,m,5952,front,10.09.20,0,0,0,0,0.3
DG2_F_9,DG2_F_2,DG2_F9_090920,DG2_F,1,0,0.173120203,1,5,3,n,y,Female,0.183333334,14.12,3.646537253,0.060775621,0,0,0,3.872166667,5952,f,6232,front,09.09.20,0,1,0,0.173120203,0.416666667
DG2_F_9,DG2_F_3,DG2_F9_090920,DG2_F,0,0,0,1,5,3,n,y,Female,0.041666667,12.32,3.181681229,0.05302802,2.8,0.72310937,0.012051823,3.872166667,5952,f,6232,front,09.09.20,0,0,0,0,0.55
DG2_F_9,DG2_F_4,DG2_F9_090920,DG2_F,0,0,0,1,5,3,n,n,Male,0.041666667,22.36,5.774544828,0.096242414,0,0,0,3.872166667,5952,f,6235,front,09.09.20,0,0,0,0,0.675
DG2_F_9,DG2_F_5,DG2_F9_090920,DG2_F,0,0,0,1,5,3,n,n,Male,0.016666667,0,0,0,0,0,0,3.872166667,5952,f,6235,front,09.09.20,0,0,0,0,0.433333334
DG2_F_9,DG2_F_6,DG2_F9_090920,DG2_F,0,0,0,1,5,3,n,y,Female,0.008333334,14.12,3.646537253,0.060775621,0,0,0,3.872166667,5952,f,6235,front,09.09.20,0,0,0,0,0.383333334
DG2_F_9,DG2_F_7,DG2_F9_090920,DG2_F,0,0,0,1,5,3,y,y,Male,0.066666667,15.2,3.925450867,0.065424181,0,0,0,3.872166667,5952,f,5952,front,09.09.20,0,0,0,0,0.441666667
DG2_F_9,DG2_F_8,DG2_F9_090920,DG2_F,0,0,0,1,5,3,y,n,Male,0,131.2,33.88283906,0.564713984,0,0,0,3.872166667,5952,f,5952,front,09.09.20,0,0,0,0,0.516666667
DG2_W_1,DG2_W_2,DG2_W1_070920,DG2_W,0,0,0,1,1,1,y,n,Female,0.091666667,14.72,2.844169645,0.047402827,38.84,7.504588929,0.125076482,5.1755,6142,m,6142,side,07.09.20,0,0,0,0,0.316666667
DG2_W_1,DG2_W_3,DG2_W1_070920,DG2_W,0,1,0,1,1,1,y,n,Female,0.033333333,30.24,5.842913728,0.097381895,27.36,5.286445754,0.088107429,5.1755,6142,m,6142,side,07.09.20,0,0,0,0,0.216666667
DG2_W_1,DG2_W_4,DG2_W1_070920,DG2_W,0,0,0,1,1,1,n,n,Male,0.175,0,0,0,0,0,0,5.1755,6142,m,5931,side,07.09.20,0,0,0,0,0.291666667
DG2_W_1,DG2_W_5,DG2_W1_070920,DG2_W,0,0,0,1,1,1,n,n,Male,0.125,67.6,13.06153995,0.217692332,0,0,0,5.1755,6142,m,5931,side,07.09.20,0,0,0,0,0.266666667
DG2_W_1,DG2_W_8,DG2_W1_070920,DG2_W,1,0,0,1,1,1,n,n,Female,0.041666667,105.08,20.30335233,0.338389206,5.68,1.097478504,0.018291308,5.1755,6142,m,5764,side,07.09.20,0,0,0,0,0.175
DG2_W_1,DG2_W_9,DG2_W1_070920,DG2_W,0,0,0.351390922,1,1,1,n,n,Female,0.083333333,3.4,0.656941358,0.010949023,0,0,0,5.1755,6142,m,5764,side,07.09.20,2,2,0.175695461,0.175695461,0.308333334
DG2_W_2,DG2_W_1,DG2_W2_090920,DG2_W,0,0,0,1,5,3,y,y,Male,0.033333333,7.16,34.06819979,0.56780333,0,0,0,0.210166667,6142,f,6142,front,09.09.20,0,0,0,0,0.183333334
DG2_W_2,DG2_W_3,DG2_W2_090920,DG2_W,0,0,0,1,5,3,y,n,Female,0.033333333,0,0,0,0,0,0,0.210166667,6142,f,6142,front,09.09.20,0,0,0,0,0.216666667
DG2_W_2,DG2_W_4,DG2_W2_090920,DG2_W,0,0,0.10306445,1,5,3,n,y,Male,0.175,0,0,0,0,0,0,0.210166667,6142,f,5931,front,09.09.20,0,1,0,0.10306445,0.291666667
DG2_W_2,DG2_W_5,DG2_W2_090920,DG2_W,0,0,0,1,5,3,n,y,Male,0.125,0,0,0,0,0,0,0.210166667,6142,f,5931,front,09.09.20,0,0,0,0,0.266666667
DG2_W_2,DG2_W_8,DG2_W2_090920,DG2_W,0,1,0.10306445,1,5,3,n,n,Female,0.041666667,7.04,33.49722437,0.558287073,0,0,0,0.210166667,6142,f,5764,front,09.09.20,0,1,0,0.10306445,0.175
DG2_W_2,DG2_W_9,DG2_W2_090920,DG2_W,1,0,0.2061289,1,5,3,n,y,Female,0.083333333,5.44,25.88421883,0.431403647,0,0,0,0.210166667,6142,f,5764,front,09.09.20,1,1,0.10306445,0.10306445,0.308333334
DG2_W_3,DG2_W_1,DG2_W3_100920,DG2_W,0,0,0,1,7,4,y,y,Male,0.033333333,0,0,0,0,0,0,0.210166667,6142,f,6142,side,10.09.20,0,0,0,0,0.183333334
DG2_W_3,DG2_W_2,DG2_W3_100920,DG2_W,0,0,0,1,7,4,y,y,Female,0.091666667,9.8,31.12758076,0.518793013,0,0,0,0.314833333,6142,f,6142,side,10.09.20,0,0,0,0,0.316666667
DG2_W_3,DG2_W_4,DG2_W3_100920,DG2_W,0,0,0,1,7,4,n,y,Male,0.175,0,0,0,0,0,0,0.314833333,6142,f,5931,side,10.09.20,0,0,0,0,0.291666667
DG2_W_3,DG2_W_5,DG2_W3_100920,DG2_W,0,0,0,1,7,4,n,y,Male,0.125,0,0,0,0,0,0,0.314833333,6142,f,5931,side,10.09.20,0,0,0,0,0.266666667
DG2_W_3,DG2_W_8,DG2_W3_100920,DG2_W,0,0,0.166389351,1,7,4,n,y,Female,0.041666667,9.64,30.61937536,0.510322923,0,0,0,0.314833333,6142,f,5764,side,10.09.20,0,1,0,0.166389351,0.175
DG2_W_3,DG2_W_9,DG2_W3_100920,DG2_W,1,0,0,1,7,4,n,y,Female,0.083333333,7.6,24.13975651,0.402329275,0,0,0,0.314833333,6142,f,5764,side,10.09.20,0,0,0,0,0.308333334
DG2_W_4,DG2_W_1,DG2_W4_070920,DG2_W,0,0,0.132251807,2,2,1,n,y,Male,0.033333333,0,0,0,0,0,0,0.9475,5931,m,6142,front,07.09.20,0,1,0,0.132251807,0.183333334
DG2_W_4,DG2_W_2,DG2_W4_070920,DG2_W,0,0,0,2,2,1,n,n,Female,0.091666667,0,0,0,0,0,0,0.9475,5931,m,6142,front,07.09.20,0,0,0,0,0.316666667
DG2_W_4,DG2_W_3,DG2_W4_070920,DG2_W,0,1,0.132251807,2,2,1,n,n,Female,0.033333333,21.12,22.29023747,0.371503958,0,0,0,0.9475,5931,m,6142,front,07.09.20,0,1,0,0.132251807,0.216666667
DG2_W_4,DG2_W_5,DG2_W4_070920,DG2_W,0,0,0,2,2,1,y,n,Male,0.125,0,0,0,0,0,0,0.9475,5931,m,5931,front,07.09.20,0,0,0,0,0.266666667
DG2_W_4,DG2_W_8,DG2_W4_070920,DG2_W,0,0,0,2,2,1,n,n,Female,0.041666667,17.6,18.57519789,0.309586631,0,0,0,0.9475,5931,m,5764,front,07.09.20,0,0,0,0,0.175
DG2_W_4,DG2_W_9,DG2_W4_070920,DG2_W,1,0,0,2,2,1,n,n,Female,0.083333333,34.4,36.3060686,0.605101143,0,0,0,0.9475,5931,m,5764,front,07.09.20,0,0,0,0,0.308333334
DG2_W_5,DG2_W_1,DG2_W5_080920,DG2_W,0,0,0,2,4,2,n,y,Male,0.033333333,0,0,0,0,0,0,1.356833333,5931,m,6142,front,08.09.20,0,0,0,0,0.183333334
DG2_W_5,DG2_W_2,DG2_W5_080920,DG2_W,0,0,0,2,4,2,n,n,Female,0.091666667,11.76,8.667239899,0.144453998,0,0,0,1.356833333,5931,m,6142,front,08.09.20,0,0,0,0,0.316666667
DG2_W_5,DG2_W_3,DG2_W5_080920,DG2_W,0,0,0.169071235,2,4,2,n,n,Female,0.033333333,0,0,0,0,0,0,1.356833333,5931,m,6142,front,08.09.20,1,0,0.169071235,0,0.216666667
DG2_W_5,DG2_W_4,DG2_W5_080920,DG2_W,0,0,0,2,4,2,y,y,Male,0.175,8.6,6.338287681,0.105638128,0,0,0,1.356833333,5931,m,5931,front,08.09.20,0,0,0,0,0.291666667
DG2_W_5,DG2_W_8,DG2_W5_080920,DG2_W,1,1,0,2,4,2,n,n,Female,0.041666667,35.76,26.35548459,0.439258077,0,0,0,1.356833333,5931,m,5764,front,08.09.20,0,0,0,0,0.175
DG2_W_5,DG2_W_9,DG2_W5_080920,DG2_W,0,0,0,2,4,2,n,y,Female,0.083333333,0,0,0,0,0,0,1.356833333,5931,m,5764,front,08.09.20,0,0,0,0,0.308333334
DG2_W_8,DG2_W_1,DG2_W8_090920,DG2_W,0,0,0,2,6,3,n,y,Male,0.033333333,0,0,0,0,0,0,0.484166667,5764,f,6142,side,09.09.20,0,0,0,0,0.183333334
DG2_W_8,DG2_W_2,DG2_W8_090920,DG2_W,0,0,0,2,6,3,n,y,Female,0.091666667,12.68,26.18932873,0.436488812,0,0,0,0.484166667,5764,f,6142,side,09.09.20,0,0,0,0,0.316666667
DG2_W_8,DG2_W_3,DG2_W8_090920,DG2_W,0,1,0,2,6,3,n,n,Female,0.033333333,0,0,0,0,0,0,0.484166667,5764,f,6142,side,09.09.20,0,0,0,0,0.216666667
DG2_W_8,DG2_W_4,DG2_W8_090920,DG2_W,0,0,0,2,6,3,n,y,Male,0.175,0,0,0,0,0,0,0.484166667,5764,f,5931,side,09.09.20,0,0,0,0,0.291666667
DG2_W_8,DG2_W_5,DG2_W8_090920,DG2_W,0,0,0,2,6,3,n,y,Male,0.125,0,0,0,0,0,0,0.484166667,5764,f,5931,side,09.09.20,0,0,0,0,0.266666667
DG2_W_8,DG2_W_9,DG2_W8_090920,DG2_W,1,0,0,2,6,3,y,y,Female,0.083333333,1.12,2.31325301,0.038554217,0,0,0,0.484166667,5764,f,5764,side,09.09.20,0,0,0,0,0.308333334
DG2_W_9,DG2_W_1,DG2_W9_080920,DG2_W,0,0,0,1,3,2,n,y,Male,0.033333333,0,0,0,0,0,0,0.484166667,5764,f,6142,side,08.09.20,0,0,0,0,0.183333334
DG2_W_9,DG2_W_2,DG2_W9_080920,DG2_W,0,0,0,1,3,2,n,n,Female,0.091666667,3.08,10.71304348,0.178550725,0,0,0,0.2875,5764,f,6142,side,08.09.20,0,0,0,0,0.316666667
DG2_W_9,DG2_W_3,DG2_W9_080920,DG2_W,0,1,0,1,3,2,n,n,Female,0.033333333,9.2,32,0.533333333,0,0,0,0.2875,5764,f,6142,side,08.09.20,0,0,0,0,0.216666667
DG2_W_9,DG2_W_4,DG2_W9_080920,DG2_W,0,0,0,1,3,2,n,y,Male,0.175,3.3,11.47826087,0.191304348,0,0,0,0.2875,5764,f,5931,side,08.09.20,0,0,0,0,0.291666667
DG2_W_9,DG2_W_5,DG2_W9_080920,DG2_W,0,0,0,1,3,2,n,n,Male,0.125,16.42,57.11304348,0.951884058,0,0,0,0.2875,5764,f,5931,side,08.09.20,0,0,0,0,0.266666667
DG2_W_9,DG2_W_8,DG2_W9_080920,DG2_W,1,0,0,1,3,2,y,n,Female,0.041666667,14.24,49.53043478,0.825507246,0,0,0,0.2875,5764,f,5764,side,08.09.20,0,0,0,0,0.175
DG3_F_1,DG3_F_10,DG3_F1_231020,DG3_F,0,0,0,1,9,5,n,y,Female,0.043333333,0,0,0,0,0,0,0.488833333,6271,m,6369,front,23.10.20,0,0,0,0,0.263333333
DG3_F_1,DG3_F_2,DG3_F1_231020,DG3_F,0,0,0.173892882,1,9,5,y,y,Male,0.06,15.76,32.2400273,0.537333788,0,0,0,0.488833333,6271,m,6271,front,23.10.20,1,0,0.173892882,0,0.38
DG3_F_1,DG3_F_3,DG3_F1_231020,DG3_F,1,0,0,1,9,5,y,n,Female,0.046666667,11.12,22.74803957,0.379133993,0,0,0,0.488833333,6271,m,6271,front,23.10.20,0,0,0,0,0.326666667
DG3_F_1,DG3_F_4,DG3_F1_231020,DG3_F,0,0,0,1,9,5,y,y,Female,0.096666667,6.36,13.01056939,0.216842823,0,0,0,0.488833333,6271,m,6271,front,23.10.20,0,0,0,0,0.41
DG3_F_1,DG3_F_5,DG3_F1_231020,DG3_F,0,0,0,1,9,5,y,y,Female,0.143333333,0.88,1.80020457,0.030003409,0,0,0,0.488833333,6271,m,6271,front,23.10.20,0,0,0,0,0.446666667
DG3_F_1,DG3_F_6,DG3_F1_231020,DG3_F,0,0,0,1,9,5,n,y,Male,0.026666667,0,0,0,0,0,0,0.488833333,6271,m,6369,front,23.10.20,0,0,0,0,0.273333333
DG3_F_1,DG3_F_7,DG3_F1_231020,DG3_F,0,0,0,1,9,5,n,y,Male,0.02,0,0,0,0,0,0,0.488833333,6271,m,6369,front,23.10.20,0,0,0,0,0.386666667
DG3_F_1,DG3_F_8,DG3_F1_231020,DG3_F,0,0,0,1,9,5,n,y,Male,0.003333333,0,0,0,0,0,0,0.488833333,6271,m,6369,front,23.10.20,0,0,0,0,0.23
DG3_F_1,DG3_F_9,DG3_F1_231020,DG3_F,0,0,0,1,9,5,n,y,Female,0.03,0,0,0,0,0,0,0.488833333,6271,m,6369,front,23.10.20,0,0,0,0,0.29
DG3_F_10,DG3_F_1,DG3_F10_191020,DG3_F,0,0,0,2,2,1,n,n,Male,0.04,1.04,0.052,8.67E-04,0,0,0,20,6369,f,6271,side,19.10.20,0,0,0,0,0.39
DG3_F_10,DG3_F_2,DG3_F10_191020,DG3_F,0,0,0,2,2,1,n,n,Male,0.06,10.36,0.518,0.008633333,0,0,0,20,6369,f,6271,side,19.10.20,0,0,0,0,0.38
DG3_F_10,DG3_F_3,DG3_F10_191020,DG3_F,0,0,0,2,2,1,n,n,Female,0.046666667,0,0,0,41.4,2.07,0.0345,20,6369,f,6271,side,19.10.20,0,0,0,0,0.326666667
DG3_F_10,DG3_F_4,DG3_F10_191020,DG3_F,0,0,0,2,2,1,n,n,Female,0.096666667,0,0,0,0,0,0,20,6369,f,6271,side,19.10.20,0,0,0,0,0.41
DG3_F_10,DG3_F_5,DG3_F10_191020,DG3_F,0,0,0,2,2,1,n,n,Female,0.143333333,0,0,0,0,0,0,20,6369,f,6271,side,19.10.20,0,0,0,0,0.446666667
DG3_F_10,DG3_F_6,DG3_F10_191020,DG3_F,0,0,0,2,2,1,y,n,Male,0.026666667,6.6,0.33,0.0055,0,0,0,20,6369,f,6369,side,19.10.20,0,0,0,0,0.273333333
DG3_F_10,DG3_F_7,DG3_F10_191020,DG3_F,0,0,0,2,2,1,y,n,Male,0.02,15.12,0.756,0.0126,0,0,0,20,6369,f,6369,side,19.10.20,0,0,0,0,0.386666667
DG3_F_10,DG3_F_8,DG3_F10_191020,DG3_F,0,0,0,2,2,1,y,n,Male,0.003333333,0,0,0,0,0,0,20,6369,f,6369,side,19.10.20,0,0,0,0,0.23
DG3_F_10,DG3_F_9,DG3_F10_191020,DG3_F,0,0,0,2,2,1,y,y,Female,0.03,19.44,0.972,0.0162,0,0,0,20,6369,f,6369,side,19.10.20,0,0,0,0,0.29
DG3_F_2,DG3_F_1,DG3_F2_211020,DG3_F,0,0,0,2,6,3,y,n,Male,0.04,13.08,0.654,0.0109,0,0,0,20,6271,m,6271,side,21.10.20,0,0,0,0,0.39
DG3_F_2,DG3_F_10,DG3_F2_211020,DG3_F,0,0,0,2,6,3,n,y,Female,0.043333333,5.56,0.278,0.004633333,1.24,0.062,0.001033333,20,6271,m,6369,side,21.10.20,0,0,0,0,0.263333333
DG3_F_2,DG3_F_3,DG3_F2_211020,DG3_F,0,0,0,2,6,3,y,n,Female,0.046666667,73.64,3.682,0.061366667,240.32,12.016,0.200266667,20,6271,m,6271,side,21.10.20,0,0,0,0,0.326666667
DG3_F_2,DG3_F_4,DG3_F2_211020,DG3_F,0,0,0,2,6,3,y,n,Female,0.096666667,155.16,7.758,0.1293,0,0,0,20,6271,m,6271,side,21.10.20,0,0,0,0,0.41
DG3_F_2,DG3_F_5,DG3_F2_211020,DG3_F,0,0,0,2,6,3,y,y,Female,0.143333333,3.04,0.152,0.002533333,6.8,0.34,0.005666667,20,6271,m,6271,side,21.10.20,0,0,0,0,0.446666667
DG3_F_2,DG3_F_6,DG3_F2_211020,DG3_F,0,0,0,2,6,3,n,y,Male,0.026666667,33,1.65,0.0275,15.12,0.756,0.0126,20,6271,m,6369,side,21.10.20,0,0,0,0,0.273333333
DG3_F_2,DG3_F_7,DG3_F2_211020,DG3_F,0,0,0,2,6,3,n,y,Male,0.02,0,0,0,0,0,0,20,6271,m,6369,side,21.10.20,0,0,0,0,0.386666667
DG3_F_2,DG3_F_8,DG3_F2_211020,DG3_F,0,0,0,2,6,3,n,n,Male,0.003333333,0,0,0,0,0,0,20,6271,m,6369,side,21.10.20,0,0,0,0,0.23
DG3_F_2,DG3_F_9,DG3_F2_211020,DG3_F,0,0,0,2,6,3,n,y,Female,0.03,0,0,0,0,0,0,20,6271,m,6369,side,21.10.20,0,0,0,0,0.29
DG3_F_3,DG3_F_1,DG3_F3_231020,DG3_F,1,0,0,2,10,5,y,y,Male,0.04,19.44,12.25081399,0.204180233,0,0,0,1.586833333,6271,f,6271,side,23.10.20,0,0,0,0,0.39
DG3_F_3,DG3_F_10,DG3_F3_231020,DG3_F,0,0,0,2,10,5,n,y,Female,0.043333333,0,0,0,0,0,0,1.586833333,6271,f,6369,side,23.10.20,0,0,0,0,0.263333333
DG3_F_3,DG3_F_2,DG3_F3_231020,DG3_F,0,0,0,2,10,5,y,y,Male,0.06,29.52,18.60308791,0.310051465,0,0,0,1.586833333,6271,f,6271,side,23.10.20,0,0,0,0,0.38
DG3_F_3,DG3_F_4,DG3_F3_231020,DG3_F,0,0,0,2,10,5,y,y,Female,0.096666667,58.24,36.70202711,0.611700452,0,0,0,1.586833333,6271,f,6271,side,23.10.20,0,0,0,0,0.41
DG3_F_3,DG3_F_5,DG3_F3_231020,DG3_F,0,1,0,2,10,5,y,y,Female,0.143333333,15.28,9.629240628,0.160487344,0,0,0,1.586833333,6271,f,6271,side,23.10.20,0,0,0,0,0.446666667
DG3_F_3,DG3_F_6,DG3_F3_231020,DG3_F,0,0,0,2,10,5,n,y,Male,0.026666667,0,0,0,0,0,0,1.586833333,6271,f,6369,side,23.10.20,0,0,0,0,0.273333333
DG3_F_3,DG3_F_7,DG3_F3_231020,DG3_F,0,0,0,2,10,5,n,y,Male,0.02,0,0,0,0,0,0,1.586833333,6271,f,6369,side,23.10.20,0,0,0,0,0.386666667
DG3_F_3,DG3_F_8,DG3_F3_231020,DG3_F,0,0,0,2,10,5,n,y,Male,0.003333333,0,0,0,0,0,0,1.586833333,6271,f,6369,side,23.10.20,0,0,0,0,0.23
DG3_F_3,DG3_F_9,DG3_F3_231020,DG3_F,0,0,0,2,10,5,n,y,Female,0.03,0,0,0,0,0,0,1.586833333,6271,f,6369,side,23.10.20,0,0,0,0,0.29
DG3_F_4,DG3_F_1,DG3_F4_221020,DG3_F,0,0,0,2,8,4,y,n,Male,0.04,0,0,0,0,0,0,0.986166667,6271,f,6271,front,22.10.20,0,0,0,0,0.39
DG3_F_4,DG3_F_10,DG3_F4_221020,DG3_F,0,0,0.172235618,2,8,4,n,y,Female,0.043333333,2,2.028054757,0.033800913,0,0,0,0.986166667,6271,f,6369,front,22.10.20,0,1,0,0.172235618,0.263333333
DG3_F_4,DG3_F_2,DG3_F4_221020,DG3_F,0,0,0,2,8,4,y,y,Male,0.06,0,0,0,0,0,0,0.986166667,6271,f,6271,front,22.10.20,0,0,0,0,0.38
DG3_F_4,DG3_F_3,DG3_F4_221020,DG3_F,0,0,0,2,8,4,y,n,Female,0.046666667,35.96,36.46442453,0.607740409,0,0,0,0.986166667,6271,f,6271,front,22.10.20,0,0,0,0,0.326666667
DG3_F_4,DG3_F_5,DG3_F4_221020,DG3_F,0,1,0,2,8,4,y,y,Female,0.143333333,0,0,0,0,0,0,0.986166667,6271,f,6271,front,22.10.20,0,0,0,0,0.446666667
DG3_F_4,DG3_F_6,DG3_F4_221020,DG3_F,0,0,0,2,8,4,n,y,Male,0.026666667,4.32,4.380598275,0.073009971,0,0,0,0.986166667,6271,f,6369,front,22.10.20,0,0,0,0,0.273333333
DG3_F_4,DG3_F_7,DG3_F4_221020,DG3_F,1,0,0,2,8,4,n,y,Male,0.02,0,0,0,0,0,0,0.986166667,6271,f,6369,front,22.10.20,0,0,0,0,0.386666667
DG3_F_4,DG3_F_8,DG3_F4_221020,DG3_F,0,0,0,2,8,4,n,y,Male,0.003333333,0,0,0,0,0,0,0.986166667,6271,f,6369,front,22.10.20,0,0,0,0,0.23
DG3_F_4,DG3_F_9,DG3_F4_221020,DG3_F,0,0,0,2,8,4,n,y,Female,0.03,0,0,0,0,0,0,0.986166667,6271,f,6369,front,22.10.20,0,0,0,0,0.29
DG3_F_5,DG3_F_1,DG3_F5_201020,DG3_F,0,0,0,2,4,2,y,n,Male,0.04,37.64,2.782068813,0.046367814,0,0,0,13.5295,6271,f,6271,front,20.10.20,0,0,0,0,0.39
DG3_F_5,DG3_F_10,DG3_F5_201020,DG3_F,0,0,0,2,4,2,n,y,Female,0.043333333,6.48,0.478953398,0.007982557,0,0,0,13.5295,6271,f,6369,front,20.10.20,0,0,0,0,0.263333333
DG3_F_5,DG3_F_2,DG3_F5_201020,DG3_F,0,0,0,2,4,2,y,n,Male,0.06,84.96,6.27961122,0.104660187,39.36,2.909198418,0.04848664,13.5295,6271,f,6271,front,20.10.20,0,0,0,0,0.38
DG3_F_5,DG3_F_3,DG3_F5_201020,DG3_F,1,0,0,2,4,2,y,n,Female,0.046666667,91.64,6.77334713,0.112889119,0,0,0,13.5295,6271,f,6271,front,20.10.20,0,0,0,0,0.326666667
DG3_F_5,DG3_F_4,DG3_F5_201020,DG3_F,0,0,0,2,4,2,y,n,Female,0.096666667,107,7.908644074,0.131810735,5.8,0.428692856,0.007144881,13.5295,6271,f,6271,front,20.10.20,0,0,0,0,0.41
DG3_F_5,DG3_F_6,DG3_F5_201020,DG3_F,0,0,0,2,4,2,n,y,Male,0.026666667,0,0,0,0,0,0,13.5295,6271,f,6369,front,20.10.20,0,0,0,0,0.273333333
DG3_F_5,DG3_F_7,DG3_F5_201020,DG3_F,0,1,0,2,4,2,n,n,Male,0.02,216.84,16.02719982,0.267119997,2.4,0.177390147,0.002956502,13.5295,6271,f,6369,front,20.10.20,0,0,0,0,0.386666667
DG3_F_5,DG3_F_8,DG3_F5_201020,DG3_F,0,0,0,2,4,2,n,n,Male,0.003333333,84.88,6.273698215,0.104561637,0,0,0,13.5295,6271,f,6369,front,20.10.20,0,0,0,0,0.23
DG3_F_5,DG3_F_9,DG3_F5_201020,DG3_F,0,0,0,2,4,2,n,y,Female,0.03,2,0.147825123,0.002463752,0,0,0,13.5295,6271,f,6369,front,20.10.20,0,0,0,0,0.29
DG3_F_6,DG3_F_1,DG3_F6_201020,DG3_F,0,0,0,1,3,2,n,n,Male,0.04,7.76,2.351515152,0.039191919,0,0,0,3.3,6369,m,6271,side,20.10.20,0,0,0,0,0.39
DG3_F_6,DG3_F_10,DG3_F6_201020,DG3_F,0,0,0,1,3,2,y,y,Female,0.043333333,17.08,5.175757576,0.086262626,0,0,0,3.3,6369,m,6369,side,20.10.20,0,0,0,0,0.263333333
DG3_F_6,DG3_F_2,DG3_F6_201020,DG3_F,0,0,0,1,3,2,n,n,Male,0.06,11.36,3.442424242,0.057373737,0,0,0,3.3,6369,m,6271,side,20.10.20,0,0,0,0,0.38
DG3_F_6,DG3_F_3,DG3_F6_201020,DG3_F,0,0,0,1,3,2,n,n,Female,0.046666667,2.72,0.824242424,0.013737374,0.56,0.16969697,0.002828283,3.3,6369,m,6271,side,20.10.20,0,0,0,0,0.326666667
DG3_F_6,DG3_F_4,DG3_F6_201020,DG3_F,0,0,0,1,3,2,n,n,Female,0.096666667,0.96,0.290909091,0.004848485,0,0,0,3.3,6369,m,6271,side,20.10.20,0,0,0,0,0.41
DG3_F_6,DG3_F_5,DG3_F6_201020,DG3_F,0,0,0,1,3,2,n,n,Female,0.143333333,17.8,5.393939394,0.08989899,0,0,0,3.3,6369,m,6271,side,20.10.20,0,0,0,0,0.446666667
DG3_F_6,DG3_F_7,DG3_F6_201020,DG3_F,0,0,0,1,3,2,y,n,Male,0.02,31.36,9.503030303,0.158383838,0,0,0,3.3,6369,m,6369,side,20.10.20,0,0,0,0,0.386666667
DG3_F_6,DG3_F_8,DG3_F6_201020,DG3_F,0,0,0,1,3,2,y,n,Male,0.003333333,0,0,0,0,0,0,3.3,6369,m,6369,side,20.10.20,0,0,0,0,0.23
DG3_F_6,DG3_F_9,DG3_F6_201020,DG3_F,0,1,0.345741616,1,3,2,y,y,Female,0.03,0,0,0,0,0,0,3.3,6369,m,6369,side,20.10.20,0,2,0,0.345741616,0.29
DG3_F_7,DG3_F_1,DG3_F7_211020,DG3_F,0,0,0,1,5,3,n,n,Male,0.04,11,7.98161809,0.133026968,0,0,0,1.378166667,6369,m,6271,front,21.10.20,0,0,0,0,0.39
DG3_F_7,DG3_F_10,DG3_F7_211020,DG3_F,0,0,0,1,5,3,y,y,Female,0.043333333,0,0,0,0,0,0,1.378166667,6369,m,6369,front,21.10.20,0,0,0,0,0.263333333
DG3_F_7,DG3_F_2,DG3_F7_211020,DG3_F,0,0,0,1,5,3,n,n,Male,0.06,9.24,6.704559195,0.111742653,0,0,0,1.378166667,6369,m,6271,front,21.10.20,0,0,0,0,0.38
DG3_F_7,DG3_F_3,DG3_F7_211020,DG3_F,1,0,0,1,5,3,n,n,Female,0.046666667,15.32,11.11621719,0.185270287,0,0,0,1.378166667,6369,m,6271,front,21.10.20,0,0,0,0,0.326666667
DG3_F_7,DG3_F_4,DG3_F7_211020,DG3_F,0,0,0,1,5,3,n,n,Female,0.096666667,30.6,22.20341032,0.370056839,0,0,0,1.378166667,6369,m,6271,front,21.10.20,0,0,0,0,0.41
DG3_F_7,DG3_F_5,DG3_F7_211020,DG3_F,0,0,0,1,5,3,n,y,Female,0.143333333,11.16,8.097714353,0.134961906,0,0,0,1.378166667,6369,m,6271,front,21.10.20,0,0,0,0,0.446666667
DG3_F_7,DG3_F_6,DG3_F7_211020,DG3_F,0,0,0,1,5,3,y,y,Male,0.026666667,0,0,0,0,0,0,1.378166667,6369,m,6369,front,21.10.20,0,0,0,0,0.273333333
DG3_F_7,DG3_F_8,DG3_F7_211020,DG3_F,0,0,0,1,5,3,y,n,Male,0.003333333,0,0,0,0,0,0,1.378166667,6369,m,6369,front,21.10.20,0,0,0,0,0.23
DG3_F_7,DG3_F_9,DG3_F7_211020,DG3_F,0,0,0,1,5,3,y,y,Female,0.03,0,0,0,0,0,0,1.378166667,6369,m,6369,front,21.10.20,0,0,0,0,0.29
DG3_F_8,DG3_F_1,DG3_F8_221020,DG3_F,0,0,0,1,7,4,n,n,Male,0.04,0,0,0,0,0,0,5.026833333,6369,m,6271,side,22.10.20,0,0,0,0,0.39
DG3_F_8,DG3_F_10,DG3_F8_221020,DG3_F,0,0,0.558919423,1,7,4,y,y,Female,0.043333333,0,0,0,0,0,0,5.026833333,6369,m,6369,side,22.10.20,1,3,0.139729856,0.419189567,0.263333333
DG3_F_8,DG3_F_2,DG3_F8_221020,DG3_F,0,0,0,1,7,4,n,y,Male,0.06,80.52,16.01803654,0.266967276,1.56,0.310334538,0.005172242,5.026833333,6369,m,6271,side,22.10.20,0,0,0,0,0.38
DG3_F_8,DG3_F_3,DG3_F8_221020,DG3_F,0,0,0.139729856,1,7,4,n,n,Female,0.046666667,45.04,8.959915123,0.149331919,0.84,0.167103213,0.002785054,5.026833333,6369,m,6271,side,22.10.20,0,1,0,0.139729856,0.326666667
DG3_F_8,DG3_F_4,DG3_F8_221020,DG3_F,0,0,0,1,7,4,n,n,Female,0.096666667,69.8,13.88548125,0.231424688,1.68,0.334206426,0.005570107,5.026833333,6369,m,6271,side,22.10.20,0,0,0,0,0.41
DG3_F_8,DG3_F_5,DG3_F8_221020,DG3_F,0,1,0,1,7,4,n,y,Female,0.143333333,0,0,0,0,0,0,5.026833333,6369,m,6271,side,22.10.20,0,0,0,0,0.446666667
DG3_F_8,DG3_F_6,DG3_F8_221020,DG3_F,1,0,0,1,7,4,y,y,Male,0.026666667,13.28,2.641822221,0.04403037,0,0,0,5.026833333,6369,m,6369,side,22.10.20,0,0,0,0,0.273333333
DG3_F_8,DG3_F_7,DG3_F8_221020,DG3_F,0,0,0,1,7,4,y,y,Male,0.02,0,0,0,0,0,0,5.026833333,6369,m,6369,side,22.10.20,0,0,0,0,0.386666667
DG3_F_8,DG3_F_9,DG3_F8_221020,DG3_F,0,0,0,1,7,4,y,y,Female,0.03,0,0,0,0,0,0,5.026833333,6369,m,6369,side,22.10.20,0,0,0,0,0.29
DG3_F_9,DG3_F_1,DG3_F9_191020,DG3_F,0,0,0,1,1,1,n,n,Male,0.04,54.28,5.297590967,0.088293183,0,0,0,10.24616667,6369,f,6271,front,19.10.20,0,0,0,0,0.39
DG3_F_9,DG3_F_10,DG3_F9_191020,DG3_F,0,0,0,1,1,1,y,n,Female,0.043333333,83.68,8.166956745,0.136115946,0,0,0,10.24616667,6369,f,6369,front,19.10.20,0,0,0,0,0.263333333
DG3_F_9,DG3_F_2,DG3_F9_191020,DG3_F,1,1,0,1,1,1,n,n,Male,0.06,3,0.29296875,0.004882813,14.48,1.413211444,0.023553524,10.24616667,6369,f,6271,front,19.10.20,0,0,0,0,0.38
DG3_F_9,DG3_F_3,DG3_F9_191020,DG3_F,0,0,0,1,1,1,n,n,Female,0.046666667,197.04,19.23060656,0.320510109,1.44,0.140540365,0.002342339,10.24616667,6369,f,6271,front,19.10.20,0,0,0,0,0.326666667
DG3_F_9,DG3_F_4,DG3_F9_191020,DG3_F,0,0,0,1,1,1,n,n,Female,0.096666667,0,0,0,0,0,0,10.24616667,6369,f,6271,front,19.10.20,0,0,0,0,0.41
DG3_F_9,DG3_F_5,DG3_F9_191020,DG3_F,0,0,0,1,1,1,n,n,Female,0.143333333,20,1.951949509,0.032532492,4.44,0.433332791,0.007222213,10.24616667,6369,f,6271,front,19.10.20,0,0,0,0,0.446666667
DG3_F_9,DG3_F_6,DG3_F9_191020,DG3_F,0,0,0,1,1,1,y,n,Male,0.026666667,0,0,0,6.32,0.616816045,0.010280267,10.24616667,6369,f,6369,front,19.10.20,0,0,0,0,0.273333333
DG3_F_9,DG3_F_7,DG3_F9_191020,DG3_F,0,0,0,1,1,1,y,n,Male,0.02,0,0,0,0,0,0,10.24616667,6369,f,6369,front,19.10.20,0,0,0,0,0.386666667
DG3_F_9,DG3_F_8,DG3_F9_191020,DG3_F,0,0,0,1,1,1,y,n,Male,0.003333333,0,0,0,0,0,0,10.24616667,6369,f,6369,front,19.10.20,0,0,0,0,0.23
DG3_W_1,DG3_W_10,DG3_W1_201020,DG3_W,0,0,0,2,4,2,n,n,Female,0.123333333,26.48,1.324,0.022066667,0,0,0,20,6079,m,6073,front,20.10.20,0,0,0,0,0.35
DG3_W_1,DG3_W_2,DG3_W1_201020,DG3_W,0,0,0,2,4,2,y,y,Male,0.046666667,5.96,0.298,0.004966667,0,0,0,20,6079,m,6079,front,20.10.20,0,0,0,0,0.24
DG3_W_1,DG3_W_3,DG3_W1_201020,DG3_W,0,0,0,2,4,2,y,n,Female,0.033333333,61.48,3.074,0.051233333,0.96,0.048,8.00E-04,20,6079,m,6079,front,20.10.20,0,0,0,0,0.316666667
DG3_W_1,DG3_W_4,DG3_W1_201020,DG3_W,0,0,0.172850887,2,4,2,y,y,Female,0.01,13.84,0.692,0.011533333,0,0,0,20,6079,m,6079,front,20.10.20,0,1,0,0.172850887,0.17
DG3_W_1,DG3_W_5,DG3_W1_201020,DG3_W,0,0,0,2,4,2,y,n,Female,0.066666667,51.56,2.578,0.042966667,0,0,0,20,6079,m,6079,front,20.10.20,0,0,0,0,0.243333333
DG3_W_1,DG3_W_6,DG3_W1_201020,DG3_W,0,0,0,2,4,2,n,n,Male,0.036666667,48.96,2.448,0.0408,0,0,0,20,6079,m,6073,front,20.10.20,0,0,0,0,0.323333334
DG3_W_1,DG3_W_7,DG3_W1_201020,DG3_W,0,0,0,2,4,2,n,y,Male,0.09,29.68,1.484,0.024733333,0,0,0,20,6079,m,6073,front,20.10.20,0,0,0,0,0.286666667
DG3_W_1,DG3_W_8,DG3_W1_201020,DG3_W,0,0,0,2,4,2,n,n,Male,0.033333333,34.44,1.722,0.0287,0,0,0,20,6079,m,6073,front,20.10.20,0,0,0,0,0.186666667
DG3_W_1,DG3_W_9,DG3_W1_201020,DG3_W,0,0,0,2,4,2,n,n,Female,0.076666667,75.32,3.766,0.062766667,0,0,0,20,6079,m,6073,front,20.10.20,0,0,0,0,0.413333333
DG3_W_10,DG3_W_1,DG3_W10_221020,DG3_W,0,0,0,1,7,4,n,y,Male,0.03,0,0,0,0,0,0,1.878833333,6073,f,6079,side,22.10.20,0,0,0,0,0.253333333
DG3_W_10,DG3_W_2,DG3_W10_221020,DG3_W,0,0,0,1,7,4,n,y,Male,0.046666667,0,0,0,0,0,0,1.878833333,6073,f,6079,side,22.10.20,0,0,0,0,0.24
DG3_W_10,DG3_W_3,DG3_W10_221020,DG3_W,0,0,0,1,7,4,n,n,Female,0.033333333,34.92,18.58600195,0.309766699,1.36,0.723853455,0.012064224,1.878833333,6073,f,6079,side,22.10.20,0,0,0,0,0.316666667
DG3_W_10,DG3_W_4,DG3_W10_221020,DG3_W,0,0,0,1,7,4,n,y,Female,0.01,36.72,19.54404329,0.325734055,0,0,0,1.878833333,6073,f,6079,side,22.10.20,0,0,0,0,0.17
DG3_W_10,DG3_W_5,DG3_W10_221020,DG3_W,1,0,0,1,7,4,n,y,Female,0.066666667,55.64,29.61412224,0.493568704,0,0,0,1.878833333,6073,f,6079,side,22.10.20,0,0,0,0,0.243333333
DG3_W_10,DG3_W_6,DG3_W10_221020,DG3_W,0,0,0,1,7,4,y,n,Male,0.036666667,1.68,0.894171915,0.014902865,0,0,0,1.878833333,6073,f,6073,side,22.10.20,0,0,0,0,0.323333334
DG3_W_10,DG3_W_7,DG3_W10_221020,DG3_W,0,0,0,1,7,4,y,y,Male,0.09,0,0,0,0,0,0,1.878833333,6073,f,6073,side,22.10.20,0,0,0,0,0.286666667
DG3_W_10,DG3_W_8,DG3_W10_221020,DG3_W,0,0,0,1,7,4,y,n,Male,0.033333333,5.28,2.810254591,0.046837577,0,0,0,1.878833333,6073,f,6073,side,22.10.20,0,0,0,0,0.186666667
DG3_W_10,DG3_W_9,DG3_W10_221020,DG3_W,0,0,0,1,7,4,y,y,Female,0.076666667,45.88,24.41940921,0.406990154,0,0,0,1.878833333,6073,f,6073,side,22.10.20,0,0,0,0,0.413333333
DG3_W_2,DG3_W_1,DG3_W2_191020,DG3_W,0,0,0,1,1,1,y,n,Male,0.03,40.12,14.24631591,0.237438599,0,0,0,2.816166667,6079,m,6079,front,19.10.20,0,0,0,0,0.253333333
DG3_W_2,DG3_W_10,DG3_W2_191020,DG3_W,1,1,0,1,1,1,n,n,Female,0.123333333,19.12,6.789370893,0.113156182,0,0,0,2.816166667,6079,m,6073,front,19.10.20,0,0,0,0,0.35
DG3_W_2,DG3_W_3,DG3_W2_191020,DG3_W,0,0,0,1,1,1,y,n,Female,0.033333333,17.76,6.30644493,0.105107416,0,0,0,2.816166667,6079,m,6079,front,19.10.20,0,0,0,0,0.316666667
DG3_W_2,DG3_W_4,DG3_W2_191020,DG3_W,0,0,0,1,1,1,y,n,Female,0.01,44.68,15.86553826,0.264425638,0,0,0,2.816166667,6079,m,6079,front,19.10.20,0,0,0,0,0.17
DG3_W_2,DG3_W_5,DG3_W2_191020,DG3_W,0,0,0,1,1,1,y,n,Female,0.066666667,25.56,9.076167366,0.151269456,0,0,0,2.816166667,6079,m,6079,front,19.10.20,0,0,0,0,0.243333333
DG3_W_2,DG3_W_6,DG3_W2_191020,DG3_W,0,0,0,1,1,1,n,n,Male,0.036666667,63.64,22.59809433,0.376634906,0,0,0,2.816166667,6079,m,6073,front,19.10.20,0,0,0,0,0.323333334
DG3_W_2,DG3_W_7,DG3_W2_191020,DG3_W,0,0,0,1,1,1,n,n,Male,0.09,22.84,8.11031544,0.135171924,0,0,0,2.816166667,6079,m,6073,front,19.10.20,0,0,0,0,0.286666667
DG3_W_2,DG3_W_8,DG3_W2_191020,DG3_W,0,0,0.695894224,1,1,1,n,n,Male,0.033333333,35.6,12.64129727,0.210688288,0,0,0,2.816166667,6079,m,6073,front,19.10.20,2,2,0.347947112,0.347947112,0.186666667
DG3_W_2,DG3_W_9,DG3_W2_191020,DG3_W,0,0,0,1,1,1,n,n,Female,0.076666667,80.76,28.67727999,0.477954666,0,0,0,2.816166667,6079,m,6073,front,19.10.20,0,0,0,0,0.413333333
DG3_W_3,DG3_W_1,DG3_W3_231020,DG3_W,0,0,0,1,9,5,y,y,Male,0.03,0,0,0,0,0,0,0.566833333,6079,f,6079,side,23.10.20,0,0,0,0,0.253333333
DG3_W_3,DG3_W_10,DG3_W3_231020,DG3_W,0,0,0.363225442,1,9,5,n,y,Female,0.123333333,0,0,0,0,0,0,0.566833333,6079,f,6073,side,23.10.20,0,3,0,0.363225442,0.35
DG3_W_3,DG3_W_2,DG3_W3_231020,DG3_W,0,0,0,1,9,5,y,y,Male,0.046666667,0,0,0,0,0,0,0.566833333,6079,f,6079,side,23.10.20,0,0,0,0,0.24
DG3_W_3,DG3_W_4,DG3_W3_231020,DG3_W,0,0,0,1,9,5,y,y,Female,0.01,16.68,29.42663924,0.490443987,0,0,0,0.566833333,6079,f,6079,side,23.10.20,0,0,0,0,0.17
DG3_W_3,DG3_W_5,DG3_W3_231020,DG3_W,1,0,0,1,9,5,y,y,Female,0.066666667,17.48,30.83798884,0.513966481,0,0,0,0.566833333,6079,f,6079,side,23.10.20,0,0,0,0,0.243333333
DG3_W_3,DG3_W_6,DG3_W3_231020,DG3_W,0,0,0,1,9,5,n,n,Male,0.036666667,0,0,0,0,0,0,0.566833333,6079,f,6073,side,23.10.20,0,0,0,0,0.323333334
DG3_W_3,DG3_W_7,DG3_W3_231020,DG3_W,0,0,0.605375736,1,9,5,n,y,Male,0.09,0,0,0,0,0,0,0.566833333,6079,f,6073,side,23.10.20,1,4,0.121075147,0.484300589,0.286666667
DG3_W_3,DG3_W_8,DG3_W3_231020,DG3_W,0,0,0,1,9,5,n,y,Male,0.033333333,0,0,0,0,0,0,0.566833333,6079,f,6073,side,23.10.20,0,0,0,0,0.186666667
DG3_W_3,DG3_W_9,DG3_W3_231020,DG3_W,0,0,0.121075147,1,9,5,n,y,Female,0.076666667,29.68,52.3610703,0.872684505,0,0,0,0.566833333,6079,f,6073,side,23.10.20,0,1,0,0.121075147,0.413333333
DG3_W_4,DG3_W_1,DG3_W4_201020,DG3_W,0,0,0,1,3,2,y,n,Male,0.03,48.88,13.07592848,0.217932141,0,0,0,3.738166667,6079,f,6079,side,20.10.20,0,0,0,0,0.253333333
DG3_W_4,DG3_W_10,DG3_W4_201020,DG3_W,0,0,0,1,3,2,n,n,Female,0.123333333,1.76,0.470819029,0.007846984,0,0,0,3.738166667,6079,f,6073,side,20.10.20,0,0,0,0,0.35
DG3_W_4,DG3_W_2,DG3_W4_201020,DG3_W,0,0,0,1,3,2,y,y,Male,0.046666667,7.64,2.043782603,0.034063043,11.08,2.964019796,0.04940033,3.738166667,6079,f,6079,side,20.10.20,0,0,0,0,0.24
DG3_W_4,DG3_W_3,DG3_W4_201020,DG3_W,0,0,0,1,3,2,y,n,Female,0.033333333,34.28,9.170270631,0.152837844,1.88,0.502920326,0.008382005,3.738166667,6079,f,6079,side,20.10.20,0,0,0,0,0.316666667
DG3_W_4,DG3_W_5,DG3_W4_201020,DG3_W,0,0,0,1,3,2,y,n,Female,0.066666667,33.04,8.838557224,0.147309287,0,0,0,3.738166667,6079,f,6079,side,20.10.20,0,0,0,0,0.243333333
DG3_W_4,DG3_W_6,DG3_W4_201020,DG3_W,1,0,0,1,3,2,n,n,Male,0.036666667,91.56,24.49328993,0.408221499,0,0,0,3.738166667,6079,f,6073,side,20.10.20,0,0,0,0,0.323333334
DG3_W_4,DG3_W_7,DG3_W4_201020,DG3_W,0,0,0,1,3,2,n,y,Male,0.09,0,0,0,0,0,0,3.738166667,6079,f,6073,side,20.10.20,0,0,0,0,0.286666667
DG3_W_4,DG3_W_8,DG3_W4_201020,DG3_W,0,0,0,1,3,2,n,n,Male,0.033333333,49.88,13.3434393,0.222390655,0,0,0,3.738166667,6079,f,6073,side,20.10.20,0,0,0,0,0.186666667
DG3_W_4,DG3_W_9,DG3_W4_201020,DG3_W,0,0,0,1,3,2,n,n,Female,0.076666667,107.04,28.6343573,0.477239288,0,0,0,3.738166667,6079,f,6073,side,20.10.20,0,0,0,0,0.413333333
DG3_W_5,DG3_W_1,DG3_W5_211020,DG3_W,0,0,0,2,6,3,y,y,Male,0.03,3.4,3.613817539,0.060230292,0,0,0,0.940833333,6079,f,6079,side,21.10.20,0,0,0,0,0.253333333
DG3_W_5,DG3_W_10,DG3_W5_211020,DG3_W,1,0,0,2,6,3,n,n,Female,0.123333333,5.04,5.356953058,0.089282551,0,0,0,0.940833333,6079,f,6073,side,21.10.20,0,0,0,0,0.35
DG3_W_5,DG3_W_2,DG3_W5_211020,DG3_W,0,0,0,2,6,3,y,y,Male,0.046666667,0,0,0,0,0,0,0.940833333,6079,f,6079,side,21.10.20,0,0,0,0,0.24
DG3_W_5,DG3_W_3,DG3_W5_211020,DG3_W,0,1,0,2,6,3,y,n,Female,0.033333333,11.4,12.11691763,0.201948627,0,0,0,0.940833333,6079,f,6079,side,21.10.20,0,0,0,0,0.316666667
DG3_W_5,DG3_W_4,DG3_W5_211020,DG3_W,0,0,0,2,6,3,y,y,Female,0.01,33.28,35.37289638,0.589548273,0,0,0,0.940833333,6079,f,6079,side,21.10.20,0,0,0,0,0.17
DG3_W_5,DG3_W_6,DG3_W5_211020,DG3_W,0,0,0,2,6,3,n,n,Male,0.036666667,6.44,6.844995574,0.11408326,0,0,0,0.940833333,6079,f,6073,side,21.10.20,0,0,0,0,0.323333334
DG3_W_5,DG3_W_7,DG3_W5_211020,DG3_W,0,0,0,2,6,3,n,y,Male,0.09,0,0,0,0,0,0,0.940833333,6079,f,6073,side,21.10.20,0,0,0,0,0.286666667
DG3_W_5,DG3_W_8,DG3_W5_211020,DG3_W,0,0,0,2,6,3,n,n,Male,0.033333333,12.52,13.30735164,0.221789194,0,0,0,0.940833333,6079,f,6073,side,21.10.20,0,0,0,0,0.186666667
DG3_W_5,DG3_W_9,DG3_W5_211020,DG3_W,0,0,0,2,6,3,n,y,Female,0.076666667,27.2,28.91054031,0.481842339,0,0,0,0.940833333,6079,f,6073,side,21.10.20,0,0,0,0,0.413333333
DG3_W_6,DG3_W_1,DG3_W6_231020,DG3_W,0,0,0,2,10,5,n,y,Male,0.03,4.92,1.620820293,0.027013672,0,0,0,3.0355,6073,m,6079,front,23.10.20,0,0,0,0,0.253333333
DG3_W_6,DG3_W_10,DG3_W6_231020,DG3_W,0,0,0,2,10,5,y,y,Female,0.123333333,46.16,15.20672047,0.253445341,0,0,0,3.0355,6073,m,6073,front,23.10.20,0,0,0,0,0.35
DG3_W_6,DG3_W_2,DG3_W6_231020,DG3_W,0,0,0,2,10,5,n,y,Male,0.046666667,0,0,0,0,0,0,3.0355,6073,m,6079,front,23.10.20,0,0,0,0,0.24
DG3_W_6,DG3_W_3,DG3_W6_231020,DG3_W,0,0,0,2,10,5,n,y,Female,0.033333333,29.6,9.751276561,0.162521276,1.36,0.448031626,0.007467194,3.0355,6073,m,6079,front,23.10.20,0,0,0,0,0.316666667
DG3_W_6,DG3_W_4,DG3_W6_231020,DG3_W,1,0,0,2,10,5,n,y,Female,0.01,96.04,31.63893922,0.527315654,0,0,0,3.0355,6073,m,6079,front,23.10.20,0,0,0,0,0.17
DG3_W_6,DG3_W_5,DG3_W6_231020,DG3_W,0,0,0,2,10,5,n,y,Female,0.066666667,55.8,18.38247406,0.306374568,0,0,0,3.0355,6073,m,6079,front,23.10.20,0,0,0,0,0.243333333
DG3_W_6,DG3_W_7,DG3_W6_231020,DG3_W,0,0,0,2,10,5,y,y,Male,0.09,0,0,0,0,0,0,3.0355,6073,m,6073,front,23.10.20,0,0,0,0,0.286666667
DG3_W_6,DG3_W_8,DG3_W6_231020,DG3_W,0,0,0,2,10,5,y,y,Male,0.033333333,9.08,2.991269972,0.0498545,0,0,0,3.0355,6073,m,6073,front,23.10.20,0,0,0,0,0.186666667
DG3_W_6,DG3_W_9,DG3_W6_231020,DG3_W,0,0,0,2,10,5,y,y,Female,0.076666667,97.36,32.07379344,0.534563224,0,0,0,3.0355,6073,m,6073,front,23.10.20,0,0,0,0,0.413333333
DG3_W_7,DG3_W_1,DG3_W7_191020,DG3_W,0,0,0,2,2,1,n,n,Male,0.03,36.56,17.91425072,0.298570845,0,0,0,2.040833333,6073,m,6079,side,19.10.20,0,0,0,0,0.253333333
DG3_W_7,DG3_W_10,DG3_W7_191020,DG3_W,0,0,0,2,2,1,y,n,Female,0.123333333,0,0,0,0,0,0,2.040833333,6073,m,6073,side,19.10.20,0,0,0,0,0.35
DG3_W_7,DG3_W_2,DG3_W7_191020,DG3_W,0,0,0,2,2,1,n,y,Male,0.046666667,2.6,1.273989384,0.021233156,5.04,2.469579421,0.041159657,2.040833333,6073,m,6079,side,19.10.20,0,0,0,0,0.24
DG3_W_7,DG3_W_3,DG3_W7_191020,DG3_W,0,0,0,2,2,1,n,n,Female,0.033333333,0,0,0,0,0,0,2.040833333,6073,m,6079,side,19.10.20,0,0,0,0,0.316666667
DG3_W_7,DG3_W_4,DG3_W7_191020,DG3_W,1,0,0,2,2,1,n,n,Female,0.01,64.4,31.55573704,0.525928951,0,0,0,2.040833333,6073,m,6079,side,19.10.20,0,0,0,0,0.17
DG3_W_7,DG3_W_5,DG3_W7_191020,DG3_W,0,0,0,2,2,1,n,n,Female,0.066666667,16.04,7.859534505,0.130992242,0,0,0,2.040833333,6073,m,6079,side,19.10.20,0,0,0,0,0.243333333
DG3_W_7,DG3_W_6,DG3_W7_191020,DG3_W,0,0,0,2,2,1,y,n,Male,0.036666667,27.4,13.42588812,0.223764802,0,0,0,2.040833333,6073,m,6073,side,19.10.20,0,0,0,0,0.323333334
DG3_W_7,DG3_W_8,DG3_W7_191020,DG3_W,0,1,0,2,2,1,y,n,Male,0.033333333,26.56,13.01429155,0.216904859,0,0,0,2.040833333,6073,m,6073,side,19.10.20,0,0,0,0,0.186666667
DG3_W_7,DG3_W_9,DG3_W7_191020,DG3_W,0,0,0,2,2,1,y,n,Female,0.076666667,55.44,27.16537363,0.452756227,0,0,0,2.040833333,6073,m,6073,side,19.10.20,0,0,0,0,0.413333333
DG3_W_8,DG3_W_1,DG3_W8_221020,DG3_W,0,0,0,2,8,4,n,y,Male,0.03,36.64,15.27409157,0.254568193,0,0,0,2.398833333,6073,m,6079,front,22.10.20,0,0,0,0,0.253333333
DG3_W_8,DG3_W_10,DG3_W8_221020,DG3_W,0,0,0,2,8,4,y,y,Female,0.123333333,0,0,0,0,0,0,2.398833333,6073,m,6073,front,22.10.20,0,0,0,0,0.35
DG3_W_8,DG3_W_2,DG3_W8_221020,DG3_W,0,0,0,2,8,4,n,y,Male,0.046666667,1.16,0.483568401,0.008059473,0,0,0,2.398833333,6073,m,6079,front,22.10.20,0,0,0,0,0.24
DG3_W_8,DG3_W_3,DG3_W8_221020,DG3_W,0,0,0,2,8,4,n,n,Female,0.033333333,26.52,11.05537414,0.184256236,2.12,0.88376294,0.014729382,2.398833333,6073,m,6079,front,22.10.20,0,0,0,0,0.316666667
DG3_W_8,DG3_W_4,DG3_W8_221020,DG3_W,0,1,0.174703005,2,8,4,n,y,Female,0.01,47.68,19.87632877,0.331272146,0,0,0,2.398833333,6073,m,6079,front,22.10.20,0,1,0,0.174703005,0.17
DG3_W_8,DG3_W_5,DG3_W8_221020,DG3_W,0,0,0,2,8,4,n,y,Female,0.066666667,24.76,10.32168415,0.172028069,7.72,3.218231085,0.053637185,2.398833333,6073,m,6079,front,22.10.20,0,0,0,0,0.243333333
DG3_W_8,DG3_W_6,DG3_W8_221020,DG3_W,0,0,0,2,8,4,y,n,Male,0.036666667,48.08,20.0430765,0.334051275,0,0,0,2.398833333,6073,m,6073,front,22.10.20,0,0,0,0,0.323333334
DG3_W_8,DG3_W_7,DG3_W8_221020,DG3_W,1,0,0,2,8,4,y,y,Male,0.09,40.08,16.70812201,0.2784687,0,0,0,2.398833333,6073,m,6073,front,22.10.20,0,0,0,0,0.286666667
DG3_W_8,DG3_W_9,DG3_W8_221020,DG3_W,0,0,0,2,8,4,y,y,Female,0.076666667,61.6,25.67914959,0.427985827,0,0,0,2.398833333,6073,m,6073,front,22.10.20,0,0,0,0,0.413333333
DG3_W_9,DG3_W_1,DG3_W9_211020,DG3_W,0,0,0,1,5,3,n,y,Male,0.03,23.48,15.3849514,0.256415857,0,0,0,1.526166667,6073,f,6079,front,21.10.20,0,0,0,0,0.253333333
DG3_W_9,DG3_W_10,DG3_W9_211020,DG3_W,0,0,0.356506239,1,5,3,y,n,Female,0.123333333,0,0,0,12.76,8.36081686,0.139346948,1.526166667,6073,f,6073,front,21.10.20,0,2,0,0.356506239,0.35
DG3_W_9,DG3_W_2,DG3_W9_211020,DG3_W,0,0,0,1,5,3,n,y,Male,0.046666667,0,0,0,0,0,0,1.526166667,6073,f,6079,front,21.10.20,0,0,0,0,0.24
DG3_W_9,DG3_W_3,DG3_W9_211020,DG3_W,0,1,0,1,5,3,n,n,Female,0.033333333,30.28,19.84055913,0.330675986,0,0,0,1.526166667,6073,f,6079,front,21.10.20,0,0,0,0,0.316666667
DG3_W_9,DG3_W_4,DG3_W9_211020,DG3_W,1,0,0,1,5,3,n,y,Female,0.01,76.88,50.37457682,0.83957628,0,0,0,1.526166667,6073,f,6079,front,21.10.20,0,0,0,0,0.17
DG3_W_9,DG3_W_5,DG3_W9_211020,DG3_W,0,0,0,1,5,3,n,n,Female,0.066666667,37.76,24.74172763,0.412362127,8.12,5.32051982,0.08867533,1.526166667,6073,f,6079,front,21.10.20,0,0,0,0,0.243333333
DG3_W_9,DG3_W_6,DG3_W9_211020,DG3_W,0,0,0,1,5,3,y,n,Male,0.036666667,52.8,34.59648356,0.576608059,0,0,0,1.526166667,6073,f,6073,front,21.10.20,0,0,0,0,0.323333334
DG3_W_9,DG3_W_7,DG3_W9_211020,DG3_W,0,0,0,1,5,3,y,y,Male,0.09,18.16,11.89909359,0.198318226,0,0,0,1.526166667,6073,f,6073,front,21.10.20,0,0,0,0,0.286666667
DG3_W_9,DG3_W_8,DG3_W9_211020,DG3_W,0,0,0,1,5,3,y,n,Male,0.033333333,9.16,6.001965708,0.100032762,0,0,0,1.526166667,6073,f,6073,front,21.10.20,0,0,0,0,0.186666667
DG4_F_1,DG4_F_10,DG4_F1_031220,DG4_F,0,0,0,2,8,4,n,n,Female,0.026666667,5.32,2.294422081,0.038240368,0,0,0,2.318666667,6099,m,6188,side,03.12.20,0,0,0,0,0.243333333
DG4_F_1,DG4_F_2,DG4_F1_031220,DG4_F,1,0,0,2,8,4,y,n,Male,0.076666667,41.08,17.71707878,0.295284646,0,0,0,2.318666667,6099,m,6099,side,03.12.20,0,0,0,0,0.216666667
DG4_F_1,DG4_F_3,DG4_F1_031220,DG4_F,0,0,0,2,8,4,y,y,Male,0.04,61,26.30822311,0.438470385,0,0,0,2.318666667,6099,m,6099,side,03.12.20,0,0,0,0,0.223333334
DG4_F_1,DG4_F_4,DG4_F1_031220,DG4_F,0,1,0,2,8,4,y,y,Female,0.036666667,18.4,7.935595168,0.132259919,89.04,38.4013801,0.640023002,2.318666667,6099,m,6099,side,03.12.20,0,0,0,0,0.26
DG4_F_1,DG4_F_5,DG4_F1_031220,DG4_F,0,0,0,2,8,4,y,y,Female,0.053333333,0,0,0,0,0,0,2.318666667,6099,m,6099,side,03.12.20,0,0,0,0,0.206666666
DG4_F_1,DG4_F_6,DG4_F1_031220,DG4_F,0,0,0,2,8,4,n,y,Male,0.033333333,0,0,0,0,0,0,2.318666667,6099,m,6188,side,03.12.20,0,0,0,0,0.096666667
DG4_F_1,DG4_F_7,DG4_F1_031220,DG4_F,0,0,0,2,8,4,n,y,Male,0.05,0,0,0,0,0,0,2.318666667,6099,m,6188,side,03.12.20,0,0,0,0,0.146666667
DG4_F_1,DG4_F_8,DG4_F1_031220,DG4_F,0,0,0,2,8,4,n,y,Female,0.083333333,0,0,0,0,0,0,2.318666667,6099,m,6188,side,03.12.20,0,0,0,0,0.233333333
DG4_F_1,DG4_F_9,DG4_F1_031220,DG4_F,0,0,0,2,8,4,n,y,Female,0.026666667,0,0,0,0,0,0,2.318666667,6099,m,6188,side,03.12.20,0,0,0,0,0.15
DG4_F_10,DG4_F_1,DG4_F10_041220,DG4_F,0,0,0,1,9,5,n,y,Male,0.086666666,0,0,0,0,0,0,3.100666667,6188,f,6099,side,04.12.20,0,0,0,0,0.16
DG4_F_10,DG4_F_2,DG4_F10_041220,DG4_F,0,0,0,1,9,5,n,n,Male,0.076666667,11.44,3.689529133,0.061492152,25.56,8.243388518,0.137389809,3.100666667,6188,f,6099,side,04.12.20,0,0,0,0,0.216666667
DG4_F_10,DG4_F_3,DG4_F10_041220,DG4_F,0,0,0,1,9,5,n,y,Male,0.04,18.2,5.869705439,0.097828424,0,0,0,3.100666667,6188,f,6099,side,04.12.20,0,0,0,0,0.223333334
DG4_F_10,DG4_F_4,DG4_F10_041220,DG4_F,0,0,0.333629893,1,9,5,n,y,Female,0.036666667,0,0,0,0,0,0,3.100666667,6188,f,6099,side,04.12.20,0,2,0,0.333629893,0.26
DG4_F_10,DG4_F_5,DG4_F10_041220,DG4_F,1,0,0,1,9,5,n,y,Female,0.053333333,45.36,14.62911202,0.243818534,0,0,0,3.100666667,6188,f,6099,side,04.12.20,0,0,0,0,0.206666666
DG4_F_10,DG4_F_6,DG4_F10_041220,DG4_F,0,0,0,1,9,5,y,y,Male,0.033333333,0,0,0,7.96,2.567189851,0.042786498,3.100666667,6188,f,6188,side,04.12.20,0,0,0,0,0.096666667
DG4_F_10,DG4_F_7,DG4_F10_041220,DG4_F,0,1,0,1,9,5,y,y,Male,0.05,0,0,0,0,0,0,3.100666667,6188,f,6188,side,04.12.20,0,0,0,0,0.146666667
DG4_F_10,DG4_F_8,DG4_F10_041220,DG4_F,0,0,0,1,9,5,y,y,Female,0.083333333,0,0,0,0,0,0,3.100666667,6188,f,6188,side,04.12.20,0,0,0,0,0.233333333
DG4_F_10,DG4_F_9,DG4_F10_041220,DG4_F,0,0,0,1,9,5,y,y,Female,0.026666667,0,0,0,0,0,0,3.100666667,6188,f,6188,side,04.12.20,0,0,0,0,0.15
DG4_F_2,DG4_F_1,DG4_F2_041220,DG4_F,0,0,0,2,10,5,y,y,Male,0.086666666,0,0,0,0,0,0,2.263333333,6099,m,6099,front,04.12.20,0,0,0,0,0.16
DG4_F_2,DG4_F_10,DG4_F2_041220,DG4_F,0,0,0,2,10,5,n,y,Female,0.026666667,0,0,0,0,0,0,2.263333333,6099,m,6188,front,04.12.20,0,0,0,0,0.243333333
DG4_F_2,DG4_F_3,DG4_F2_041220,DG4_F,0,0,0,2,10,5,y,y,Male,0.04,5.32,2.350515464,0.039175258,0,0,0,2.263333333,6099,m,6099,front,04.12.20,0,0,0,0,0.223333334
DG4_F_2,DG4_F_4,DG4_F2_041220,DG4_F,0,0,0,2,10,5,y,y,Female,0.036666667,33.8,14.93372607,0.248895434,0,0,0,2.263333333,6099,m,6099,front,04.12.20,0,0,0,0,0.26
DG4_F_2,DG4_F_5,DG4_F2_041220,DG4_F,0,0,0,2,10,5,y,y,Female,0.053333333,12.44,5.496318116,0.091605302,0,0,0,2.263333333,6099,m,6099,front,04.12.20,0,0,0,0,0.206666666
DG4_F_2,DG4_F_6,DG4_F2_041220,DG4_F,0,0,0,2,10,5,n,y,Male,0.033333333,8.96,3.958762887,0.065979381,0,0,0,2.263333333,6099,m,6188,front,04.12.20,0,0,0,0,0.096666667
DG4_F_2,DG4_F_7,DG4_F2_041220,DG4_F,1,0,0,2,10,5,n,y,Male,0.05,18.52,8.182621503,0.136377025,10.52,4.648011783,0.077466863,2.263333333,6099,m,6188,front,04.12.20,0,0,0,0,0.146666667
DG4_F_2,DG4_F_8,DG4_F2_041220,DG4_F,0,0,0,2,10,5,n,y,Female,0.083333333,0,0,0,0,0,0,2.263333333,6099,m,6188,front,04.12.20,0,0,0,0,0.233333333
DG4_F_2,DG4_F_9,DG4_F2_041220,DG4_F,0,0,0,2,10,5,n,y,Female,0.026666667,0,0,0,0,0,0,2.263333333,6099,m,6188,front,04.12.20,0,0,0,0,0.15
DG4_F_3,DG4_F_1,DG4_F3_301120,DG4_F,0,0,0.125,1,1,1,y,n,Male,0.086666666,0,0,0,0,0,0,1.852,6099,m,6099,side,30.11.20,0,1,0,0.125,0.16
DG4_F_3,DG4_F_10,DG4_F3_301120,DG4_F,0,0,0.125,1,1,1,n,n,Female,0.026666667,15.6,8.423326134,0.140388769,19.04,10.28077754,0.171346292,1.852,6099,m,6188,side,30.11.20,0,1,0,0.125,0.243333333
DG4_F_3,DG4_F_2,DG4_F3_301120,DG4_F,0,0,0.125,1,1,1,y,n,Male,0.076666667,0,0,0,0,0,0,1.852,6099,m,6099,side,30.11.20,0,1,0,0.125,0.216666667
DG4_F_3,DG4_F_4,DG4_F3_301120,DG4_F,0,0,0.25,1,1,1,y,n,Female,0.036666667,0,0,0,0,0,0,1.852,6099,m,6099,side,30.11.20,0,2,0,0.25,0.26
DG4_F_3,DG4_F_5,DG4_F3_301120,DG4_F,1,0,0,1,1,1,y,n,Female,0.053333333,33.64,18.16414687,0.302735781,0,0,0,1.852,6099,m,6099,side,30.11.20,0,0,0,0,0.206666666
DG4_F_3,DG4_F_6,DG4_F3_301120,DG4_F,0,0,0,1,1,1,n,n,Male,0.033333333,7.32,3.952483801,0.06587473,0,0,0,1.852,6099,m,6188,side,30.11.20,0,0,0,0,0.096666667
DG4_F_3,DG4_F_7,DG4_F3_301120,DG4_F,0,0,0.25,1,1,1,n,n,Male,0.05,0,0,0,1.28,0.691144708,0.011519078,1.852,6099,m,6188,side,30.11.20,0,2,0,0.25,0.146666667
DG4_F_3,DG4_F_8,DG4_F3_301120,DG4_F,0,0,0.125,1,1,1,n,n,Female,0.083333333,19,10.25917927,0.170986321,0,0,0,1.852,6099,m,6188,side,30.11.20,0,1,0,0.125,0.233333333
DG4_F_3,DG4_F_9,DG4_F3_301120,DG4_F,0,0,0,1,1,1,n,n,Female,0.026666667,30.88,16.67386609,0.277897768,0,0,0,1.852,6099,m,6188,side,30.11.20,0,0,0,0,0.15
DG4_F_4,DG4_F_1,DG4_F4_011220,DG4_F,0,0,0.171330668,1,3,2,y,n,Male,0.086666666,0,0,0,0,0,0,6.22,6099,f,6099,front,01.12.20,1,0,0.171330668,0,0.16
DG4_F_4,DG4_F_10,DG4_F4_011220,DG4_F,0,0,0,1,3,2,n,n,Female,0.026666667,37.28,5.993569132,0.099892819,22.76,3.659163987,0.060986066,6.22,6099,f,6188,front,01.12.20,0,0,0,0,0.243333333
DG4_F_4,DG4_F_2,DG4_F4_011220,DG4_F,0,0,0,1,3,2,y,n,Male,0.076666667,24.08,3.871382637,0.064523044,0,0,0,6.22,6099,f,6099,front,01.12.20,0,0,0,0,0.216666667
DG4_F_4,DG4_F_3,DG4_F4_011220,DG4_F,0,0,0,1,3,2,y,y,Male,0.04,0,0,0,0,0,0,6.22,6099,f,6099,front,01.12.20,0,0,0,0,0.223333334
DG4_F_4,DG4_F_5,DG4_F4_011220,DG4_F,1,0,0,1,3,2,y,n,Female,0.053333333,4.08,0.655948553,0.010932476,0,0,0,6.22,6099,f,6099,front,01.12.20,0,0,0,0,0.206666666
DG4_F_4,DG4_F_6,DG4_F4_011220,DG4_F,0,0,0,1,3,2,n,n,Male,0.033333333,0,0,0,0,0,0,6.22,6099,f,6188,front,01.12.20,0,0,0,0,0.096666667
DG4_F_4,DG4_F_7,DG4_F4_011220,DG4_F,0,0,0.513992005,1,3,2,n,n,Male,0.05,110.12,17.70418006,0.295069668,0,0,0,6.22,6099,f,6188,front,01.12.20,3,0,0.513992005,0,0.146666667
DG4_F_4,DG4_F_8,DG4_F4_011220,DG4_F,0,0,0,1,3,2,n,n,Female,0.083333333,0,0,0,0,0,0,6.22,6099,f,6188,front,01.12.20,0,0,0,0,0.233333333
DG4_F_4,DG4_F_9,DG4_F4_011220,DG4_F,0,0,0,1,3,2,n,y,Female,0.026666667,0,0,0,0,0,0,6.22,6099,f,6188,front,01.12.20,0,0,0,0,0.15
DG4_F_5,DG4_F_1,DG4_F5_031220,DG4_F,0,0,0,1,7,4,y,n,Male,0.086666666,18.12,3.767673968,0.062794566,0,0,0,4.809333333,6099,f,6099,front,03.12.20,0,0,0,0,0.16
DG4_F_5,DG4_F_10,DG4_F5_031220,DG4_F,0,0,0,1,7,4,n,n,Female,0.026666667,24.88,5.173274189,0.086221236,0,0,0,4.809333333,6099,f,6188,front,03.12.20,0,0,0,0,0.243333333
DG4_F_5,DG4_F_2,DG4_F5_031220,DG4_F,0,0,0,1,7,4,y,n,Male,0.076666667,11,2.287219296,0.038120322,0,0,0,4.809333333,6099,f,6099,front,03.12.20,0,0,0,0,0.216666667
DG4_F_5,DG4_F_3,DG4_F5_031220,DG4_F,0,0,0,1,7,4,y,y,Male,0.04,3.64,0.756861658,0.012614361,0,0,0,4.809333333,6099,f,6099,front,03.12.20,0,0,0,0,0.223333334
DG4_F_5,DG4_F_4,DG4_F5_031220,DG4_F,0,0,0,1,7,4,y,y,Female,0.036666667,35.18,7.314943167,0.121915719,0,0,0,4.809333333,6099,f,6099,front,03.12.20,0,0,0,0,0.26
DG4_F_5,DG4_F_6,DG4_F5_031220,DG4_F,0,0,0,1,7,4,n,y,Male,0.033333333,124.56,25.89963959,0.43166066,0,0,0,4.809333333,6099,f,6188,front,03.12.20,0,0,0,0,0.096666667
DG4_F_5,DG4_F_7,DG4_F5_031220,DG4_F,1,0,0,1,7,4,n,y,Male,0.05,26.84,5.580815082,0.093013585,0,0,0,4.809333333,6099,f,6188,front,03.12.20,0,0,0,0,0.146666667
DG4_F_5,DG4_F_8,DG4_F5_031220,DG4_F,0,0,0,1,7,4,n,y,Female,0.083333333,0,0,0,0,0,0,4.809333333,6099,f,6188,front,03.12.20,0,0,0,0,0.233333333
DG4_F_5,DG4_F_9,DG4_F5_031220,DG4_F,0,0,0,1,7,4,n,y,Female,0.026666667,25.12,5.223177156,0.087052953,0,0,0,4.809333333,6099,f,6188,front,03.12.20,0,0,0,0,0.15
DG4_F_6,DG4_F_1,DG4_F6_011220,DG4_F,0,0,0,2,4,2,n,n,Male,0.086666666,0,0,0,0,0,0,14.77333333,6188,m,6099,side,01.12.20,0,0,0,0,0.16
DG4_F_6,DG4_F_10,DG4_F6_011220,DG4_F,0,0,0,2,4,2,y,n,Female,0.026666667,110.76,7.49729242,0.124954874,0,0,0,14.77333333,6188,m,6188,side,01.12.20,0,0,0,0,0.243333333
DG4_F_6,DG4_F_2,DG4_F6_011220,DG4_F,0,0,0,2,4,2,n,n,Male,0.076666667,22.16,1.5,0.025,0,0,0,14.77333333,6188,m,6099,side,01.12.20,0,0,0,0,0.216666667
DG4_F_6,DG4_F_3,DG4_F6_011220,DG4_F,0,0,0,2,4,2,n,y,Male,0.04,33.6,2.274368232,0.037906137,0,0,0,14.77333333,6188,m,6099,side,01.12.20,0,0,0,0,0.223333334
DG4_F_6,DG4_F_4,DG4_F6_011220,DG4_F,0,0,0,2,4,2,n,y,Female,0.036666667,0,0,0,0,0,0,14.77333333,6188,m,6099,side,01.12.20,0,0,0,0,0.26
DG4_F_6,DG4_F_5,DG4_F6_011220,DG4_F,1,0,0,2,4,2,n,n,Female,0.053333333,23.56,1.594765343,0.026579422,3.19,1.713608666,0.003599639,14.77333333,6188,m,6099,side,01.12.20,0,0,0,0,0.206666666
DG4_F_6,DG4_F_7,DG4_F6_011220,DG4_F,0,0,0.164762742,2,4,2,y,n,Male,0.05,58.72,3.974729243,0.066245487,7.2,0.487364621,0.008122744,14.77333333,6188,m,6188,side,01.12.20,0,1,0,0.164762742,0.146666667
DG4_F_6,DG4_F_8,DG4_F6_011220,DG4_F,0,0,0,2,4,2,y,n,Female,0.083333333,0,0,0,0,0,0,14.77333333,6188,m,6188,side,01.12.20,0,0,0,0,0.233333333
DG4_F_6,DG4_F_9,DG4_F6_011220,DG4_F,0,0,0,2,4,2,y,y,Female,0.026666667,6,0.406137184,0.006768953,56.96,3.855595669,0.064259928,14.77333333,6188,m,6188,side,01.12.20,0,0,0,0,0.15
DG4_F_7,DG4_F_1,DG4_F7_021220,DG4_F,1,0,0,1,5,3,n,n,Male,0.086666666,17.16,10.45491471,0.174248578,0,0,0,1.641333333,6188,m,6099,side,02.12.20,0,0,0,0,0.16
DG4_F_7,DG4_F_10,DG4_F7_021220,DG4_F,0,0,0,1,5,3,y,n,Female,0.026666667,50.16,30.56051991,0.509341998,0,0,0,1.641333333,6188,m,6188,side,02.12.20,0,0,0,0,0.243333333
DG4_F_7,DG4_F_2,DG4_F7_021220,DG4_F,0,0,0,1,5,3,n,n,Male,0.076666667,0,0,0,16.44,10.01624696,0.166937449,1.641333333,6188,m,6099,side,02.12.20,0,0,0,0,0.216666667
DG4_F_7,DG4_F_3,DG4_F7_021220,DG4_F,0,0,0,1,5,3,n,y,Male,0.04,0,0,0,0,0,0,1.641333333,6188,m,6099,side,02.12.20,0,0,0,0,0.223333334
DG4_F_7,DG4_F_4,DG4_F7_021220,DG4_F,0,1,0,1,5,3,n,y,Female,0.036666667,60.16,36.65312755,0.610885459,2.08,1.267262389,0.02112104,1.641333333,6188,m,6099,side,02.12.20,0,0,0,0,0.26
DG4_F_7,DG4_F_5,DG4_F7_021220,DG4_F,0,0,0,1,5,3,n,n,Female,0.053333333,0,0,0,0,0,0,1.641333333,6188,m,6099,side,02.12.20,0,0,0,0,0.206666666
DG4_F_7,DG4_F_6,DG4_F7_021220,DG4_F,0,0,0,1,5,3,y,y,Male,0.033333333,0,0,0,0,0,0,1.641333333,6188,m,6188,side,02.12.20,0,0,0,0,0.096666667
DG4_F_7,DG4_F_8,DG4_F7_021220,DG4_F,0,0,0,1,5,3,y,n,Female,0.083333333,0,0,0,0,0,0,1.641333333,6188,m,6188,side,02.12.20,0,0,0,0,0.233333333
DG4_F_7,DG4_F_9,DG4_F7_021220,DG4_F,0,0,0,1,5,3,y,y,Female,0.026666667,0,0,0,0,0,0,1.641333333,6188,m,6188,side,02.12.20,0,0,0,0,0.15
DG4_F_8,DG4_F_1,DG4_F8_021220,DG4_F,0,0,0,2,6,3,n,n,Male,0.086666666,41.8,2.09,0.034833333,0,0,0,20,6188,f,6099,front,02.12.20,0,0,0,0,0.16
DG4_F_8,DG4_F_10,DG4_F8_021220,DG4_F,0,0,0,2,6,3,y,n,Female,0.026666667,24,1.2,0.02,0,0,0,20,6188,f,6188,front,02.12.20,0,0,0,0,0.243333333
DG4_F_8,DG4_F_2,DG4_F8_021220,DG4_F,0,0,0,2,6,3,n,n,Male,0.076666667,193.91,9.6955,0.161591667,0,0,0,20,6188,f,6099,front,02.12.20,0,0,0,0,0.216666667
DG4_F_8,DG4_F_3,DG4_F8_021220,DG4_F,0,0,0,2,6,3,n,y,Male,0.04,24.08,1.204,0.020066667,5.36,0.268,0.004466667,20,6188,f,6099,front,02.12.20,0,0,0,0,0.223333334
DG4_F_8,DG4_F_4,DG4_F8_021220,DG4_F,0,0,0,2,6,3,n,y,Female,0.036666667,0,0,0,0,0,0,20,6188,f,6099,front,02.12.20,0,0,0,0,0.26
DG4_F_8,DG4_F_5,DG4_F8_021220,DG4_F,0,0,0,2,6,3,n,n,Female,0.053333333,2.28,0.114,0.0019,0,0,0,20,6188,f,6099,front,02.12.20,0,0,0,0,0.206666666
DG4_F_8,DG4_F_6,DG4_F8_021220,DG4_F,0,0,0,2,6,3,y,y,Male,0.033333333,0,0,0,0,0,0,20,6188,f,6188,front,02.12.20,0,0,0,0,0.096666667
DG4_F_8,DG4_F_7,DG4_F8_021220,DG4_F,0,0,0,2,6,3,y,y,Male,0.05,69.76,3.488,0.058133333,0,0,0,20,6188,f,6188,front,02.12.20,0,0,0,0,0.146666667
DG4_F_8,DG4_F_9,DG4_F8_021220,DG4_F,0,0,0,2,6,3,y,y,Female,0.026666667,0,0,0,0,0,0,20,6188,f,6188,front,02.12.20,0,0,0,0,0.15
DG4_F_9,DG4_F_1,DG4_F9_301120,DG4_F,0,0,0,2,2,1,n,n,Male,0.086666666,14.6,0.73,0.012166667,0,0,0,20,6188,f,6099,front,30.11.20,0,0,0,0,0.16
DG4_F_9,DG4_F_10,DG4_F9_301120,DG4_F,0,0,0,2,2,1,y,n,Female,0.026666667,26.12,1.306,0.021766667,0,0,0,20,6188,f,6188,front,30.11.20,0,0,0,0,0.243333333
DG4_F_9,DG4_F_2,DG4_F9_301120,DG4_F,0,0,0,2,2,1,n,n,Male,0.076666667,19.04,0.952,0.015866667,0,0,0,20,6188,f,6099,front,30.11.20,0,0,0,0,0.216666667
DG4_F_9,DG4_F_3,DG4_F9_301120,DG4_F,0,0,0,2,2,1,n,y,Male,0.04,15.36,0.768,0.0128,3.32,0.166,0.002766667,20,6188,f,6099,front,30.11.20,0,0,0,0,0.223333334
DG4_F_9,DG4_F_4,DG4_F9_301120,DG4_F,0,0,0,2,2,1,n,n,Female,0.036666667,0,0,0,0,0,0,20,6188,f,6099,front,30.11.20,0,0,0,0,0.26
DG4_F_9,DG4_F_5,DG4_F9_301120,DG4_F,0,0,0,2,2,1,n,n,Female,0.053333333,21.84,1.092,0.0182,0,0,0,20,6188,f,6099,front,30.11.20,0,0,0,0,0.206666666
DG4_F_9,DG4_F_6,DG4_F9_301120,DG4_F,0,0,0,2,2,1,y,n,Male,0.033333333,0,0,0,0,0,0,20,6188,f,6188,front,30.11.20,0,0,0,0,0.096666667
DG4_F_9,DG4_F_7,DG4_F9_301120,DG4_F,0,0,0,2,2,1,y,n,Male,0.05,43,2.15,0.035833333,0,0,0,20,6188,f,6188,front,30.11.20,0,0,0,0,0.146666667
DG4_F_9,DG4_F_8,DG4_F9_301120,DG4_F,0,1,0,2,2,1,y,n,Female,0.083333333,0,0,0,5.56,0.278,0.004633333,20,6188,f,6188,front,30.11.20,0,0,0,0,0.233333333
DG4_W_1,DG4_W_10,DG4_W1_021220,DG4_W,0,0,0,2,6,3,n,y,Female,0.02,31.44,4.144476668,0.069074611,8.84,1.165304508,0.019421742,7.586,6197,m,6310,front,02.12.20,0,0,0,0,0.473333333
DG4_W_1,DG4_W_2,DG4_W1_021220,DG4_W,0,0,0,2,6,3,y,n,Male,0.073333333,57.48,7.57711574,0.126285262,0,0,0,7.586,6197,m,6197,front,02.12.20,0,0,0,0,0.57
DG4_W_1,DG4_W_3,DG4_W1_021220,DG4_W,0,0,0,2,6,3,y,n,Male,0.006666667,47.72,6.290535196,0.104842253,9.92,1.307672027,0.021794534,7.586,6197,m,6197,front,02.12.20,0,0,0,0,0.47
DG4_W_1,DG4_W_4,DG4_W1_021220,DG4_W,0,0,0,2,6,3,y,y,Female,0.106666667,19.76,2.604798313,0.043413305,0,0,0,7.586,6197,m,6197,front,02.12.20,0,0,0,0,0.616666667
DG4_W_1,DG4_W_5,DG4_W1_021220,DG4_W,0,0,0,2,6,3,y,y,Female,0.066666667,89.56,11.80595834,0.196765972,8.2,1.080938571,0.018015643,7.586,6197,m,6197,front,02.12.20,0,0,0,0,0.473333333
DG4_W_1,DG4_W_6,DG4_W1_021220,DG4_W,0,0,0,2,6,3,n,y,Male,0.116666667,3.4,0.448194042,0.007469901,0,0,0,7.586,6197,m,6310,front,02.12.20,0,0,0,0,0.29
DG4_W_1,DG4_W_7,DG4_W1_021220,DG4_W,0,0,0,2,6,3,n,n,Male,0.043333333,3.36,0.442921171,0.00738202,0,0,0,7.586,6197,m,6310,front,02.12.20,0,0,0,0,0.313333333
DG4_W_1,DG4_W_8,DG4_W1_021220,DG4_W,0,1,0,2,6,3,n,n,Female,0.046666667,59.84,7.888215133,0.131470252,0.8,0.105457422,0.001757624,7.586,6197,m,6310,front,02.12.20,0,0,0,0,0.403333333
DG4_W_1,DG4_W_9,DG4_W1_021220,DG4_W,1,0,0,2,6,3,n,y,Female,0.086666667,138.32,18.23358819,0.303893136,0,0,0,7.586,6197,m,6310,front,02.12.20,0,0,0,0,0.32
DG4_W_10,DG4_W_1,DG4_W10_301112,DG4_W,0,0,0,1,1,1,n,n,Male,0.043333333,6.2,2.888198757,0.048136646,0,0,0,2.146666667,6310,f,6197,side,30.11.20,0,0,0,0,0.21
DG4_W_10,DG4_W_2,DG4_W10_301112,DG4_W,0,0,0,1,1,1,n,n,Male,0.073333333,36.36,16.9378882,0.282298137,0,0,0,2.146666667,6310,f,6197,side,30.11.20,0,0,0,0,0.57
DG4_W_10,DG4_W_3,DG4_W10_301112,DG4_W,0,0,0,1,1,1,n,n,Male,0.006666667,0,0,0,0,0,0,2.146666667,6310,f,6197,side,30.11.20,0,0,0,0,0.47
DG4_W_10,DG4_W_4,DG4_W10_301112,DG4_W,1,1,0.322130355,1,1,1,n,n,Female,0.106666667,14.6,6.801242235,0.113354037,7.04,3.280521901,0.054675365,2.146666667,6310,f,6197,side,30.11.20,0,2,0,0.322130355,0.616666667
DG4_W_10,DG4_W_5,DG4_W10_301112,DG4_W,0,0,0,1,1,1,n,n,Female,0.066666667,23.68,11.0310559,0.183850932,0,0,0,2.146666667,6310,f,6197,side,30.11.20,0,0,0,0,0.473333333
DG4_W_10,DG4_W_6,DG4_W10_301112,DG4_W,0,0,0,1,1,1,y,n,Male,0.116666667,0,0,0,0,0,0,2.146666667,6310,f,6310,side,30.11.20,0,0,0,0,0.29
DG4_W_10,DG4_W_7,DG4_W10_301112,DG4_W,0,0,0,1,1,1,y,n,Male,0.043333333,0,0,0,0,0,0,2.146666667,6310,f,6310,side,30.11.20,0,0,0,0,0.313333333
DG4_W_10,DG4_W_8,DG4_W10_301112,DG4_W,0,0,0,1,1,1,y,n,Female,0.046666667,0,0,0,0,0,0,2.146666667,6310,f,6310,side,30.11.20,0,0,0,0,0.403333333
DG4_W_10,DG4_W_9,DG4_W10_301112,DG4_W,0,0,0,1,1,1,y,n,Female,0.086666667,0,0,0,0,0,0,2.146666667,6310,f,6310,side,30.11.20,0,0,0,0,0.32
DG4_W_2,DG4_W_1,DG4_W2_031220,DG4_W,0,0,0,2,8,4,y,y,Male,0.043333333,0,0,0,0,0,0,2.118666667,6197,m,6197,side,03.12.20,0,0,0,0,0.21
DG4_W_2,DG4_W_10,DG4_W2_031220,DG4_W,0,0,0,2,8,4,n,y,Female,0.02,20.76,9.79861548,0.163310258,26.96,12.72498426,0.212083071,2.118666667,6197,m,6310,side,03.12.20,0,0,0,0,0.473333333
DG4_W_2,DG4_W_3,DG4_W2_031220,DG4_W,0,0,0,2,8,4,y,n,Male,0.006666667,0,0,0,0,0,0,2.118666667,6197,m,6197,side,03.12.20,0,0,0,0,0.47
DG4_W_2,DG4_W_4,DG4_W2_031220,DG4_W,0,0,0,2,8,4,y,y,Female,0.106666667,0,0,0,0,0,0,2.118666667,6197,m,6197,side,03.12.20,0,0,0,0,0.616666667
DG4_W_2,DG4_W_5,DG4_W2_031220,DG4_W,0,0,0,2,8,4,y,y,Female,0.066666667,19.6,9.25110132,0.154185022,5.88,2.775330396,0.046255507,2.118666667,6197,m,6197,side,03.12.20,0,0,0,0,0.473333333
DG4_W_2,DG4_W_6,DG4_W2_031220,DG4_W,0,0,0,2,8,4,n,y,Male,0.116666667,0,0,0,0,0,0,2.118666667,6197,m,6310,side,03.12.20,0,0,0,0,0.29
DG4_W_2,DG4_W_7,DG4_W2_031220,DG4_W,0,0,0,2,8,4,n,y,Male,0.043333333,0,0,0,0,0,0,2.118666667,6197,m,6310,side,03.12.20,0,0,0,0,0.313333333
DG4_W_2,DG4_W_8,DG4_W2_031220,DG4_W,0,0,0.338829907,2,8,4,n,n,Female,0.046666667,1.4,0.660792951,0.011013216,0,0,0,2.118666667,6197,m,6310,side,03.12.20,0,2,0,0.338829907,0.403333333
DG4_W_2,DG4_W_9,DG4_W2_031220,DG4_W,1,1,0,2,8,4,n,y,Female,0.086666667,82.4,38.89238514,0.648206419,0,0,0,2.118666667,6197,m,6310,side,03.12.20,0,0,0,0,0.32
DG4_W_3,DG4_W_1,DG4_W3_041220,DG4_W,0,0,0,1,9,5,y,y,Male,0.043333333,0,0,0,0,0,0,2.444666667,6197,m,6197,side,04.12.20,0,0,0,0,0.21
DG4_W_3,DG4_W_10,DG4_W3_041220,DG4_W,0,0,0,1,9,5,n,y,Female,0.02,0,0,0,0,0,0,2.444666667,6197,m,6310,side,04.12.20,0,0,0,0,0.473333333
DG4_W_3,DG4_W_2,DG4_W3_041220,DG4_W,0,0,0,1,9,5,y,y,Male,0.073333333,3.68,1.505317698,0.025088628,0,0,0,2.444666667,6197,m,6197,side,04.12.20,0,0,0,0,0.57
DG4_W_3,DG4_W_4,DG4_W3_041220,DG4_W,0,1,0,1,9,5,y,y,Female,0.106666667,47.24,19.32369784,0.322061631,0,0,0,2.444666667,6197,m,6197,side,04.12.20,0,0,0,0,0.616666667
DG4_W_3,DG4_W_5,DG4_W3_041220,DG4_W,1,0,0,1,9,5,y,y,Female,0.066666667,10.84,4.43414235,0.073902373,0,0,0,2.444666667,6197,m,6197,side,04.12.20,0,0,0,0,0.473333333
DG4_W_3,DG4_W_6,DG4_W3_041220,DG4_W,0,0,0,1,9,5,n,y,Male,0.116666667,0,0,0,0,0,0,2.444666667,6197,m,6310,side,04.12.20,0,0,0,0,0.29
DG4_W_3,DG4_W_7,DG4_W3_041220,DG4_W,0,0,0,1,9,5,n,y,Male,0.043333333,0,0,0,0,0,0,2.444666667,6197,m,6310,side,04.12.20,0,0,0,0,0.313333333
DG4_W_3,DG4_W_8,DG4_W3_041220,DG4_W,0,0,0,1,9,5,n,n,Female,0.046666667,7.84,3.206981183,0.053449686,1.44,0.58903736,0.009817289,2.444666667,6197,m,6310,side,04.12.20,0,0,0,0,0.403333333
DG4_W_3,DG4_W_9,DG4_W3_041220,DG4_W,0,0,0,1,9,5,n,y,Female,0.086666667,39.8,16.28033815,0.271338969,4.04,1.652577038,0.027542951,2.444666667,6197,m,6310,side,04.12.20,0,0,0,0,0.32
DG4_W_4,DG4_W_1,DG4_W4_021220,DG4_W,0,0,0,1,5,3,y,n,Male,0.043333333,0,0,0,0,0,0,3.98,6197,f,6197,side,02.12.20,0,0,0,0,0.21
DG4_W_4,DG4_W_10,DG4_W4_021220,DG4_W,0,0,0,1,5,3,n,y,Female,0.02,0,0,0,0,0,0,3.98,6197,f,6310,side,02.12.20,0,0,0,0,0.473333333
DG4_W_4,DG4_W_2,DG4_W4_021220,DG4_W,0,0,0,1,5,3,y,n,Male,0.073333333,50.88,12.7839196,0.213065327,16.8,4.221105528,0.070351759,3.98,6197,f,6197,side,02.12.20,0,0,0,0,0.57
DG4_W_4,DG4_W_3,DG4_W4_021220,DG4_W,0,0,0,1,5,3,y,n,Male,0.006666667,0,0,0,0,0,0,3.98,6197,f,6197,side,02.12.20,0,0,0,0,0.47
DG4_W_4,DG4_W_5,DG4_W4_021220,DG4_W,1,0,0,1,5,3,y,y,Female,0.066666667,35.52,8.924623116,0.148743719,22.48,5.648241206,0.094137353,3.98,6197,f,6197,side,02.12.20,0,0,0,0,0.473333333
DG4_W_4,DG4_W_6,DG4_W4_021220,DG4_W,0,0,0,1,5,3,n,y,Male,0.116666667,0,0,0,0,0,0,3.98,6197,f,6310,side,02.12.20,0,0,0,0,0.29
DG4_W_4,DG4_W_7,DG4_W4_021220,DG4_W,0,0,0,1,5,3,n,n,Male,0.043333333,52.48,13.18592965,0.219765494,0,0,0,3.98,6197,f,6310,side,02.12.20,0,0,0,0,0.313333333
DG4_W_4,DG4_W_8,DG4_W4_021220,DG4_W,0,0,0,1,5,3,n,n,Female,0.046666667,0,0,0,0,0,0,3.98,6197,f,6310,side,02.12.20,0,0,0,0,0.403333333
DG4_W_4,DG4_W_9,DG4_W4_021220,DG4_W,0,0,0,1,5,3,n,y,Female,0.086666667,0,0,0,0,0,0,3.98,6197,f,6310,side,02.12.20,0,0,0,0,0.32
DG4_W_5,DG4_W_1,DG4_W5_011220,DG4_W,0,0,0,1,3,2,y,n,Male,0.043333333,30.16,2.633294529,0.043888242,6.44,0.562281723,0.009371362,11.45333333,6197,f,6197,front,01.12.20,0,0,0,0,0.21
DG4_W_5,DG4_W_10,DG4_W5_011220,DG4_W,0,0,0,1,3,2,n,y,Female,0.02,27.36,2.388824215,0.039813737,0,0,0,11.45333333,6197,f,6310,front,01.12.20,0,0,0,0,0.473333333
DG4_W_5,DG4_W_2,DG4_W5_011220,DG4_W,0,0,0,1,3,2,y,n,Male,0.073333333,135.08,11.79394645,0.196565774,0,0,0,11.45333333,6197,f,6197,front,01.12.20,0,0,0,0,0.57
DG4_W_5,DG4_W_3,DG4_W5_011220,DG4_W,0,0,0,1,3,2,y,n,Male,0.006666667,6,0.523864959,0.008731083,0,0,0,11.45333333,6197,f,6197,front,01.12.20,0,0,0,0,0.47
DG4_W_5,DG4_W_4,DG4_W5_011220,DG4_W,0,0,0,1,3,2,y,n,Female,0.106666667,29.8,2.601862632,0.043364377,3.4,0.29685681,0.004947614,11.45333333,6197,f,6197,front,01.12.20,0,0,0,0,0.616666667
DG4_W_5,DG4_W_6,DG4_W5_011220,DG4_W,0,0,0,1,3,2,n,y,Male,0.116666667,0,0,0,0,0,0,11.45333333,6197,f,6310,front,01.12.20,0,0,0,0,0.29
DG4_W_5,DG4_W_7,DG4_W5_011220,DG4_W,0,0,0,1,3,2,n,n,Male,0.043333333,38.64,3.373690339,0.056228172,39.16,3.419091968,0.056984866,11.45333333,6197,f,6310,front,01.12.20,0,0,0,0,0.313333333
DG4_W_5,DG4_W_8,DG4_W5_011220,DG4_W,0,1,0,1,3,2,n,n,Female,0.046666667,22.12,1.931315484,0.032188591,0,0,0,11.45333333,6197,f,6310,front,01.12.20,0,0,0,0,0.403333333
DG4_W_5,DG4_W_9,DG4_W5_011220,DG4_W,1,0,0,1,3,2,n,n,Female,0.086666667,237.8,20.76251456,0.346041909,0,0,0,11.45333333,6197,f,6310,front,01.12.20,0,0,0,0,0.32
DG4_W_6,DG4_W_1,DG4_W6_301120,DG4_W,0,0,0.176408326,2,2,1,n,n,Male,0.043333333,0,0,0,0,0,0,2.849333333,6310,m,6197,front,30.11.20,1,0,0.176408326,0,0.21
DG4_W_6,DG4_W_10,DG4_W6_301120,DG4_W,0,0,0,2,2,1,y,y,Female,0.02,0,0,0,0,0,0,11.45333333,6310,m,6310,front,30.11.20,0,0,0,0,0.473333333
DG4_W_6,DG4_W_2,DG4_W6_301120,DG4_W,0,0,0,2,2,1,n,n,Male,0.073333333,0,0,0,0,0,0,2.849333333,6310,m,6197,front,30.11.20,0,0,0,0,0.57
DG4_W_6,DG4_W_3,DG4_W6_301120,DG4_W,0,0,0,2,2,1,n,n,Male,0.006666667,0,0,0,5,1.754796444,0.029246607,2.849333333,6310,m,6197,front,30.11.20,0,0,0,0,0.47
DG4_W_6,DG4_W_4,DG4_W6_301120,DG4_W,1,1,0,2,2,1,n,n,Female,0.106666667,6.42,2.253158634,0.037552644,0,0,0,2.849333333,6310,m,6197,front,30.11.20,0,0,0,0,0.616666667
DG4_W_6,DG4_W_5,DG4_W6_301120,DG4_W,0,0,0,2,2,1,n,n,Female,0.066666667,11.68,4.099204493,0.068320075,0,0,0,2.849333333,6310,m,6197,front,30.11.20,0,0,0,0,0.473333333
DG4_W_6,DG4_W_7,DG4_W6_301120,DG4_W,0,0,0,2,2,1,y,n,Male,0.043333333,0,0,0,0,0,0,2.849333333,6310,m,6310,front,30.11.20,0,0,0,0,0.313333333
DG4_W_6,DG4_W_8,DG4_W6_301120,DG4_W,0,0,0,2,2,1,y,n,Female,0.046666667,0,0,0,0,0,0,2.849333333,6310,m,6310,front,30.11.20,0,0,0,0,0.403333333
DG4_W_6,DG4_W_9,DG4_W6_301120,DG4_W,0,0,0,2,2,1,y,n,Female,0.086666667,168,58.96116051,0.982686009,0,0,0,2.849333333,6310,m,6310,front,30.11.20,0,0,0,0,0.32
DG4_W_7,DG4_W_1,DG4_W7_031220,DG4_W,0,0,0,1,7,4,n,y,Male,0.043333333,0,0,0,0,0,0,0.850666667,6310,m,6197,front,03.12.20,0,0,0,0,0.21
DG4_W_7,DG4_W_10,DG4_W7_031220,DG4_W,0,0,0,1,7,4,y,y,Female,0.02,0,0,0,0,0,0,0.850666667,6310,m,6310,front,03.12.20,0,0,0,0,0.473333333
DG4_W_7,DG4_W_2,DG4_W7_031220,DG4_W,0,0,0,1,7,4,n,n,Male,0.073333333,0,0,0,0,0,0,0.850666667,6310,m,6197,front,03.12.20,0,0,0,0,0.57
DG4_W_7,DG4_W_3,DG4_W7_031220,DG4_W,0,0,0,1,7,4,n,n,Male,0.006666667,0,0,0,0,0,0,0.850666667,6310,m,6197,front,03.12.20,0,0,0,0,0.47
DG4_W_7,DG4_W_4,DG4_W7_031220,DG4_W,0,0,0,1,7,4,n,y,Female,0.106666667,0,0,0,0,0,0,0.850666667,6310,m,6197,front,03.12.20,0,0,0,0,0.616666667
DG4_W_7,DG4_W_5,DG4_W7_031220,DG4_W,1,0,0,1,7,4,n,y,Female,0.066666667,10.12,11.89655172,0.198275862,0,0,0,0.850666667,6310,m,6197,front,03.12.20,0,0,0,0,0.473333333
DG4_W_7,DG4_W_6,DG4_W7_031220,DG4_W,0,0,0,1,7,4,y,y,Male,0.116666667,0,0,0,0,0,0,0.850666667,6310,m,6310,front,03.12.20,0,0,0,0,0.29
DG4_W_7,DG4_W_8,DG4_W7_031220,DG4_W,0,0,0,1,7,4,y,n,Female,0.046666667,12.24,14.38871473,0.239811912,0,0,0,0.850666667,6310,m,6310,front,03.12.20,0,0,0,0,0.403333333
DG4_W_7,DG4_W_9,DG4_W7_031220,DG4_W,0,1,0,1,7,4,y,y,Female,0.086666667,0,0,0,0,0,0,0.850666667,6310,m,6310,front,03.12.20,0,0,0,0,0.32
DG4_W_8,DG4_W_1,DG4_W8_041220,DG4_W,0,0,0,2,10,5,n,y,Male,0.043333333,0,0,0,17.36,1.023222916,0.017053715,16.966,6310,f,6197,front,04.12.20,0,0,0,0,0.21
DG4_W_8,DG4_W_10,DG4_W8_041220,DG4_W,0,0,0,2,10,5,y,y,Female,0.02,177.96,10.48921372,0.174820229,11.84,0.697866321,0.011631105,16.966,6310,f,6310,front,04.12.20,0,0,0,0,0.473333333
DG4_W_8,DG4_W_2,DG4_W8_041220,DG4_W,1,0,0,2,10,5,n,y,Male,0.073333333,133.96,7.895791583,0.131596526,45.72,2.694801367,0.044913356,16.966,6310,f,6197,front,04.12.20,0,0,0,0,0.57
DG4_W_8,DG4_W_3,DG4_W8_041220,DG4_W,0,0,0,2,10,5,n,y,Male,0.006666667,0,0,0,0,0,0,16.966,6310,f,6197,front,04.12.20,0,0,0,0,0.47
DG4_W_8,DG4_W_4,DG4_W8_041220,DG4_W,0,0,0,2,10,5,n,y,Female,0.106666667,0,0,0,9.8,0.57762584,0.009627097,16.966,6310,f,6197,front,04.12.20,0,0,0,0,0.616666667
DG4_W_8,DG4_W_5,DG4_W8_041220,DG4_W,0,0,0,2,10,5,n,y,Female,0.066666667,633.56,37.34292114,0.622382019,0,0,0,16.966,6310,f,6197,front,04.12.20,0,0,0,0,0.473333333
DG4_W_8,DG4_W_6,DG4_W8_041220,DG4_W,0,0,0,2,10,5,y,y,Male,0.116666667,4.6,0.271130496,0.004518842,0,0,0,16.966,6310,f,6310,front,04.12.20,0,0,0,0,0.29
DG4_W_8,DG4_W_7,DG4_W8_041220,DG4_W,0,0,0,2,10,5,y,y,Male,0.043333333,0,0,0,0,0,0,16.966,6310,f,6310,front,04.12.20,0,0,0,0,0.313333333
DG4_W_8,DG4_W_9,DG4_W8_041220,DG4_W,0,0,0,2,10,5,y,y,Female,0.086666667,366.6,21.60792173,0.360132029,0,0,0,16.966,6310,f,6310,front,04.12.20,0,0,0,0,0.32
DG4_W_9,DG4_W_1,DG4_W9_011220,DG4_W,1,0,0,2,4,2,n,n,Male,0.043333333,0,0,0,0,0,0,1.982666667,6310,f,6197,side,01.12.20,0,0,0,0,0.21
DG4_W_9,DG4_W_10,DG4_W9_011220,DG4_W,0,0,0,2,4,2,y,y,Female,0.02,0,0,0,0,0,0,1.982666667,6310,f,6310,side,01.12.20,0,0,0,0,0.473333333
DG4_W_9,DG4_W_2,DG4_W9_011220,DG4_W,0,0,0,2,4,2,n,n,Male,0.073333333,43.84,22.11163416,0.368527236,0,0,0,1.982666667,6310,f,6197,side,01.12.20,0,0,0,0,0.57
DG4_W_9,DG4_W_3,DG4_W9_011220,DG4_W,0,0,0,2,4,2,n,n,Male,0.006666667,0,0,0,0,0,0,1.982666667,6310,f,6197,side,01.12.20,0,0,0,0,0.47
DG4_W_9,DG4_W_4,DG4_W9_011220,DG4_W,0,0,0,2,4,2,n,n,Female,0.106666667,0,0,0,0,0,0,1.982666667,6310,f,6197,side,01.12.20,0,0,0,0,0.616666667
DG4_W_9,DG4_W_5,DG4_W9_011220,DG4_W,0,0,0,2,4,2,n,y,Female,0.066666667,26.84,13.53732347,0.225622058,0,0,0,1.982666667,6310,f,6197,side,01.12.20,0,0,0,0,0.473333333
DG4_W_9,DG4_W_6,DG4_W9_011220,DG4_W,0,0,0.109641108,2,4,2,y,y,Male,0.116666667,0,0,0,0,0,0,1.982666667,6310,f,6310,side,01.12.20,0,1,0,0.109641108,0.29
DG4_W_9,DG4_W_7,DG4_W9_011220,DG4_W,0,0,0,2,4,2,y,n,Male,0.043333333,0,0,0,59.08,29.79825151,0.496637525,1.982666667,6310,f,6310,side,01.12.20,0,0,0,0,0.313333333
DG4_W_9,DG4_W_8,DG4_W9_011220,DG4_W,0,0,0.219106047,2,4,2,y,n,Female,0.046666667,0,0,0,0,0,0,1.982666667,6310,f,6310,side,01.12.20,2,0,0.219106047,0,0.403333333
DG5_F_1,DG5_F_10,DG5_F1_030221,DG5_F,0,0,0,1,5,3,n,y,Female,0.026666667,78.68,3.934,0.065566667,27.16,1.358,0.022633333,20,6421,m,6407,front,03.02.21,0,0,0,0,0.033333333
DG5_F_1,DG5_F_2,DG5_F1_030221,DG5_F,0,1,0,1,5,3,y,n,Male,0.05,56.4,2.82,0.047,49.88,2.494,0.041566667,20,6421,m,6421,front,03.02.21,0,0,0,0,0.11
DG5_F_1,DG5_F_3,DG5_F1_030221,DG5_F,0,0,0,1,5,3,y,y,Female,0.073333333,6.84,0.342,0.0057,0,0,0,20,6421,m,6421,front,03.02.21,0,0,0,0,0.113333333
DG5_F_1,DG5_F_4,DG5_F1_030221,DG5_F,0,0,0,1,5,3,y,y,Female,0.043333333,26.84,1.342,0.022366667,18.56,0.928,0.015466667,20,6421,m,6421,front,03.02.21,0,0,0,0,0.053333333
DG5_F_1,DG5_F_5,DG5_F1_030221,DG5_F,0,0,0,1,5,3,y,n,Female,0.016666667,57.04,2.852,0.047533333,33.72,1.686,0.0281,20,6421,m,6421,front,03.02.21,0,0,0,0,0.093333334
DG5_F_1,DG5_F_6,DG5_F1_030221,DG5_F,0,0,0,1,5,3,n,n,Male,0.043333333,39.44,1.972,0.032866667,31.72,1.586,0.026433333,20,6421,m,6407,front,03.02.21,0,0,0,0,0.103333333
DG5_F_1,DG5_F_7,DG5_F1_030221,DG5_F,0,0,0.173913043,1,5,3,n,n,Male,0.04,8.52,0.426,0.0071,17.88,0.894,0.0149,20,6421,m,6407,front,03.02.21,1,0,0.173913043,0,0.066666667
DG5_F_1,DG5_F_8,DG5_F1_030221,DG5_F,0,0,0,1,5,3,n,y,Male,0.013333333,0,0,0,0,0,0,20,6421,m,6407,front,03.02.21,0,0,0,0,0.103333333
DG5_F_1,DG5_F_9,DG5_F1_030221,DG5_F,0,0,0,1,5,3,n,n,Female,0.046666667,113.16,5.658,0.0943,28.24,1.412,0.023533333,20,6421,m,6407,front,03.02.21,0,0,0,0,0.05
DG5_F_10,DG5_F_1,DG5_F10_010221,DG5_F,0,0,0,2,2,1,n,n,Male,0.09,28.04,4.147928994,0.06913215,7.04,1.041420118,0.017357002,6.76,6407,f,6421,front,01.02.21,0,0,0,0,0.076666666
DG5_F_10,DG5_F_2,DG5_F10_010221,DG5_F,0,0,0,2,2,1,n,n,Male,0.05,18.68,2.763313609,0.046055227,9.4,1.390532544,0.023175542,6.76,6407,f,6421,front,01.02.21,0,0,0,0,0.11
DG5_F_10,DG5_F_3,DG5_F10_010221,DG5_F,0,0,0,2,2,1,n,n,Female,0.073333333,80.76,11.94674556,0.199112426,34.44,5.094674556,0.084911243,6.76,6407,f,6421,front,01.02.21,0,0,0,0,0.113333333
DG5_F_10,DG5_F_4,DG5_F10_010221,DG5_F,0,0,0,2,2,1,n,n,Female,0.043333333,27.68,4.094674556,0.068244576,0,0,0,6.76,6407,f,6421,front,01.02.21,0,0,0,0,0.053333333
DG5_F_10,DG5_F_5,DG5_F10_010221,DG5_F,0,0,0,2,2,1,n,n,Female,0.016666667,0,0,0,0,0,0,6.76,6407,f,6421,front,01.02.21,0,0,0,0,0.093333334
DG5_F_10,DG5_F_6,DG5_F10_010221,DG5_F,0,0,0,2,2,1,y,n,Male,0.043333333,34.36,5.082840237,0.084714004,0,0,0,6.76,6407,f,6407,front,01.02.21,0,0,0,0,0.103333333
DG5_F_10,DG5_F_7,DG5_F10_010221,DG5_F,0,0,0,2,2,1,y,n,Male,0.04,6.48,0.958579882,0.015976331,4.24,0.627218935,0.010453649,6.76,6407,f,6407,front,01.02.21,0,0,0,0,0.066666667
DG5_F_10,DG5_F_8,DG5_F10_010221,DG5_F,0,0,0,2,2,1,y,y,Male,0.013333333,13.08,1.934911243,0.032248521,0,0,0,6.76,6407,f,6407,front,01.02.21,0,0,0,0,0.103333333
DG5_F_10,DG5_F_9,DG5_F10_010221,DG5_F,1,0,0.17529508,2,2,1,y,n,Female,0.046666667,232.36,34.37278107,0.572879684,0,0,0,6.76,6407,f,6407,front,01.02.21,1,0,0.17529508,0,0.05
DG5_F_2,DG5_F_1,DG5_F2_030221,DG5_F,0,0,0,2,6,3,y,y,Male,0.09,0,0,0,23.32,8.410675642,0.140177927,2.772666667,6421,m,6421,side,03.02.21,0,0,0,0,0.076666666
DG5_F_2,DG5_F_10,DG5_F2_030221,DG5_F,1,0,0.140213124,2,6,3,n,y,Female,0.026666667,44.52,16.05674441,0.267612407,0,0,0,2.772666667,6421,m,6407,side,03.02.21,1,0,0.140213124,0,0.033333333
DG5_F_2,DG5_F_3,DG5_F2_030221,DG5_F,0,0,0,2,6,3,y,y,Female,0.073333333,25.24,9.103149795,0.151719163,0,0,0,2.772666667,6421,m,6421,side,03.02.21,0,0,0,0,0.113333333
DG5_F_2,DG5_F_4,DG5_F2_030221,DG5_F,0,0,0,2,6,3,y,y,Female,0.043333333,0,0,0,0,0,0,2.772666667,6421,m,6421,side,03.02.21,0,0,0,0,0.053333333
DG5_F_2,DG5_F_5,DG5_F2_030221,DG5_F,0,0,0,2,6,3,y,n,Female,0.016666667,0,0,0,0,0,0,2.772666667,6421,m,6421,side,03.02.21,0,0,0,0,0.093333334
DG5_F_2,DG5_F_6,DG5_F2_030221,DG5_F,0,0,0,2,6,3,n,n,Male,0.043333333,0,0,0,0,0,0,2.772666667,6421,m,6407,side,03.02.21,0,0,0,0,0.103333333
DG5_F_2,DG5_F_7,DG5_F2_030221,DG5_F,0,0,0,2,6,3,n,n,Male,0.04,0,0,0,0,0,0,2.772666667,6421,m,6407,side,03.02.21,0,0,0,0,0.066666667
DG5_F_2,DG5_F_8,DG5_F2_030221,DG5_F,0,0,0,2,6,3,n,y,Male,0.013333333,19,6.852608799,0.114210147,0,0,0,2.772666667,6421,m,6407,side,03.02.21,0,0,0,0,0.103333333
DG5_F_2,DG5_F_9,DG5_F2_030221,DG5_F,0,0,0,2,6,3,n,n,Female,0.046666667,6.68,2.409232988,0.040153883,29,10.45924501,0.17432075,2.772666667,6421,m,6407,side,03.02.21,0,0,0,0,0.05
DG5_F_3,DG5_F_1,DG5_F3_020221,DG5_F,1,0,0,1,3,2,y,n,Male,0.09,70.04,40.31465849,0.671910975,0,0,0,1.737333333,6421,f,6421,front,02.02.21,0,0,0,0,0.076666666
DG5_F_3,DG5_F_10,DG5_F3_020221,DG5_F,0,1,0.25625694,1,3,2,n,y,Female,0.026666667,26.2,15.08058327,0.251343055,0,0,0,1.737333333,6421,f,6407,front,02.02.21,2,0,0.25625694,0,0.033333333
DG5_F_3,DG5_F_2,DG5_F3_020221,DG5_F,0,0,0,1,3,2,y,n,Male,0.05,0,0,0,0,0,0,1.737333333,6421,f,6421,front,02.02.21,0,0,0,0,0.11
DG5_F_3,DG5_F_4,DG5_F3_020221,DG5_F,0,0,0,1,3,2,y,n,Female,0.043333333,0,0,0,9,5.180353032,0.086339217,1.737333333,6421,f,6421,front,02.02.21,0,0,0,0,0.053333333
DG5_F_3,DG5_F_5,DG5_F3_020221,DG5_F,0,0,0.12812847,1,3,2,y,n,Female,0.016666667,0,0,0,0,0,0,1.737333333,6421,f,6421,front,02.02.21,1,0,0.12812847,0,0.093333334
DG5_F_3,DG5_F_6,DG5_F3_020221,DG5_F,0,0,0,1,3,2,n,n,Male,0.043333333,5.68,3.269378358,0.054489639,0,0,0,1.737333333,6421,f,6407,front,02.02.21,0,0,0,0,0.103333333
DG5_F_3,DG5_F_7,DG5_F3_020221,DG5_F,0,0,0.12812847,1,3,2,n,n,Male,0.04,0,0,0,0,0,0,1.737333333,6421,f,6407,front,02.02.21,1,0,0.12812847,0,0.066666667
DG5_F_3,DG5_F_8,DG5_F3_020221,DG5_F,0,0,0,1,3,2,n,y,Male,0.013333333,0,0,0,0,0,0,1.737333333,6421,f,6407,front,02.02.21,0,0,0,0,0.103333333
DG5_F_3,DG5_F_9,DG5_F3_020221,DG5_F,0,0,0,1,3,2,n,n,Female,0.046666667,0,0,0,0,0,0,1.737333333,6421,f,6407,front,02.02.21,0,0,0,0,0.05
DG5_F_4,DG5_F_1,DG5_F4_020221,DG5_F,0,0,0,2,4,2,y,n,Male,0.09,24.2,4.958339024,0.082638984,22.08,4.523972135,0.075399536,4.880666667,6421,f,6421,side,02.02.21,0,0,0,0,0.076666666
DG5_F_4,DG5_F_10,DG5_F4_020221,DG5_F,0,0,0,2,4,2,n,y,Female,0.026666667,38.4,7.867777625,0.131129627,0,0,0,4.880666667,6421,f,6407,side,02.02.21,0,0,0,0,0.033333333
DG5_F_4,DG5_F_2,DG5_F4_020221,DG5_F,0,1,0,2,4,2,y,n,Male,0.05,0,0,0,0,0,0,4.880666667,6421,f,6421,side,02.02.21,0,0,0,0,0.11
DG5_F_4,DG5_F_3,DG5_F4_020221,DG5_F,0,0,0,2,4,2,y,y,Female,0.073333333,15.52,3.179893457,0.052998224,0,0,0,4.880666667,6421,f,6421,side,02.02.21,0,0,0,0,0.113333333
DG5_F_4,DG5_F_5,DG5_F4_020221,DG5_F,0,0,0,2,4,2,y,n,Female,0.016666667,0,0,0,0,0,0,4.880666667,6421,f,6421,side,02.02.21,0,0,0,0,0.093333334
DG5_F_4,DG5_F_6,DG5_F4_020221,DG5_F,0,0,0,2,4,2,n,n,Male,0.043333333,1.9,0.38929108,0.006488185,0,0,0,4.880666667,6421,f,6407,side,02.02.21,0,0,0,0,0.103333333
DG5_F_4,DG5_F_7,DG5_F4_020221,DG5_F,0,0,0,2,4,2,n,n,Male,0.04,0,0,0,0,0,0,4.880666667,6421,f,6407,side,02.02.21,0,0,0,0,0.066666667
DG5_F_4,DG5_F_8,DG5_F4_020221,DG5_F,0,0,0,2,4,2,n,y,Male,0.013333333,0,0,0,0,0,0,4.880666667,6421,f,6407,side,02.02.21,0,0,0,0,0.103333333
DG5_F_4,DG5_F_9,DG5_F4_020221,DG5_F,1,0,0,2,4,2,n,n,Female,0.046666667,146.64,30.04507581,0.500751263,0,0,0,4.880666667,6421,f,6407,side,02.02.21,0,0,0,0,0.05
DG5_F_5,DG5_F_1,DG5_F5_040221,DG5_F,1,0,0,2,8,4,y,y,Male,0.09,137.92,57.48263407,0.958043901,0,0,0,2.399333333,6421,f,6421,front,04.02.21,0,0,0,0,0.076666666
DG5_F_5,DG5_F_10,DG5_F5_040221,DG5_F,0,1,0,2,8,4,n,y,Female,0.026666667,11.12,4.634620729,0.077243679,0,0,0,2.399333333,6421,f,6407,front,04.02.21,0,0,0,0,0.033333333
DG5_F_5,DG5_F_2,DG5_F5_040221,DG5_F,0,0,0,2,8,4,y,y,Male,0.05,3.12,1.300361212,0.021672687,0,0,0,2.399333333,6421,f,6421,front,04.02.21,0,0,0,0,0.11
DG5_F_5,DG5_F_3,DG5_F5_040221,DG5_F,0,0,0,2,8,4,y,y,Female,0.073333333,0,0,0,0,0,0,2.399333333,6421,f,6421,front,04.02.21,0,0,0,0,0.113333333
DG5_F_5,DG5_F_4,DG5_F5_040221,DG5_F,0,0,0,2,8,4,y,y,Female,0.043333333,0,0,0,0,0,0,2.399333333,6421,f,6421,front,04.02.21,0,0,0,0,0.053333333
DG5_F_5,DG5_F_6,DG5_F5_040221,DG5_F,0,0,0,2,8,4,n,n,Male,0.043333333,5.2,2.167268686,0.036121145,0,0,0,2.399333333,6421,f,6407,front,04.02.21,0,0,0,0,0.103333333
DG5_F_5,DG5_F_7,DG5_F5_040221,DG5_F,0,0,0,2,8,4,n,n,Male,0.04,1.92,0.800222284,0.013337038,0,0,0,2.399333333,6421,f,6407,front,04.02.21,0,0,0,0,0.066666667
DG5_F_5,DG5_F_8,DG5_F5_040221,DG5_F,0,0,0,2,8,4,n,y,Male,0.013333333,0,0,0,0,0,0,2.399333333,6421,f,6407,front,04.02.21,0,0,0,0,0.103333333
DG5_F_5,DG5_F_9,DG5_F5_040221,DG5_F,0,0,0,2,8,4,n,y,Female,0.046666667,23.76,9.902750765,0.165045846,0,0,0,2.399333333,6421,f,6407,front,04.02.21,0,0,0,0,0.05
DG5_F_6,DG5_F_1,DG5_F6_050221,DG5_F,0,0,0,2,10,5,n,y,Male,0.09,15.2,0.76,0.012666667,0,0,0,20,6407,m,6421,side,05.02.21,0,0,0,0,0.076666666
DG5_F_6,DG5_F_10,DG5_F6_050221,DG5_F,0,0,0,2,10,5,y,y,Female,0.026666667,97.56,4.878,0.0813,0,0,0,20,6407,m,6407,side,05.02.21,0,0,0,0,0.033333333
DG5_F_6,DG5_F_2,DG5_F6_050221,DG5_F,0,0,0,2,10,5,n,y,Male,0.05,7.8,0.39,0.0065,0,0,0,20,6407,m,6421,side,05.02.21,0,0,0,0,0.11
DG5_F_6,DG5_F_3,DG5_F6_050221,DG5_F,0,1,0,2,10,5,n,y,Female,0.073333333,883.6,44.18,0.736333333,15.08,0.754,0.012566667,20,6407,m,6421,side,05.02.21,0,0,0,0,0.113333333
DG5_F_6,DG5_F_4,DG5_F6_050221,DG5_F,0,0,0,2,10,5,n,y,Female,0.043333333,48.68,2.434,0.040566667,0,0,0,20,6407,m,6421,side,05.02.21,0,0,0,0,0.053333333
DG5_F_6,DG5_F_5,DG5_F6_050221,DG5_F,0,0,0,2,10,5,n,y,Female,0.016666667,51.12,2.556,0.0426,5.6,0.28,0.004666667,20,6407,m,6421,side,05.02.21,0,0,0,0,0.093333334
DG5_F_6,DG5_F_7,DG5_F6_050221,DG5_F,0,0,0,2,10,5,y,y,Male,0.04,5.2,0.26,0.004333333,5.4,0.27,0.0045,20,6407,m,6407,side,05.02.21,0,0,0,0,0.066666667
DG5_F_6,DG5_F_8,DG5_F6_050221,DG5_F,0,0,0,2,10,5,y,y,Male,0.013333333,7.84,0.392,0.006533333,0,0,0,20,6407,m,6407,side,05.02.21,0,0,0,0,0.103333333
DG5_F_6,DG5_F_9,DG5_F6_050221,DG5_F,0,0,0,2,10,5,y,y,Female,0.046666667,24.12,1.206,0.0201,10.88,0.544,0.009066667,20,6407,m,6407,side,05.02.21,0,0,0,0,0.05
DG5_F_7,DG5_F_1,DG5_F7_050221,DG5_F,1,0,0.86107922,1,9,5,n,y,Male,0.09,31.52,49.71608833,0.828601472,0,0,0,0.634,6407,m,6421,front,05.02.21,3,2,0.516647532,0.344431688,0.076666666
DG5_F_7,DG5_F_10,DG5_F7_050221,DG5_F,0,0,0,1,9,5,y,y,Female,0.026666667,0,0,0,0,0,0,0.634,6407,m,6407,front,05.02.21,0,0,0,0,0.033333333
DG5_F_7,DG5_F_2,DG5_F7_050221,DG5_F,0,0,0,1,9,5,n,y,Male,0.05,0,0,0,0,0,0,0.634,6407,m,6421,front,05.02.21,0,0,0,0,0.11
DG5_F_7,DG5_F_3,DG5_F7_050221,DG5_F,0,0,0,1,9,5,n,y,Female,0.073333333,4.76,7.507886435,0.125131441,0,0,0,0.634,6407,m,6421,front,05.02.21,0,0,0,0,0.113333333
DG5_F_7,DG5_F_4,DG5_F7_050221,DG5_F,0,0,0,1,9,5,n,y,Female,0.043333333,0,0,0,0,0,0,0.634,6407,m,6421,front,05.02.21,0,0,0,0,0.053333333
DG5_F_7,DG5_F_5,DG5_F7_050221,DG5_F,0,0,0,1,9,5,n,y,Female,0.016666667,2.92,4.605678233,0.076761304,0,0,0,0.634,6407,m,6421,front,05.02.21,0,0,0,0,0.093333334
DG5_F_7,DG5_F_6,DG5_F7_050221,DG5_F,0,0,0,1,9,5,y,n,Male,0.043333333,0,0,0,0,0,0,0.634,6407,m,6407,front,05.02.21,0,0,0,0,0.103333333
DG5_F_7,DG5_F_8,DG5_F7_050221,DG5_F,0,0,0,1,9,5,y,y,Male,0.013333333,0,0,0,0,0,0,0.634,6407,m,6407,front,05.02.21,0,0,0,0,0.103333333
DG5_F_7,DG5_F_9,DG5_F7_050221,DG5_F,0,0,0,1,9,5,y,y,Female,0.046666667,5.12,8.075709779,0.134595163,0,0,0,0.634,6407,m,6407,front,05.02.21,0,0,0,0,0.05
DG5_F_8,DG5_F_1,DG5_F8_010221,DG5_F,0,0,0,1,1,1,n,n,Male,0.09,18.6,4.034123771,0.067235396,0,0,0,4.610666667,6407,m,6421,side,01.02.21,0,0,0,0,0.076666666
DG5_F_8,DG5_F_10,DG5_F8_010221,DG5_F,0,0,0,1,1,1,y,n,Female,0.026666667,82.68,17.93233083,0.29887218,0,0,0,4.610666667,6407,m,6407,side,01.02.21,0,0,0,0,0.033333333
DG5_F_8,DG5_F_2,DG5_F8_010221,DG5_F,0,0,0,1,1,1,n,n,Male,0.05,0,0,0,0,0,0,4.610666667,6407,m,6421,side,01.02.21,0,0,0,0,0.11
DG5_F_8,DG5_F_3,DG5_F8_010221,DG5_F,0,0,0,1,1,1,n,n,Female,0.073333333,0,0,0,0,0,0,4.610666667,6407,m,6421,side,01.02.21,0,0,0,0,0.113333333
DG5_F_8,DG5_F_4,DG5_F8_010221,DG5_F,1,0,0,1,1,1,n,n,Female,0.043333333,38.68,8.389242336,0.139820706,16.36,3.548293811,0.05913823,4.610666667,6407,m,6421,side,01.02.21,0,0,0,0,0.053333333
DG5_F_8,DG5_F_5,DG5_F8_010221,DG5_F,0,0,0,1,1,1,n,n,Female,0.016666667,0,0,0,0,0,0,4.610666667,6407,m,6421,side,01.02.21,0,0,0,0,0.093333334
DG5_F_8,DG5_F_6,DG5_F8_010221,DG5_F,0,0,0,1,1,1,y,n,Male,0.043333333,0,0,0,0,0,0,4.610666667,6407,m,6407,side,01.02.21,0,0,0,0,0.103333333
DG5_F_8,DG5_F_7,DG5_F8_010221,DG5_F,0,0,0,1,1,1,y,n,Male,0.04,0,0,0,0,0,0,4.610666667,6407,m,6407,side,01.02.21,0,0,0,0,0.066666667
DG5_F_8,DG5_F_9,DG5_F8_010221,DG5_F,0,1,0,1,1,1,y,n,Female,0.046666667,3.12,0.676691729,0.011278195,2.48,0.537883169,0.008964719,4.610666667,6407,m,6407,side,01.02.21,0,0,0,0,0.05
DG5_F_9,DG5_F_1,DG5_F9_040221,DG5_F,1,0,0,1,7,4,n,y,Male,0.09,11.04,1.719447617,0.02865746,0,0,0,6.420666667,6407,f,6421,side,04.02.21,0,0,0,0,0.076666666
DG5_F_9,DG5_F_10,DG5_F9_040221,DG5_F,0,1,0.345582306,1,7,4,y,y,Female,0.026666667,70.4,10.9645935,0.182743225,0,0,0,6.420666667,6407,f,6407,side,04.02.21,2,0,0.345582306,0,0.033333333
DG5_F_9,DG5_F_2,DG5_F9_040221,DG5_F,0,0,0,1,7,4,n,y,Male,0.05,7.76,1.208597238,0.020143287,0,0,0,6.420666667,6407,f,6421,side,04.02.21,0,0,0,0,0.11
DG5_F_9,DG5_F_3,DG5_F9_040221,DG5_F,0,0,0,1,7,4,n,y,Female,0.073333333,70.96,11.05181186,0.184196864,0,0,0,6.420666667,6407,f,6421,side,04.02.21,0,0,0,0,0.113333333
DG5_F_9,DG5_F_4,DG5_F9_040221,DG5_F,0,0,0,1,7,4,n,y,Female,0.043333333,73.92,11.51282317,0.191880386,0,0,0,6.420666667,6407,f,6421,side,04.02.21,0,0,0,0,0.053333333
DG5_F_9,DG5_F_5,DG5_F9_040221,DG5_F,0,0,0,1,7,4,n,n,Female,0.016666667,12.98,2.021596926,0.033693282,0,0,0,6.420666667,6407,f,6421,side,04.02.21,0,0,0,0,0.093333334
DG5_F_9,DG5_F_6,DG5_F9_040221,DG5_F,0,0,0,1,7,4,y,n,Male,0.043333333,4.24,0.660367563,0.011006126,0,0,0,6.420666667,6407,f,6407,side,04.02.21,0,0,0,0,0.103333333
DG5_F_9,DG5_F_7,DG5_F9_040221,DG5_F,0,0,0,1,7,4,y,n,Male,0.04,41.76,6.503997508,0.108399958,0,0,0,6.420666667,6407,f,6407,side,04.02.21,0,0,0,0,0.066666667
DG5_F_9,DG5_F_8,DG5_F9_040221,DG5_F,0,0,0,1,7,4,y,y,Male,0.013333333,38.16,5.943308067,0.099055134,0,0,0,6.420666667,6407,f,6407,side,04.02.21,0,0,0,0,0.103333333
DG5_W_1,DG5_W_10,DG5_W1_050221,DG5_W,0,0,0,1,9,5,n,y,Female,0.033333334,0,0,0,0,0,0,0.361333333,6420,m,6235,front,05.02.21,0,0,0,0,0.0875
DG5_W_1,DG5_W_2,DG5_W1_050221,DG5_W,0,0,0,1,9,5,y,y,Male,0.05,0,0,0,0,0,0,0.361333333,6420,m,6420,front,05.02.21,0,0,0,0,0.075
DG5_W_1,DG5_W_3,DG5_W1_050221,DG5_W,0,0,0,1,9,5,y,y,Female,0.158333333,0,0,0,0,0,0,0.361333333,6420,m,6420,front,05.02.21,0,0,0,0,0.108333333
DG5_W_1,DG5_W_4,DG5_W1_050221,DG5_W,0,0,0,1,9,5,y,y,Female,0.029166667,1.16,3.210332106,0.053505535,0,0,0,0.361333333,6420,m,6420,front,05.02.21,0,0,0,0,0.095833334
DG5_W_1,DG5_W_5,DG5_W1_050221,DG5_W,0,0,0,1,9,5,y,n,Female,0.058333333,0,0,0,0,0,0,0.361333333,6420,m,6420,front,05.02.21,0,0,0,0,0.095833333
DG5_W_1,DG5_W_6,DG5_W1_050221,DG5_W,0,0,0,1,9,5,n,y,Male,0.041666667,0,0,0,0,0,0,0.361333333,6420,m,6235,front,05.02.21,0,0,0,0,0.045833333
DG5_W_1,DG5_W_7,DG5_W1_050221,DG5_W,1,0,0,1,9,5,n,y,Male,0.054166667,2.56,7.084870855,0.118081181,0,0,0,0.361333333,6420,m,6235,front,05.02.21,0,0,0,0,0.05
DG5_W_1,DG5_W_8,DG5_W1_050221,DG5_W,0,1,0,1,9,5,n,y,Male,0.016666667,0,0,0,0,0,0,0.361333333,6420,m,6235,front,05.02.21,0,0,0,0,0.083333333
DG5_W_1,DG5_W_9,DG5_W1_050221,DG5_W,0,0,0,1,9,5,n,y,Female,0.041666667,0,0,0,0,0,0,0.361333333,6420,m,6235,front,05.02.21,0,0,0,0,0.054166667
DG5_W_10,DG5_W_1,DG5_W10_040221,DG5_W,0,0,0,1,7,4,n,n,Male,0.0625,0,0,0,0,0,0,0.16,6235,f,6420,side,04.02.21,0,0,0,0,0.1
DG5_W_10,DG5_W_2,DG5_W10_040221,DG5_W,0,0,0,1,7,4,n,y,Male,0.05,0,0,0,0,0,0,0.16,6235,f,6420,side,04.02.21,0,0,0,0,0.075
DG5_W_10,DG5_W_3,DG5_W10_040221,DG5_W,1,0,0.455465587,1,7,4,n,y,Female,0.158333333,1.92,12,0.2,0,0,0,0.16,6235,f,6420,side,04.02.21,0,3,0,0.455465587,0.108333333
DG5_W_10,DG5_W_4,DG5_W10_040221,DG5_W,0,0,0,1,7,4,n,y,Female,0.029166667,0,0,0,0,0,0,0.16,6235,f,6420,side,04.02.21,0,0,0,0,0.095833334
DG5_W_10,DG5_W_5,DG5_W10_040221,DG5_W,0,1,0,1,7,4,n,n,Female,0.058333333,0,0,0,0,0,0,0.16,6235,f,6420,side,04.02.21,0,0,0,0,0.095833333
DG5_W_10,DG5_W_6,DG5_W10_040221,DG5_W,0,0,0.303643725,1,7,4,y,y,Male,0.041666667,0,0,0,0,0,0,0.16,6235,f,6235,side,04.02.21,0,2,0,0.303643725,0.045833333
DG5_W_10,DG5_W_7,DG5_W10_040221,DG5_W,0,0,0.151729719,1,7,4,y,y,Male,0.054166667,0,0,0,0,0,0,0.16,6235,f,6235,side,04.02.21,1,0,0.151729719,0,0.05
DG5_W_10,DG5_W_8,DG5_W10_040221,DG5_W,0,0,0,1,7,4,y,y,Male,0.016666667,0,0,0,0,0,0,0.16,6235,f,6235,side,04.02.21,0,0,0,0,0.083333333
DG5_W_10,DG5_W_9,DG5_W10_040221,DG5_W,0,0,0,1,7,4,y,n,Female,0.041666667,0,0,0,0,0,0,0.16,6235,f,6235,side,04.02.21,0,0,0,0,0.054166667
DG5_W_2,DG5_W_1,DG5_W2_040221,DG5_W,0,0,0,2,6,3,y,n,Male,0.0625,0,0,0,0,0,0,5.184,6420,m,6420,side,03.02.21,0,0,0,0,0.1
DG5_W_2,DG5_W_10,DG5_W2_040221,DG5_W,0,0,0,2,6,3,n,n,Female,0.033333334,0,0,0,0,0,0,5.184,6420,m,6235,side,03.02.21,0,0,0,0,0.0875
DG5_W_2,DG5_W_3,DG5_W2_040221,DG5_W,0,0,0,2,6,3,y,y,Female,0.158333333,0,0,0,0,0,0,5.184,6420,m,6420,side,03.02.21,0,0,0,0,0.108333333
DG5_W_2,DG5_W_4,DG5_W2_040221,DG5_W,0,0,0,2,6,3,y,y,Female,0.029166667,0,0,0,13.84,2.669753086,0.044495885,5.184,6420,m,6420,side,03.02.21,0,0,0,0,0.095833334
DG5_W_2,DG5_W_5,DG5_W2_040221,DG5_W,0,0,0.167037862,2,6,3,y,n,Female,0.058333333,0,0,0,0,0,0,5.184,6420,m,6420,side,03.02.21,0,1,0,0.167037862,0.095833333
DG5_W_2,DG5_W_6,DG5_W2_040221,DG5_W,1,0,0,2,6,3,n,y,Male,0.041666667,25,4.822530864,0.080375514,0,0,0,5.184,6420,m,6235,side,03.02.21,0,0,0,0,0.045833333
DG5_W_2,DG5_W_7,DG5_W2_040221,DG5_W,0,0,0,2,6,3,n,y,Male,0.054166667,0,0,0,6.28,1.211419753,0.020190329,5.184,6420,m,6235,side,03.02.21,0,0,0,0,0.05
DG5_W_2,DG5_W_8,DG5_W2_040221,DG5_W,0,1,0.334672021,2,6,3,n,y,Male,0.016666667,22.84,4.405864198,0.07343107,6.64,1.280864198,0.021347737,5.184,6420,m,6235,side,03.02.21,2,0,0.334672021,0,0.083333333
DG5_W_2,DG5_W_9,DG5_W2_040221,DG5_W,0,0,0,2,6,3,n,n,Female,0.041666667,29.92,5.771604938,0.096193416,0,0,0,5.184,6420,m,6235,side,03.02.21,0,0,0,0,0.054166667
DG5_W_3,DG5_W_1,DG5_W3_010221,DG5_W,0,0,0,1,1,1,y,n,Male,0.0625,52.44,4.653887114,0.077564785,0,0,0,11.268,6420,f,6420,front,01.02.21,0,0,0,0,0.1
DG5_W_3,DG5_W_10,DG5_W3_010221,DG5_W,1,1,0.173812283,1,1,1,n,n,Female,0.033333334,122.6,10.88036919,0.181339486,0,0,0,11.268,6420,f,6235,front,01.02.21,0,1,0,0.173812283,0.0875
DG5_W_3,DG5_W_2,DG5_W3_010221,DG5_W,0,0,0,1,1,1,y,n,Male,0.05,11.92,1.057862975,0.01763105,0,0,0,11.268,6420,f,6420,front,01.02.21,0,0,0,0,0.075
DG5_W_3,DG5_W_4,DG5_W3_010221,DG5_W,0,0,0.173812283,1,1,1,y,n,Female,0.029166667,55.32,4.909478168,0.081824636,22.92,2.034078807,0.033901313,11.268,6420,f,6420,front,01.02.21,0,1,0,0.173812283,0.095833334
DG5_W_3,DG5_W_5,DG5_W3_010221,DG5_W,0,0,0,1,1,1,y,n,Female,0.058333333,29.12,2.584309549,0.043071826,0,0,0,11.268,6420,f,6420,front,01.02.21,0,0,0,0,0.095833333
DG5_W_3,DG5_W_6,DG5_W3_010221,DG5_W,0,0,0,1,1,1,n,n,Male,0.041666667,11.24,0.997515087,0.016625251,0,0,0,11.268,6420,f,6235,front,01.02.21,0,0,0,0,0.045833333
DG5_W_3,DG5_W_7,DG5_W3_010221,DG5_W,0,0,0,1,1,1,n,n,Male,0.054166667,4.76,0.422435215,0.007040587,0,0,0,11.268,6420,f,6235,front,01.02.21,0,0,0,0,0.05
DG5_W_3,DG5_W_8,DG5_W3_010221,DG5_W,0,0,0,1,1,1,n,n,Male,0.016666667,14.32,1.27085552,0.021180925,0,0,0,11.268,6420,f,6235,front,01.02.21,0,0,0,0,0.083333333
DG5_W_3,DG5_W_9,DG5_W3_010221,DG5_W,0,0,0,1,1,1,n,n,Female,0.041666667,0,0,0,0,0,0,11.268,6420,f,6235,front,01.02.21,0,0,0,0,0.054166667
DG5_W_4,DG5_W_1,DG5_W4_020221,DG5_W,0,0,0,2,4,2,y,n,Male,0.0625,0,0,0,0,0,0,1.287333333,6420,f,6420,front,02.02.21,0,0,0,0,0.1
DG5_W_4,DG5_W_10,DG5_W4_020221,DG5_W,0,0,0,2,4,2,n,n,Female,0.033333334,0,0,0,0,0,0,1.287333333,6420,f,6235,front,02.02.21,0,0,0,0,0.0875
DG5_W_4,DG5_W_2,DG5_W4_020221,DG5_W,0,0,0,2,4,2,y,n,Male,0.05,0,0,0,0,0,0,1.287333333,6420,f,6420,front,02.02.21,0,0,0,0,0.075
DG5_W_4,DG5_W_3,DG5_W4_020221,DG5_W,0,1,0,2,4,2,y,y,Female,0.158333333,0,0,0,0,0,0,1.287333333,6420,f,6420,front,02.02.21,0,0,0,0,0.108333333
DG5_W_4,DG5_W_5,DG5_W4_020221,DG5_W,0,0,0,2,4,2,y,n,Female,0.058333333,0,0,0,0,0,0,1.287333333,6420,f,6420,front,02.02.21,0,0,0,0,0.095833333
DG5_W_4,DG5_W_6,DG5_W4_020221,DG5_W,0,0,0,2,4,2,n,y,Male,0.041666667,0,0,0,0,0,0,1.287333333,6420,f,6235,front,02.02.21,0,0,0,0,0.045833333
DG5_W_4,DG5_W_7,DG5_W4_020221,DG5_W,0,0,0,2,4,2,n,n,Male,0.054166667,0,0,0,0,0,0,1.287333333,6420,f,6235,front,02.02.21,0,0,0,0,0.05
DG5_W_4,DG5_W_8,DG5_W4_020221,DG5_W,0,0,0,2,4,2,n,y,Male,0.016666667,0,0,0,0,0,0,1.287333333,6420,f,6235,front,02.02.21,0,0,0,0,0.083333333
DG5_W_4,DG5_W_9,DG5_W4_020221,DG5_W,1,0,0,2,4,2,n,n,Female,0.041666667,28.94,22.48058002,0.374676334,0,0,0,1.287333333,6420,f,6235,front,02.02.21,0,0,0,0,0.054166667
DG5_W_5,DG5_W_1,DG5_W5_050221,DG5_W,0,0,0,2,10,5,y,y,Male,0.0625,0,0,0,0,0,0,1.778,6420,f,6420,side,05.02.21,0,0,0,0,0.1
DG5_W_5,DG5_W_10,DG5_W5_050221,DG5_W,0,0,0,2,10,5,n,y,Female,0.033333334,0,0,0,0,0,0,1.778,6420,f,6235,side,05.02.21,0,0,0,0,0.0875
DG5_W_5,DG5_W_2,DG5_W5_050221,DG5_W,0,0,0,2,10,5,y,y,Male,0.05,0,0,0,0,0,0,1.778,6420,f,6420,side,05.02.21,0,0,0,0,0.075
DG5_W_5,DG5_W_3,DG5_W5_050221,DG5_W,0,0,0.164077882,2,10,5,y,y,Female,0.158333333,8.56,4.8143982,0.08023997,0,0,0,1.778,6420,f,6420,side,05.02.21,1,0,0.164077882,0,0.108333333
DG5_W_5,DG5_W_4,DG5_W5_050221,DG5_W,0,0,0,2,10,5,y,y,Female,0.029166667,0,0,0,0,0,0,1.778,6420,f,6420,side,05.02.21,0,0,0,0,0.095833334
DG5_W_5,DG5_W_6,DG5_W5_050221,DG5_W,1,1,0,2,10,5,n,y,Male,0.041666667,33.24,18.6951631,0.311586052,0,0,0,1.778,6420,f,6235,side,05.02.21,0,0,0,0,0.045833333
DG5_W_5,DG5_W_7,DG5_W5_050221,DG5_W,0,0,0.163934426,2,10,5,n,y,Male,0.054166667,0,0,0,0,0,0,1.778,6420,f,6235,side,05.02.21,0,1,0,0.163934426,0.05
DG5_W_5,DG5_W_8,DG5_W5_050221,DG5_W,0,0,0,2,10,5,n,y,Male,0.016666667,0,0,0,8.4,4.724409449,0.078740157,1.778,6420,f,6235,side,05.02.21,0,0,0,0,0.083333333
DG5_W_5,DG5_W_9,DG5_W5_050221,DG5_W,0,0,0,2,10,5,n,y,Female,0.041666667,11.12,6.254218223,0.10423697,3.36,1.88976378,0.031496063,1.778,6420,f,6235,side,05.02.21,0,0,0,0,0.054166667
DG5_W_6,DG5_W_1,DG5_W6_020221,DG5_W,0,0,0,1,3,2,n,n,Male,0.0625,2.92,4.040590404,0.067343173,0,0,0,0.722666667,6235,m,6420,side,02.02.21,0,0,0,0,0.1
DG5_W_6,DG5_W_10,DG5_W6_020221,DG5_W,0,0,0,1,3,2,y,n,Female,0.033333334,21.76,30.11070109,0.501845018,0,0,0,0.722666667,6235,m,6235,side,02.02.21,0,0,0,0,0.0875
DG5_W_6,DG5_W_2,DG5_W6_020221,DG5_W,0,0,0,1,3,2,n,n,Male,0.05,0,0,0,0,0,0,0.722666667,6235,m,6420,side,02.02.21,0,0,0,0,0.075
DG5_W_6,DG5_W_3,DG5_W6_020221,DG5_W,0,0,0,1,3,2,n,y,Female,0.158333333,0,0,0,0,0,0,0.722666667,6235,m,6420,side,02.02.21,0,0,0,0,0.108333333
DG5_W_6,DG5_W_4,DG5_W6_020221,DG5_W,0,0,0,1,3,2,n,n,Female,0.029166667,14.76,20.42435423,0.340405904,4.16,5.756457562,0.095940959,0.722666667,6235,m,6420,side,02.02.21,0,0,0,0,0.095833334
DG5_W_6,DG5_W_5,DG5_W6_020221,DG5_W,0,0,0,1,3,2,n,n,Female,0.058333333,0,0,0,0,0,0,0.722666667,6235,m,6420,side,02.02.21,0,0,0,0,0.095833333
DG5_W_6,DG5_W_7,DG5_W6_020221,DG5_W,0,0,0,1,3,2,y,n,Male,0.054166667,0,0,0,0,0,0,0.722666667,6235,m,6235,side,02.02.21,0,0,0,0,0.05
DG5_W_6,DG5_W_8,DG5_W6_020221,DG5_W,0,0,0.172275181,1,3,2,y,y,Male,0.016666667,0,0,0,0,0,0,0.722666667,6235,m,6235,side,02.02.21,1,0,0.172275181,0,0.083333333
DG5_W_6,DG5_W_9,DG5_W6_020221,DG5_W,1,1,0.172552629,1,3,2,y,n,Female,0.041666667,23.96,33.15498153,0.552583026,0,0,0,0.722666667,6235,m,6235,side,02.02.21,0,1,0,0.172552629,0.054166667
DG5_W_7,DG5_W_1,DG5_W7_030221,DG5_W,0,0,0,1,5,3,n,n,Male,0.0625,0,0,0,0,0,0,1.714666667,6235,m,6420,front,03.02.21,0,0,0,0,0.1
DG5_W_7,DG5_W_10,DG5_W7_030221,DG5_W,0,0,0,1,5,3,y,n,Female,0.033333334,0,0,0,0,0,0,1.714666667,6235,m,6235,front,03.02.21,0,0,0,0,0.0875
DG5_W_7,DG5_W_2,DG5_W7_030221,DG5_W,0,0,0,1,5,3,n,n,Male,0.05,0,0,0,0,0,0,1.714666667,6235,m,6420,front,03.02.21,0,0,0,0,0.075
DG5_W_7,DG5_W_3,DG5_W7_030221,DG5_W,0,0,0,1,5,3,n,y,Female,0.158333333,0,0,0,0,0,0,1.714666667,6235,m,6420,front,03.02.21,0,0,0,0,0.108333333
DG5_W_7,DG5_W_4,DG5_W7_030221,DG5_W,0,0,0,1,5,3,n,y,Female,0.029166667,0,0,0,0,0,0,1.714666667,6235,m,6420,front,03.02.21,0,0,0,0,0.095833334
DG5_W_7,DG5_W_5,DG5_W7_030221,DG5_W,0,1,0,1,5,3,n,n,Female,0.058333333,0,0,0,0,0,0,1.714666667,6235,m,6420,front,03.02.21,0,0,0,0,0.095833333
DG5_W_7,DG5_W_6,DG5_W7_030221,DG5_W,0,0,0,1,5,3,y,y,Male,0.041666667,0,0,0,0,0,0,1.714666667,6235,m,6235,front,03.02.21,0,0,0,0,0.045833333
DG5_W_7,DG5_W_8,DG5_W7_030221,DG5_W,0,0,0,1,5,3,y,y,Male,0.016666667,6.04,3.522550544,0.058709176,3.64,2.122861586,0.035381026,1.714666667,6235,m,6235,front,03.02.21,0,0,0,0,0.083333333
DG5_W_7,DG5_W_9,DG5_W7_030221,DG5_W,1,0,0,1,5,3,y,n,Female,0.041666667,21.56,12.57387247,0.209564541,2.52,1.470245041,0.024561404,1.714666667,6235,m,6235,front,03.02.21,0,0,0,0,0.054166667
DG5_W_8,DG5_W_1,DG5_W8_010221,DG5_W,0,0,0,2,2,1,n,n,Male,0.0625,0,0,0,0,0,0,0.280666667,6235,m,6420,side,01.02.21,0,0,0,0,0.1
DG5_W_8,DG5_W_10,DG5_W8_010221,DG5_W,0,0,0,2,2,1,y,n,Female,0.033333334,0,0,0,0,0,0,0.280666667,6235,m,6235,side,01.02.21,0,0,0,0,0.0875
DG5_W_8,DG5_W_2,DG5_W8_010221,DG5_W,0,0,0,2,2,1,n,n,Male,0.05,0,0,0,0,0,0,0.280666667,6235,m,6420,side,01.02.21,0,0,0,0,0.075
DG5_W_8,DG5_W_3,DG5_W8_010221,DG5_W,0,1,0,2,2,1,n,y,Female,0.158333333,0,0,0,0,0,0,0.280666667,6235,m,6420,side,01.02.21,0,0,0,0,0.108333333
DG5_W_8,DG5_W_4,DG5_W8_010221,DG5_W,1,0,0,2,2,1,n,n,Female,0.029166667,10.08,35.91448927,0.598574821,0,0,0,0.280666667,6235,m,6420,side,01.02.21,0,0,0,0,0.095833334
DG5_W_8,DG5_W_5,DG5_W8_010221,DG5_W,0,0,0,2,2,1,n,n,Female,0.058333333,0,0,0,0,0,0,0.280666667,6235,m,6420,side,01.02.21,0,0,0,0,0.095833333
DG5_W_8,DG5_W_6,DG5_W8_010221,DG5_W,0,0,0,2,2,1,y,n,Male,0.041666667,0,0,0,0,0,0,0.280666667,6235,m,6235,side,01.02.21,0,0,0,0,0.045833333
DG5_W_8,DG5_W_7,DG5_W8_010221,DG5_W,0,0,0.175397568,2,2,1,y,n,Male,0.054166667,0,0,0,0,0,0,0.280666667,6235,m,6235,side,01.02.21,1,0,0.175397568,0,0.05
DG5_W_8,DG5_W_9,DG5_W8_010221,DG5_W,0,0,0,2,2,1,y,n,Female,0.041666667,0,0,0,0,0,0,0.280666667,6235,m,6235,side,01.02.21,0,0,0,0,0.054166667
DG5_W_9,DG5_W_1,DG5_W9_040221,DG5_W,0,0,0,2,8,4,n,n,Male,0.0625,4.72,1.702332291,0.028372205,0,0,0,2.772666667,6235,f,6420,front,04.02.21,0,0,0,0,0.1
DG5_W_9,DG5_W_10,DG5_W9_040221,DG5_W,0,1,0,2,8,4,y,y,Female,0.033333334,27.04,9.752344312,0.162539072,4.6,1.659052657,0.027650878,2.772666667,6235,f,6235,front,04.02.21,0,0,0,0,0.0875
DG5_W_9,DG5_W_2,DG5_W9_040221,DG5_W,0,0,0,2,8,4,n,y,Male,0.05,19.56,7.054580427,0.11757634,0,0,0,2.772666667,6235,f,6420,front,04.02.21,0,0,0,0,0.075
DG5_W_9,DG5_W_3,DG5_W9_040221,DG5_W,0,0,0,2,8,4,n,y,Female,0.158333333,89.44,32.25775426,0.537629238,2.56,0.92329887,0.015388314,2.772666667,6235,f,6420,front,04.02.21,0,0,0,0,0.108333333
DG5_W_9,DG5_W_4,DG5_W9_040221,DG5_W,0,0,0,2,8,4,n,y,Female,0.029166667,17.72,6.390959364,0.106515989,0,0,0,2.772666667,6235,f,6420,front,04.02.21,0,0,0,0,0.095833334
DG5_W_9,DG5_W_5,DG5_W9_040221,DG5_W,0,0,0,2,8,4,n,n,Female,0.058333333,25.28,9.117576339,0.151959606,0,0,0,2.772666667,6235,f,6420,front,04.02.21,0,0,0,0,0.095833333
DG5_W_9,DG5_W_6,DG5_W9_040221,DG5_W,0,0,0,2,8,4,y,y,Male,0.041666667,42.68,15.39312335,0.256552056,0,0,0,2.772666667,6235,f,6235,front,04.02.21,0,0,0,0,0.045833333
DG5_W_9,DG5_W_7,DG5_W9_040221,DG5_W,1,0,0,2,8,4,y,y,Male,0.054166667,52.14,18.8050012,0.313416687,3.6,1.298389036,0.021639817,2.772666667,6235,f,6235,front,04.02.21,0,0,0,0,0.05
DG5_W_9,DG5_W_8,DG5_W9_040221,DG5_W,0,0,0,2,8,4,y,y,Male,0.016666667,0,0,0,0,0,0,2.772666667,6235,f,6235,front,04.02.21,0,0,0,0,0.083333333
