trapped.pig.uniq.id,uniq.group,trial,group.trapped.pig.order,pot.helper.uniq.id,pot.helper.response,related,pot.helper.helped.by.trapped.before,trapped.before,trapped.pig.helped.others.before,pothelper.sex,test.dur.look.s.per.min,pretrial.rate.curio.min,pretrial.open.yn,train.rate.curio.min,train.rate.open,lat.helped.min,test.dur.look.window,test.count.look.window,test.curios.score,pretrial.curio.yn,trapped.pig.sow,trapped.pig.sex,test.count.look.per.testmin,test.rate.curio.min,pretrial.rate.open.min,pothelper.mom
DG2_F_3,DG2_F,DG2_F3_070920,1,DG2_F_2,0,Yes,No,No,n,Female,2.784,0,No,0.416666667,0.183333334,20,55.68,9,3,0,6232,w,0.45,0.15,0,6232
DG2_F_3,DG2_F,DG2_F3_070920,1,DG2_F_4,0,No,No,No,n,Male,0,0,No,0.675,0.041666667,NA,NA,NA,NA,0,6232,w,0,0,0,6235
DG2_F_3,DG2_F,DG2_F3_070920,1,DG2_F_5,0,No,No,No,n,Male,0,0,No,0.433333334,0.016666667,NA,NA,NA,NA,0,6232,w,0,0,0,6235
DG2_F_3,DG2_F,DG2_F3_070920,1,DG2_F_6,0,No,No,No,n,Female,1.082,0,No,0.383333334,0.008333334,20,21.64,4,0,0,6232,w,0.2,0,0,6235
DG2_F_3,DG2_F,DG2_F3_070920,1,DG2_F_7,0,No,No,No,n,Male,3.596,0,No,0.441666667,0.066666667,20,71.92,11,4,0,6232,w,0.55,0.2,0,5952
DG2_F_3,DG2_F,DG2_F3_070920,1,DG2_F_8,0,No,No,No,n,Male,0,0.159829515,No,0.516666667,0,20,0,0,0,1,6232,w,0,0,0,5952
DG2_F_3,DG2_F,DG2_F3_070920,1,DG2_F_9,0,No,No,No,n,Female,0.078,0.159829515,No,0.3,0,20,1.56,1,1,1,6232,w,0.05,0.05,0,5952
DG2_F_6,DG2_F,DG2_F6_070920,2,DG2_F_2,0,No,No,No,n,Female,0.182,0,No,0.416666667,0.183333334,20,3.64,2,0,0,6235,w,0.1,0,0,6232
DG2_F_6,DG2_F,DG2_F6_070920,2,DG2_F_3,0,No,No,Yes,n,Female,0.374,0,No,0.55,0.041666667,20,7.48,2,0,0,6235,w,0.1,0,0,6232
DG2_F_6,DG2_F,DG2_F6_070920,2,DG2_F_4,0,Yes,No,No,n,Male,3.182,0,No,0.675,0.041666667,20,63.64,6,2,0,6235,w,0.3,0.1,0,6235
DG2_F_6,DG2_F,DG2_F6_070920,2,DG2_F_5,0,Yes,No,No,n,Male,0.194,0,No,0.433333334,0.016666667,20,3.88,1,1,0,6235,w,0.05,0.05,0,6235
DG2_F_6,DG2_F,DG2_F6_070920,2,DG2_F_7,0,No,No,No,n,Male,3.71,0,No,0.441666667,0.066666667,20,74.2,12,0,0,6235,w,0.6,0,0,5952
DG2_F_6,DG2_F,DG2_F6_070920,2,DG2_F_8,0,No,No,No,n,Male,3.522,0,No,0.516666667,0,20,70.44,6,3,0,6235,w,0.3,0.15,0,5952
DG2_F_6,DG2_F,DG2_F6_070920,2,DG2_F_9,0,No,No,No,n,Female,1.162,0,No,0.3,0,20,23.24,2,0,0,6235,w,0.1,0,0,5952
DG2_F_2,DG2_F,DG2_F2_080920,3,DG2_F_3,0,Yes,No,Yes,n,Female,0.574817123,0,No,0.55,0.041666667,11.5515,6.64,1,0,0,6232,w,0.086568844,0,0,6232
DG2_F_2,DG2_F,DG2_F2_080920,3,DG2_F_4,1,No,No,No,n,Male,2.46201792,0,No,0.675,0.041666667,11.5515,28.44,2,2,0,6232,w,0.173137688,0.173137688,0,6235
DG2_F_2,DG2_F,DG2_F2_080920,3,DG2_F_5,0,No,No,No,n,Male,0,0,No,0.433333334,0.016666667,11.5515,0,0,1,0,6232,w,0,0.086568844,0,6235
DG2_F_2,DG2_F,DG2_F2_080920,3,DG2_F_6,0,No,No,Yes,n,Female,7.410293036,0,No,0.383333334,0.008333334,11.5515,85.6,9,0,0,6232,w,0.779119595,0,0,6235
DG2_F_2,DG2_F,DG2_F2_080920,3,DG2_F_7,0,No,No,No,n,Male,3.000302991,0.169328893,No,0.441666667,0.066666667,11.5515,34.658,7,0,1,6232,w,0.605981907,0,0,5952
DG2_F_2,DG2_F,DG2_F2_080920,3,DG2_F_8,0,No,No,No,n,Male,31.97853093,0,No,0.516666667,0,11.5515,369.4,16,0,0,6232,w,1.385101502,0,0,5952
DG2_F_2,DG2_F,DG2_F2_080920,3,DG2_F_9,0,No,No,No,n,Female,4.21417132,0,No,0.3,0,11.5515,48.68,1,2,0,6232,w,0.086568844,0.173137688,0,5952
DG2_F_7,DG2_F,DG2_F7_080920,4,DG2_F_2,0,No,No,Yes,n,Female,0.586,0,No,0.416666667,0.183333334,20,11.72,3,3,0,5952,m,0.15,0.15,0,6232
DG2_F_7,DG2_F,DG2_F7_080920,4,DG2_F_3,0,No,No,Yes,n,Female,3.12,0,No,0.55,0.041666667,20,62.4,10,4,0,5952,m,0.5,0.2,0,6232
DG2_F_7,DG2_F,DG2_F7_080920,4,DG2_F_4,0,No,No,No,n,Male,1.036,0,No,0.675,0.041666667,20,20.72,4,2,0,5952,m,0.2,0.1,0,6235
DG2_F_7,DG2_F,DG2_F7_080920,4,DG2_F_5,0,No,No,No,n,Male,0,0,No,0.433333334,0.016666667,NA,NA,NA,NA,0,5952,m,0,0,0,6235
DG2_F_7,DG2_F,DG2_F7_080920,4,DG2_F_6,0,No,No,Yes,n,Female,3.31,0,No,0.383333334,0.008333334,20,66.2,6,0,0,5952,m,0.3,0,0,6235
DG2_F_7,DG2_F,DG2_F7_080920,4,DG2_F_8,0,Yes,No,No,n,Male,0.324,0,No,0.516666667,0,20,6.48,3,1,0,5952,m,0.15,0.05,0,5952
DG2_F_7,DG2_F,DG2_F7_080920,4,DG2_F_9,0,Yes,No,No,n,Female,2.546,0,No,0.3,0,20,50.92,11,1,0,5952,m,0.55,0.05,0,5952
DG2_F_9,DG2_F,DG2_F9_090920,5,DG2_F_2,1,No,No,Yes,n,Female,3.646537253,0,Yes,0.416666667,0.183333334,3.872166667,14.12,3,0,0,5952,w,0.77476004,0,0.024731458,6232
DG2_F_9,DG2_F,DG2_F9_090920,5,DG2_F_3,0,No,No,Yes,n,Female,3.181681229,0,No,0.55,0.041666667,3.872166667,12.32,2,1,0,5952,w,0.516506693,0.258253347,0,6232
DG2_F_9,DG2_F,DG2_F9_090920,5,DG2_F_4,0,No,No,No,n,Male,5.774544828,0,No,0.675,0.041666667,3.872166667,22.36,1,0,0,5952,w,0.258253347,0,0,6235
DG2_F_9,DG2_F,DG2_F9_090920,5,DG2_F_5,0,No,No,No,n,Male,0,0,No,0.433333334,0.016666667,NA,NA,NA,NA,0,5952,w,0,0,0,6235
DG2_F_9,DG2_F,DG2_F9_090920,5,DG2_F_6,0,No,No,Yes,n,Female,3.646537253,0,No,0.383333334,0.008333334,3.872166667,14.12,3,1,0,5952,w,0.77476004,0.258253347,0,6235
DG2_F_9,DG2_F,DG2_F9_090920,5,DG2_F_7,0,Yes,No,Yes,n,Male,3.925450867,0,No,0.441666667,0.066666667,3.872166667,15.2,6,0,0,5952,w,1.549520079,0,0,5952
DG2_F_9,DG2_F,DG2_F9_090920,5,DG2_F_8,0,Yes,No,No,n,Male,33.88283906,0.173120203,No,0.516666667,0,3.872166667,131.2,8,1,1,5952,w,2.066026772,0.258253347,0,5952
DG2_F_4,DG2_F,DG2_F4_090920,6,DG2_F_2,1,No,Yes,Yes,y,Female,3.307876542,0,No,0.416666667,0.183333334,3.688166667,12.2,4,1,0,6235,m,1.084549686,0.271137421,0,6232
DG2_F_4,DG2_F,DG2_F4_090920,6,DG2_F_3,0,No,No,Yes,y,Female,3.38379502,0,No,0.55,0.041666667,3.688166667,12.48,3,0,0,6235,m,0.813412264,0,0,6232
DG2_F_4,DG2_F,DG2_F4_090920,6,DG2_F_5,0,Yes,No,No,y,Male,0,0,No,0.433333334,0.016666667,NA,NA,NA,NA,0,6235,m,0,0,0,6235
DG2_F_4,DG2_F,DG2_F4_090920,6,DG2_F_6,0,Yes,No,Yes,y,Female,6.886890505,0,No,0.383333334,0.008333334,3.688166667,25.4,3,0,0,6235,m,0.813412264,0,0,6235
DG2_F_4,DG2_F,DG2_F4_090920,6,DG2_F_7,0,No,No,Yes,y,Male,0.672420805,0,No,0.441666667,0.066666667,3.688166667,2.48,1,0,0,6235,m,0.271137421,0,0,5952
DG2_F_4,DG2_F,DG2_F4_090920,6,DG2_F_8,0,No,No,No,y,Male,17.46124994,0,No,0.516666667,0,3.688166667,64.4,7,0,0,6235,m,1.89796195,0,0,5952
DG2_F_4,DG2_F,DG2_F4_090920,6,DG2_F_9,0,No,No,Yes,y,Female,3.58985946,0,No,0.3,0,3.688166667,13.24,2,0,0,6235,m,0.542274843,0,0,5952
DG2_F_5,DG2_F,DG2_F5_100920,7,DG2_F_2,1,No,No,Yes,n,Female,6.808277372,0,No,0.416666667,0.183333334,1.216166667,8.28,2,2,0,6235,m,1.644511443,1.644511443,0,6232
DG2_F_5,DG2_F,DG2_F5_100920,7,DG2_F_3,0,No,No,Yes,n,Female,6.380704397,0.656886359,No,0.55,0.041666667,1.216166667,7.76,2,0,1,6235,m,1.644511443,0,0,6232
DG2_F_5,DG2_F,DG2_F5_100920,7,DG2_F_4,0,Yes,No,Yes,n,Male,0,0,Yes,0.675,0.041666667,1.216166667,0,0,0,0,6235,m,0,0,0.023460227,6235
DG2_F_5,DG2_F,DG2_F5_100920,7,DG2_F_6,0,Yes,No,Yes,n,Female,31.3443881,0,No,0.383333334,0.008333334,1.216166667,38.12,1,2,0,6235,m,0.822255721,1.644511443,0,6235
DG2_F_5,DG2_F,DG2_F5_100920,7,DG2_F_7,0,No,No,Yes,n,Male,1.249828696,0,No,0.441666667,0.066666667,1.216166667,1.52,1,0,0,6235,m,0.822255721,0,0,5952
DG2_F_5,DG2_F,DG2_F5_100920,7,DG2_F_8,0,No,No,No,n,Male,12.56406742,0.328443179,No,0.516666667,0,1.216166667,15.28,3,1,1,6235,m,2.466767164,0.822255721,0,5952
DG2_F_5,DG2_F,DG2_F5_100920,7,DG2_F_9,0,No,No,Yes,n,Female,0,0,No,0.3,0,NA,NA,NA,NA,0,6235,m,0,0,0,5952
DG2_F_8,DG2_F,DG2_F8_100920,8,DG2_F_2,1,No,No,Yes,n,Female,6.579797771,0,No,0.416666667,0.183333334,1.598833333,10.52,2,2,0,5952,m,1.250912124,1.250912124,0,6232
DG2_F_8,DG2_F,DG2_F8_100920,8,DG2_F_3,0,No,No,Yes,n,Female,6.905034923,0,No,0.55,0.041666667,1.598833333,11.04,2,0,0,5952,m,1.250912124,0,0,6232
DG2_F_8,DG2_F,DG2_F8_100920,8,DG2_F_4,0,No,No,Yes,n,Male,2.927134369,0,No,0.675,0.041666667,1.598833333,4.68,1,0,0,5952,m,0.625456062,0,0,6235
DG2_F_8,DG2_F,DG2_F8_100920,8,DG2_F_5,0,No,No,Yes,n,Male,1.526112791,0,No,0.433333334,0.016666667,1.598833333,2.44,2,0,0,5952,m,1.250912124,0,0,6235
DG2_F_8,DG2_F,DG2_F8_100920,8,DG2_F_6,0,No,No,Yes,n,Female,0,0,No,0.383333334,0.008333334,NA,NA,NA,NA,0,5952,m,0,0,0,6235
DG2_F_8,DG2_F,DG2_F8_100920,8,DG2_F_7,0,Yes,No,Yes,n,Male,4.928593767,0,No,0.441666667,0.066666667,1.598833333,7.88,3,0,0,5952,m,1.876368186,0,0,5952
DG2_F_8,DG2_F,DG2_F8_100920,8,DG2_F_9,0,Yes,No,Yes,n,Female,3.727718129,0,No,0.3,0,1.598833333,5.96,1,0,0,5952,m,0.625456062,0,0,5952
DG2_W_1,DG2_W,DG2_W1_070920,1,DG2_W_2,0,Yes,No,No,n,Female,2.844169645,0,No,0.316666667,0.091666667,5.1755,14.72,2,0,0,6142,m,0.386436093,0,0,6142
DG2_W_1,DG2_W,DG2_W1_070920,1,DG2_W_3,0,Yes,No,No,n,Female,5.842913728,0.175695461,No,0.216666667,0.033333333,5.1755,30.24,5,2,1,6142,m,0.966090233,0.386436093,0,6142
DG2_W_1,DG2_W,DG2_W1_070920,1,DG2_W_4,0,No,No,No,n,Male,0,0.263543192,No,0.291666667,0.175,5.1755,0,0,0,1,6142,m,0,0,0,5931
DG2_W_1,DG2_W,DG2_W1_070920,1,DG2_W_5,0,No,No,No,n,Male,13.06153995,0,No,0.266666667,0.125,5.1755,67.6,4,9,0,6142,m,0.772872186,1.738962419,0,5931
DG2_W_1,DG2_W,DG2_W1_070920,1,DG2_W_8,1,No,No,No,n,Female,20.30335233,0,No,0.175,0.041666667,5.1755,105.08,5,3,0,6142,m,0.966090233,0.57965414,0,5764
DG2_W_1,DG2_W,DG2_W1_070920,1,DG2_W_9,0,No,No,No,n,Female,0.656941358,0.351390922,No,0.308333334,0.083333333,5.1755,3.4,1,0,1,6142,m,0.193218047,0,0,5764
DG2_W_4,DG2_W,DG2_W4_070920,2,DG2_W_1,0,No,No,Yes,n,Male,0,0.396755422,Yes,0.183333334,0.033333333,0.9475,0,0,0,1,5931,m,0,0,0.022041968,6142
DG2_W_4,DG2_W,DG2_W4_070920,2,DG2_W_2,0,No,No,No,n,Female,0,0.132251807,No,0.316666667,0.091666667,0.9475,0,0,0,1,5931,m,0,0,0,6142
DG2_W_4,DG2_W,DG2_W4_070920,2,DG2_W_3,0,No,No,No,n,Female,22.29023747,0.396755422,No,0.216666667,0.033333333,0.9475,21.12,5,1,1,5931,m,5.277044855,1.055408971,0,6142
DG2_W_4,DG2_W,DG2_W4_070920,2,DG2_W_5,0,Yes,No,No,n,Male,0,0,No,0.266666667,0.125,NA,NA,NA,NA,0,5931,m,0,0,0,5931
DG2_W_4,DG2_W,DG2_W4_070920,2,DG2_W_8,0,No,No,No,n,Female,18.57519789,0,No,0.175,0.041666667,0.9475,17.6,5,0,0,5931,m,5.277044855,0,0,5764
DG2_W_4,DG2_W,DG2_W4_070920,2,DG2_W_9,1,No,No,No,n,Female,36.3060686,0,No,0.308333334,0.083333333,0.9475,34.4,2,1,0,5931,m,2.110817942,1.055408971,0,5764
DG2_W_9,DG2_W,DG2_W9_080920,3,DG2_W_1,0,No,No,Yes,y,Male,0,0,No,0.183333334,0.033333333,NA,NA,NA,NA,0,5764,w,0,0,0,6142
DG2_W_9,DG2_W,DG2_W9_080920,3,DG2_W_2,0,No,No,No,y,Female,10.71304348,0,No,0.316666667,0.091666667,0.2875,3.08,1,0,0,5764,w,3.47826087,0,0,6142
DG2_W_9,DG2_W,DG2_W9_080920,3,DG2_W_3,0,No,No,No,y,Female,32,0.158881474,No,0.216666667,0.033333333,0.2875,9.2,1,0,1,5764,w,3.47826087,0,0,6142
DG2_W_9,DG2_W,DG2_W9_080920,3,DG2_W_4,0,No,Yes,Yes,y,Male,11.47826087,0,No,0.291666667,0.175,0.2875,3.3,2,0,0,5764,w,6.956521739,0,0,5931
DG2_W_9,DG2_W,DG2_W9_080920,3,DG2_W_5,0,No,No,No,y,Male,57.11304348,0,No,0.266666667,0.125,0.2875,16.42,1,0,0,5764,w,3.47826087,0,0,5931
DG2_W_9,DG2_W,DG2_W9_080920,3,DG2_W_8,1,Yes,No,No,y,Female,49.53043478,0,No,0.175,0.041666667,0.2875,14.24,2,0,0,5764,w,6.956521739,0,0,5764
DG2_W_5,DG2_W,DG2_W5_080920,4,DG2_W_1,0,No,No,Yes,n,Male,0,0,No,0.183333334,0.033333333,NA,NA,NA,NA,0,5931,m,0,0,0,6142
DG2_W_5,DG2_W,DG2_W5_080920,4,DG2_W_2,0,No,No,No,n,Female,8.667239899,0.16882386,No,0.316666667,0.091666667,1.356833333,11.76,2,0,1,5931,m,1.474020391,0,0,6142
DG2_W_5,DG2_W,DG2_W5_080920,4,DG2_W_3,0,No,No,No,n,Female,0,0,Yes,0.216666667,0.033333333,1.356833333,0,0,0,0,5931,m,0,0,0.050179278,6142
DG2_W_5,DG2_W,DG2_W5_080920,4,DG2_W_4,0,Yes,No,Yes,n,Male,6.338287681,0,No,0.291666667,0.175,1.356833333,8.6,1,0,0,5931,m,0.737010195,0,0,5931
DG2_W_5,DG2_W,DG2_W5_080920,4,DG2_W_8,1,No,No,No,n,Female,26.35548459,0,No,0.175,0.041666667,1.356833333,35.76,4,0,0,5931,m,2.948040782,0,0,5764
DG2_W_5,DG2_W,DG2_W5_080920,4,DG2_W_9,0,No,No,Yes,n,Female,0,0,No,0.308333334,0.083333333,NA,NA,NA,NA,0,5931,m,0,0,0,5764
DG2_W_2,DG2_W,DG2_W2_090920,5,DG2_W_1,0,Yes,No,Yes,n,Male,34.06819979,0.206128899,No,0.183333334,0.033333333,0.210166667,7.16,1,0,1,6142,w,4.758128462,0,0,6142
DG2_W_2,DG2_W,DG2_W2_090920,5,DG2_W_3,0,Yes,No,No,n,Female,0,0.412257799,No,0.216666667,0.033333333,0.210166667,0,0,0,1,6142,w,0,0,0,6142
DG2_W_2,DG2_W,DG2_W2_090920,5,DG2_W_4,0,No,No,Yes,n,Male,0,0.309193349,Yes,0.291666667,0.175,0.210166667,0,0,0,1,6142,w,0,0,0.017177408,5931
DG2_W_2,DG2_W,DG2_W2_090920,5,DG2_W_5,0,No,No,Yes,n,Male,0,0,No,0.266666667,0.125,NA,NA,NA,NA,0,6142,w,0,0,0,5931
DG2_W_2,DG2_W,DG2_W2_090920,5,DG2_W_8,0,No,No,No,n,Female,33.49722437,0.206128899,No,0.175,0.041666667,0.210166667,7.04,1,0,1,6142,w,4.758128462,0,0,5764
DG2_W_2,DG2_W,DG2_W2_090920,5,DG2_W_9,1,No,No,Yes,n,Female,25.88421883,0.309193349,Yes,0.308333334,0.083333333,0.210166667,5.44,2,0,1,6142,w,9.516256924,0,0.09291997,5764
DG2_W_8,DG2_W,DG2_W8_090920,6,DG2_W_1,0,No,Yes,Yes,y,Male,0,0,No,0.183333334,0.033333333,NA,NA,NA,NA,0,5764,w,0,0,0,6142
DG2_W_8,DG2_W,DG2_W8_090920,6,DG2_W_2,0,No,No,Yes,y,Female,26.18932873,1.808219178,No,0.316666667,0.091666667,0.484166667,12.68,3,0,1,5764,w,6.196213421,0,0,6142
DG2_W_8,DG2_W,DG2_W8_090920,6,DG2_W_3,0,No,No,No,y,Female,0,0,No,0.216666667,0.033333333,NA,NA,NA,NA,0,5764,w,0,0,0,6142
DG2_W_8,DG2_W,DG2_W8_090920,6,DG2_W_4,0,No,No,Yes,y,Male,0,0.328767123,No,0.291666667,0.175,0.484166667,0,0,0,1,5764,w,0,0,0,5931
DG2_W_8,DG2_W,DG2_W8_090920,6,DG2_W_5,0,No,Yes,Yes,y,Male,0,0,No,0.266666667,0.125,NA,NA,NA,NA,0,5764,w,0,0,0,5931
DG2_W_8,DG2_W,DG2_W8_090920,6,DG2_W_9,1,Yes,Yes,Yes,y,Female,2.31325301,0.164383562,No,0.308333334,0.083333333,0.484166667,1.12,1,0,1,5764,w,2.065404474,0,0,5764
DG2_W_3,DG2_W,DG2_W3_100920,7,DG2_W_1,0,Yes,No,Yes,n,Male,0,0,No,0.183333334,0.033333333,NA,NA,NA,NA,0,6142,w,0,0,0,6142
DG2_W_3,DG2_W,DG2_W3_100920,7,DG2_W_2,0,Yes,No,Yes,n,Female,31.12758076,0,No,0.316666667,0.091666667,0.314833333,9.8,2,0,0,6142,w,6.352567503,0,0,6142
DG2_W_3,DG2_W,DG2_W3_100920,7,DG2_W_4,0,No,No,Yes,n,Male,0,0,No,0.291666667,0.175,NA,NA,NA,NA,0,6142,w,0,0,0,5931
DG2_W_3,DG2_W,DG2_W3_100920,7,DG2_W_5,0,No,No,Yes,n,Male,0,0,No,0.266666667,0.125,NA,NA,NA,NA,0,6142,w,0,0,0,5931
DG2_W_3,DG2_W,DG2_W3_100920,7,DG2_W_8,0,No,No,Yes,n,Female,30.61937536,0,Yes,0.175,0.041666667,0.314833333,9.64,2,0,0,6142,w,6.352567503,0,0.044908967,5764
DG2_W_3,DG2_W,DG2_W3_100920,7,DG2_W_9,1,No,No,Yes,n,Female,24.13975651,0,No,0.308333334,0.083333333,0.314833333,7.6,1,0,0,6142,w,3.176283751,0,0,5764
DG3_F_9,DG3_F,DG3_F9_191020,1,DG3_F_1,0,No,No,No,n,Male,5.297590967,0,No,0.39,0.04,10.24616667,54.28,9,0,0,6369,w,0.878377279,0,0,6271
DG3_F_9,DG3_F,DG3_F9_191020,1,DG3_F_10,0,Yes,No,No,n,Female,8.166956745,0,No,0.263333333,0.043333333,10.24616667,83.68,14,0,0,6369,w,1.366364656,0,0,6369
DG3_F_9,DG3_F,DG3_F9_191020,1,DG3_F_2,1,No,No,No,n,Male,0,0,No,0.38,0.06,10.24616667,0,0,3,0,6369,w,0,0.292792426,0,6271
DG3_F_9,DG3_F,DG3_F9_191020,1,DG3_F_3,0,No,No,No,n,Female,19.23060656,0,No,0.326666667,0.046666667,10.24616667,197.04,18,1,0,6369,w,1.756754558,0.097597475,0,6271
DG3_F_9,DG3_F,DG3_F9_191020,1,DG3_F_4,0,No,No,No,n,Female,0,0,No,0.41,0.096666667,NA,NA,NA,NA,0,6369,w,0,0,0,6271
DG3_F_9,DG3_F,DG3_F9_191020,1,DG3_F_5,0,No,No,No,n,Female,1.951949509,0,No,0.446666667,0.143333333,10.24616667,20,7,3,0,6369,w,0.683182328,0.292792426,0,6271
DG3_F_9,DG3_F,DG3_F9_191020,1,DG3_F_6,0,Yes,No,No,n,Male,0,0,No,0.273333333,0.026666667,NA,NA,NA,NA,0,6369,w,0,0,0,6369
DG3_F_9,DG3_F,DG3_F9_191020,1,DG3_F_7,0,Yes,No,No,n,Male,0,0,No,0.386666667,0.02,NA,NA,NA,NA,0,6369,w,0,0,0,6369
DG3_F_9,DG3_F,DG3_F9_191020,1,DG3_F_8,0,Yes,No,No,n,Male,0,0,No,0.23,0.003333333,NA,NA,NA,NA,0,6369,w,0,0,0,6369
DG3_F_10,DG3_F,DG3_F10_191020,2,DG3_F_1,0,No,No,No,n,Male,0.052,0,No,0.39,0.04,20,1.04,2,0,0,6369,w,0.1,0,0,6271
DG3_F_10,DG3_F,DG3_F10_191020,2,DG3_F_2,0,No,No,No,n,Male,0.518,0,No,0.38,0.06,20,10.36,3,0,0,6369,w,0.15,0,0,6271
DG3_F_10,DG3_F,DG3_F10_191020,2,DG3_F_3,0,No,No,No,n,Female,0,0,No,0.326666667,0.046666667,NA,NA,NA,NA,0,6369,w,0,0,0,6271
DG3_F_10,DG3_F,DG3_F10_191020,2,DG3_F_4,0,No,No,No,n,Female,0,0,No,0.41,0.096666667,NA,NA,NA,NA,0,6369,w,0,0,0,6271
DG3_F_10,DG3_F,DG3_F10_191020,2,DG3_F_5,0,No,No,No,n,Female,0,0,No,0.446666667,0.143333333,NA,NA,NA,NA,0,6369,w,0,0,0,6271
DG3_F_10,DG3_F,DG3_F10_191020,2,DG3_F_6,0,Yes,No,No,n,Male,0.33,0,No,0.273333333,0.026666667,20,6.6,4,0,0,6369,w,0.2,0,0,6369
DG3_F_10,DG3_F,DG3_F10_191020,2,DG3_F_7,0,Yes,No,No,n,Male,0.756,0,No,0.386666667,0.02,20,15.12,3,0,0,6369,w,0.15,0,0,6369
DG3_F_10,DG3_F,DG3_F10_191020,2,DG3_F_8,0,Yes,No,No,n,Male,0,0,No,0.23,0.003333333,NA,NA,NA,NA,0,6369,w,0,0,0,6369
DG3_F_10,DG3_F,DG3_F10_191020,2,DG3_F_9,0,Yes,No,Yes,n,Female,0.972,0,No,0.29,0.03,20,19.44,5,2,0,6369,w,0.25,0.1,0,6369
DG3_F_6,DG3_F,DG3_F6_201020,3,DG3_F_1,0,No,No,No,n,Male,2.351515152,0.172870808,No,0.39,0.04,3.3,7.76,5,0,1,6369,m,1.515151515,0,0,6271
DG3_F_6,DG3_F,DG3_F6_201020,3,DG3_F_10,0,Yes,No,Yes,n,Female,5.175757576,0,No,0.263333333,0.043333333,3.3,17.08,3,0,0,6369,m,0.909090909,0,0,6369
DG3_F_6,DG3_F,DG3_F6_201020,3,DG3_F_2,0,No,No,No,n,Male,3.442424242,0,No,0.38,0.06,3.3,11.36,6,1,0,6369,m,1.818181818,0.303030303,0,6271
DG3_F_6,DG3_F,DG3_F6_201020,3,DG3_F_3,0,No,No,No,n,Female,0.824242424,0.345741616,No,0.326666667,0.046666667,3.3,2.72,1,0,1,6369,m,0.303030303,0,0,6271
DG3_F_6,DG3_F,DG3_F6_201020,3,DG3_F_4,0,No,No,No,n,Female,0.290909091,0,No,0.41,0.096666667,3.3,0.96,1,0,0,6369,m,0.303030303,0,0,6271
DG3_F_6,DG3_F,DG3_F6_201020,3,DG3_F_5,0,No,No,No,n,Female,5.393939394,0,No,0.446666667,0.143333333,3.3,17.8,5,1,0,6369,m,1.515151515,0.303030303,0,6271
DG3_F_6,DG3_F,DG3_F6_201020,3,DG3_F_7,0,Yes,No,No,n,Male,9.503030303,2.074449695,No,0.386666667,0.02,3.3,31.36,4,0,1,6369,m,1.212121212,0,0,6369
DG3_F_6,DG3_F,DG3_F6_201020,3,DG3_F_8,0,Yes,No,No,n,Male,0,0,No,0.23,0.003333333,NA,NA,NA,NA,0,6369,m,0,0,0,6369
DG3_F_6,DG3_F,DG3_F6_201020,3,DG3_F_9,0,Yes,No,Yes,n,Female,0,2.593062118,Yes,0.29,0.03,3.3,0,0,0,1,6369,m,0,0,0.038415735,6369
DG3_F_5,DG3_F,DG3_F5_201020,4,DG3_F_1,0,Yes,No,No,n,Male,2.782068813,0,No,0.39,0.04,13.5295,37.64,9,0,0,6271,w,0.665213053,0,0,6271
DG3_F_5,DG3_F,DG3_F5_201020,4,DG3_F_10,0,No,No,Yes,n,Female,0.478953398,0,No,0.263333333,0.043333333,13.5295,6.48,2,0,0,6271,w,0.147825123,0,0,6369
DG3_F_5,DG3_F,DG3_F5_201020,4,DG3_F_2,0,Yes,No,No,n,Male,6.27961122,0,No,0.38,0.06,13.5295,84.96,14,7,0,6271,w,1.03477586,0.51738793,0,6271
DG3_F_5,DG3_F,DG3_F5_201020,4,DG3_F_3,1,Yes,No,No,n,Female,6.77334713,0,No,0.326666667,0.046666667,13.5295,91.64,11,1,0,6271,w,0.813038176,0.073912561,0,6271
DG3_F_5,DG3_F,DG3_F5_201020,4,DG3_F_4,0,Yes,No,No,n,Female,7.908644074,0,No,0.41,0.096666667,13.5295,107,15,3,0,6271,w,1.108688422,0.221737684,0,6271
DG3_F_5,DG3_F,DG3_F5_201020,4,DG3_F_6,0,No,No,Yes,n,Male,0,0,No,0.273333333,0.026666667,13.5295,0,0,6,0,6271,w,0,0.443475369,0,6369
DG3_F_5,DG3_F,DG3_F5_201020,4,DG3_F_7,0,No,No,No,n,Male,16.02719982,0,No,0.386666667,0.02,13.5295,216.84,13,0,0,6271,w,0.960863299,0,0,6369
DG3_F_5,DG3_F,DG3_F5_201020,4,DG3_F_8,0,No,No,No,n,Male,6.273698215,0,No,0.23,0.003333333,13.5295,84.88,13,2,0,6271,w,0.960863299,0.147825123,0,6369
DG3_F_5,DG3_F,DG3_F5_201020,4,DG3_F_9,0,No,No,Yes,n,Female,0.147825123,0.342153285,No,0.29,0.03,13.5295,2,1,2,1,6271,w,0.073912561,0.147825123,0,6369
DG3_F_7,DG3_F,DG3_F7_211020,5,DG3_F_1,0,No,No,No,n,Male,7.9816180900000004,0,No,0.39,0.04,1.378166667,11,3,0,0,6369,m,2.176804934,0,0,6271
DG3_F_7,DG3_F,DG3_F7_211020,5,DG3_F_10,0,Yes,No,Yes,n,Female,0,0,No,0.263333333,0.043333333,NA,NA,NA,NA,0,6369,m,0,0,0,6369
DG3_F_7,DG3_F,DG3_F7_211020,5,DG3_F_2,0,No,No,No,n,Male,6.704559195,0,No,0.38,0.06,1.378166667,9.24,2,0,0,6369,m,1.451203289,0,0,6271
DG3_F_7,DG3_F,DG3_F7_211020,5,DG3_F_3,1,No,No,No,n,Female,11.11621719,0,No,0.326666667,0.046666667,1.378166667,15.32,3,2,0,6369,m,2.176804934,1.451203289,0,6271
DG3_F_7,DG3_F,DG3_F7_211020,5,DG3_F_4,0,No,No,No,n,Female,22.20341032,0,No,0.41,0.096666667,1.378166667,30.6,4,0,0,6369,m,2.902406578,0,0,6271
DG3_F_7,DG3_F,DG3_F7_211020,5,DG3_F_5,0,No,No,Yes,n,Female,8.097714353,0,No,0.446666667,0.143333333,1.378166667,11.16,2,0,0,6369,m,1.451203289,0,0,6271
DG3_F_7,DG3_F,DG3_F7_211020,5,DG3_F_6,0,Yes,No,Yes,n,Male,0,0,No,0.273333333,0.026666667,NA,NA,NA,NA,0,6369,m,0,0,0,6369
DG3_F_7,DG3_F,DG3_F7_211020,5,DG3_F_8,0,Yes,No,No,n,Male,0,0,No,0.23,0.003333333,NA,NA,NA,NA,0,6369,m,0,0,0,6369
DG3_F_7,DG3_F,DG3_F7_211020,5,DG3_F_9,0,Yes,No,Yes,n,Female,0,0,No,0.29,0.03,NA,NA,NA,NA,0,6369,m,0,0,0,6369
DG3_F_2,DG3_F,DG3_F2_211020,6,DG3_F_1,0,Yes,No,No,y,Male,0.654,0,No,0.39,0.04,20,13.08,2,0,0,6271,m,0.1,0,0,6271
DG3_F_2,DG3_F,DG3_F2_211020,6,DG3_F_10,0,No,No,Yes,y,Female,0.278,0,No,0.263333333,0.043333333,20,5.56,1,0,0,6271,m,0.05,0,0,6369
DG3_F_2,DG3_F,DG3_F2_211020,6,DG3_F_3,0,Yes,No,No,y,Female,3.682,0,No,0.326666667,0.046666667,20,73.64,6,1,0,6271,m,0.3,0.05,0,6271
DG3_F_2,DG3_F,DG3_F2_211020,6,DG3_F_4,0,Yes,No,No,y,Female,7.758,0,No,0.41,0.096666667,20,155.16,11,2,0,6271,m,0.55,0.1,0,6271
DG3_F_2,DG3_F,DG3_F2_211020,6,DG3_F_5,0,Yes,No,Yes,y,Female,0.152,0,No,0.446666667,0.143333333,20,3.04,1,0,0,6271,m,0.05,0,0,6271
DG3_F_2,DG3_F,DG3_F2_211020,6,DG3_F_6,0,No,No,Yes,y,Male,1.65,0,No,0.273333333,0.026666667,20,33,4,5,0,6271,m,0.2,0.25,0,6369
DG3_F_2,DG3_F,DG3_F2_211020,6,DG3_F_7,0,No,No,Yes,y,Male,0,0,No,0.386666667,0.02,NA,NA,NA,NA,0,6271,m,0,0,0,6369
DG3_F_2,DG3_F,DG3_F2_211020,6,DG3_F_8,0,No,No,No,y,Male,0,0,No,0.23,0.003333333,NA,NA,NA,NA,0,6271,m,0,0,0,6369
DG3_F_2,DG3_F,DG3_F2_211020,6,DG3_F_9,0,No,Yes,Yes,y,Female,0,0,No,0.29,0.03,NA,NA,NA,NA,0,6271,m,0,0,0,6369
DG3_F_8,DG3_F,DG3_F8_221020,7,DG3_F_1,0,No,No,No,n,Male,0,0,No,0.39,0.04,NA,NA,NA,NA,0,6369,m,0,0,0,6271
DG3_F_8,DG3_F,DG3_F8_221020,7,DG3_F_10,0,Yes,No,Yes,n,Female,0,1.397298556,Yes,0.263333333,0.043333333,5.026833333,0,0,0,1,6369,m,0,0,0.081239449,6369
DG3_F_8,DG3_F,DG3_F8_221020,7,DG3_F_2,0,No,No,Yes,n,Male,16.01803654,0.139729856,No,0.38,0.06,5.026833333,80.52,12,7,1,6369,m,2.387188754,1.392526773,0,6271
DG3_F_8,DG3_F,DG3_F8_221020,7,DG3_F_3,0,No,No,No,n,Female,8.959915123,0.978108989,Yes,0.326666667,0.046666667,5.026833333,45.04,4,2,1,6369,m,0.795729585,0.397864792,0.015525539999999999,6271
DG3_F_8,DG3_F,DG3_F8_221020,7,DG3_F_4,0,No,No,No,n,Female,13.88548125,0,No,0.41,0.096666667,5.026833333,69.8,10,2,0,6369,m,1.989323962,0.397864792,0,6271
DG3_F_8,DG3_F,DG3_F8_221020,7,DG3_F_5,0,No,No,Yes,n,Female,0,0.139729856,No,0.446666667,0.143333333,5.026833333,0,0,0,1,6369,m,0,0,0,6271
DG3_F_8,DG3_F,DG3_F8_221020,7,DG3_F_6,1,Yes,No,Yes,n,Male,2.641822221,0.139729856,No,0.273333333,0.026666667,5.026833333,13.28,3,0,1,6369,m,0.596797188,0,0,6369
DG3_F_8,DG3_F,DG3_F8_221020,7,DG3_F_7,0,Yes,No,Yes,n,Male,0,0,No,0.386666667,0.02,NA,NA,NA,NA,0,6369,m,0,0,0,6369
DG3_F_8,DG3_F,DG3_F8_221020,7,DG3_F_9,0,Yes,No,Yes,n,Female,0,0.419189567,No,0.29,0.03,5.026833333,0,0,0,1,6369,m,0,0,0,6369
DG3_F_4,DG3_F,DG3_F4_221020,8,DG3_F_1,0,Yes,No,No,n,Male,0,0,No,0.39,0.04,NA,NA,NA,NA,0,6271,w,0,0,0,6271
DG3_F_4,DG3_F,DG3_F4_221020,8,DG3_F_10,0,No,No,Yes,n,Female,2.028054757,0.516706855,No,0.263333333,0.043333333,0.986166667,2,1,0,1,6271,w,1.014027378,0,0,6369
DG3_F_4,DG3_F,DG3_F4_221020,8,DG3_F_2,0,Yes,No,Yes,n,Male,0,0.344471237,No,0.38,0.06,0.986166667,0,0,0,1,6271,w,0,0,0,6271
DG3_F_4,DG3_F,DG3_F4_221020,8,DG3_F_3,0,Yes,No,No,n,Female,36.46442453,0.172235618,No,0.326666667,0.046666667,0.986166667,35.96,1,1,1,6271,w,1.014027378,1.014027378,0,6271
DG3_F_4,DG3_F,DG3_F4_221020,8,DG3_F_5,0,Yes,No,Yes,n,Female,0,0,No,0.446666667,0.143333333,NA,NA,NA,NA,0,6271,w,0,0,0,6271
DG3_F_4,DG3_F,DG3_F4_221020,8,DG3_F_6,0,No,No,Yes,n,Male,4.380598275,0,No,0.273333333,0.026666667,0.986166667,4.32,2,0,0,6271,w,2.028054757,0,0,6369
DG3_F_4,DG3_F,DG3_F4_221020,8,DG3_F_7,1,No,No,Yes,n,Male,0,0,No,0.386666667,0.02,NA,NA,NA,NA,0,6271,w,0,0,0,6369
DG3_F_4,DG3_F,DG3_F4_221020,8,DG3_F_8,0,No,No,Yes,n,Male,0,0,No,0.23,0.003333333,NA,NA,NA,NA,0,6271,w,0,0,0,6369
DG3_F_4,DG3_F,DG3_F4_221020,8,DG3_F_9,0,No,No,Yes,n,Female,0,0,No,0.29,0.03,NA,NA,NA,NA,0,6271,w,0,0,0,6369
DG3_F_1,DG3_F,DG3_F1_231020,9,DG3_F_10,0,No,No,Yes,n,Female,0,0,No,0.263333333,0.043333333,NA,NA,NA,NA,0,6271,m,0,0,0,6369
DG3_F_1,DG3_F,DG3_F1_231020,9,DG3_F_2,0,Yes,No,Yes,n,Male,32.2400273,0.344589938,Yes,0.38,0.06,0.488833333,15.76,2,0,1,6271,m,4.091374023,0,0.019143885,6271
DG3_F_1,DG3_F,DG3_F1_231020,9,DG3_F_3,1,Yes,No,No,n,Female,22.74803957,0,No,0.326666667,0.046666667,0.488833333,11.12,1,3,0,6271,m,2.045687011,6.137061034,0,6271
DG3_F_1,DG3_F,DG3_F1_231020,9,DG3_F_4,0,Yes,No,Yes,n,Female,13.01056939,0,No,0.41,0.096666667,0.488833333,6.36,1,0,0,6271,m,2.045687011,0,0,6271
DG3_F_1,DG3_F,DG3_F1_231020,9,DG3_F_5,0,Yes,No,Yes,n,Female,1.80020457,0,No,0.446666667,0.143333333,0.488833333,0.88,1,0,0,6271,m,2.045687011,0,0,6271
DG3_F_1,DG3_F,DG3_F1_231020,9,DG3_F_6,0,No,No,Yes,n,Male,0,0,No,0.273333333,0.026666667,NA,NA,NA,NA,0,6271,m,0,0,0,6369
DG3_F_1,DG3_F,DG3_F1_231020,9,DG3_F_7,0,No,No,Yes,n,Male,0,0,No,0.386666667,0.02,NA,NA,NA,NA,0,6271,m,0,0,0,6369
DG3_F_1,DG3_F,DG3_F1_231020,9,DG3_F_8,0,No,No,Yes,n,Male,0,0,No,0.23,0.003333333,NA,NA,NA,NA,0,6271,m,0,0,0,6369
DG3_F_1,DG3_F,DG3_F1_231020,9,DG3_F_9,0,No,No,Yes,n,Female,0,0,No,0.29,0.03,NA,NA,NA,NA,0,6271,m,0,0,0,6369
DG3_F_3,DG3_F,DG3_F3_231020,10,DG3_F_1,1,Yes,Yes,Yes,y,Male,12.25081399,0,No,0.39,0.04,1.586833333,19.44,2,0,0,6271,w,1.26037181,0,0,6271
DG3_F_3,DG3_F,DG3_F3_231020,10,DG3_F_10,0,No,No,Yes,y,Female,0,0,No,0.263333333,0.043333333,NA,NA,NA,NA,0,6271,w,0,0,0,6369
DG3_F_3,DG3_F,DG3_F3_231020,10,DG3_F_2,0,Yes,No,Yes,y,Male,18.60308791,0.173450509,No,0.38,0.06,1.586833333,29.52,5,0,1,6271,w,3.150929525,0,0,6271
DG3_F_3,DG3_F,DG3_F3_231020,10,DG3_F_4,0,Yes,No,Yes,y,Female,36.70202711,0,No,0.41,0.096666667,1.586833333,58.24,3,0,0,6271,w,1.890557715,0,0,6271
DG3_F_3,DG3_F,DG3_F3_231020,10,DG3_F_5,0,Yes,Yes,Yes,y,Female,9.629240628,0.173450509,No,0.446666667,0.143333333,1.586833333,15.28,2,0,1,6271,w,1.26037181,0,0,6271
DG3_F_3,DG3_F,DG3_F3_231020,10,DG3_F_6,0,No,No,Yes,y,Male,0,0,No,0.273333333,0.026666667,NA,NA,NA,NA,0,6271,w,0,0,0,6369
DG3_F_3,DG3_F,DG3_F3_231020,10,DG3_F_7,0,No,No,Yes,y,Male,0,0,No,0.386666667,0.02,NA,NA,NA,NA,0,6271,w,0,0,0,6369
DG3_F_3,DG3_F,DG3_F3_231020,10,DG3_F_8,0,No,No,Yes,y,Male,0,0,No,0.23,0.003333333,NA,NA,NA,NA,0,6271,w,0,0,0,6369
DG3_F_3,DG3_F,DG3_F3_231020,10,DG3_F_9,0,No,No,Yes,y,Female,0,0,No,0.29,0.03,NA,NA,NA,NA,0,6271,w,0,0,0,6369
DG3_W_2,DG3_W,DG3_W2_191020,1,DG3_W_1,0,Yes,No,No,n,Male,14.24631591,0.695894224,No,0.253333333,0.03,2.816166667,40.12,8,1,1,6079,m,2.84074096,0.35509262,0,6079
DG3_W_2,DG3_W,DG3_W2_191020,1,DG3_W_10,1,No,No,No,n,Female,6.789370893,0.347947112,No,0.35,0.123333333,2.816166667,19.12,5,0,1,6079,m,1.7754631,0,0,6073
DG3_W_2,DG3_W,DG3_W2_191020,1,DG3_W_3,0,Yes,No,No,n,Female,6.30644493,0,No,0.316666667,0.033333333,2.816166667,17.76,3,0,0,6079,m,1.06527786,0,0,6079
DG3_W_2,DG3_W,DG3_W2_191020,1,DG3_W_4,0,Yes,No,No,n,Female,15.86553826,1.043841336,No,0.17,0.01,2.816166667,44.68,7,3,1,6079,m,2.48564834,1.06527786,0,6079
DG3_W_2,DG3_W,DG3_W2_191020,1,DG3_W_5,0,Yes,No,No,n,Female,9.076167366,0.347947112,No,0.243333333,0.066666667,2.816166667,25.56,5,1,1,6079,m,1.7754631,0.35509262,0,6079
DG3_W_2,DG3_W,DG3_W2_191020,1,DG3_W_6,0,No,No,No,n,Male,22.59809433,0,No,0.32333333399999997,0.036666667,2.816166667,63.64,8,2,0,6079,m,2.84074096,0.71018524,0,6073
DG3_W_2,DG3_W,DG3_W2_191020,1,DG3_W_7,0,No,No,No,n,Male,8.11031544,0,No,0.286666667,0.09,2.816166667,22.84,2,0,0,6079,m,0.71018524,0,0,6073
DG3_W_2,DG3_W,DG3_W2_191020,1,DG3_W_8,0,No,No,No,n,Male,12.64129727,3.131524008,Yes,0.186666667,0.033333333,2.816166667,35.6,6,0,1,6079,m,2.13055572,0,0.07732158,6073
DG3_W_2,DG3_W,DG3_W2_191020,1,DG3_W_9,0,No,No,No,n,Female,28.67727999,0.347947112,No,0.413333333,0.076666667,2.816166667,80.76,9,2,1,6079,m,3.19583358,0.71018524,0,6073
DG3_W_7,DG3_W,DG3_W7_191020,2,DG3_W_1,0,No,No,No,n,Male,17.91425072,0,No,0.253333333,0.03,2.040833333,36.56,5,1,0,6073,m,2.449979584,0.489995917,0,6079
DG3_W_7,DG3_W,DG3_W7_191020,2,DG3_W_10,0,Yes,No,No,n,Female,0,0,No,0.35,0.123333333,NA,NA,NA,NA,0,6073,m,0,0,0,6073
DG3_W_7,DG3_W,DG3_W7_191020,2,DG3_W_2,0,No,No,Yes,n,Male,1.273989384,0,No,0.24,0.046666667,2.040833333,2.6,3,1,0,6073,m,1.46998775,0.489995917,0,6079
DG3_W_7,DG3_W,DG3_W7_191020,2,DG3_W_3,0,No,No,No,n,Female,0,0.346020761,No,0.316666667,0.033333333,2.040833333,0,0,0,1,6073,m,0,0,0,6079
DG3_W_7,DG3_W,DG3_W7_191020,2,DG3_W_4,1,No,No,No,n,Female,31.55573704,0.173010381,No,0.17,0.01,2.040833333,64.4,8,1,1,6073,m,3.919967334,0.489995917,0,6079
DG3_W_7,DG3_W,DG3_W7_191020,2,DG3_W_5,0,No,No,No,n,Female,7.859534505,0,No,0.243333333,0.066666667,2.040833333,16.04,4,0,0,6073,m,1.959983667,0,0,6079
DG3_W_7,DG3_W,DG3_W7_191020,2,DG3_W_6,0,Yes,No,No,n,Male,13.42588812,0,No,0.32333333399999997,0.036666667,2.040833333,27.4,2,0,0,6073,m,0.979991834,0,0,6073
DG3_W_7,DG3_W,DG3_W7_191020,2,DG3_W_8,0,Yes,No,No,n,Male,13.01429155,0,No,0.186666667,0.033333333,2.040833333,26.56,4,3,0,6073,m,1.959983667,1.46998775,0,6073
DG3_W_7,DG3_W,DG3_W7_191020,2,DG3_W_9,0,Yes,No,No,n,Female,27.16537363,0,No,0.413333333,0.076666667,2.040833333,55.44,8,2,0,6073,m,3.919967334,0.979991834,0,6073
DG3_W_4,DG3_W,DG3_W4_201020,3,DG3_W_1,0,Yes,No,No,y,Male,13.07592848,0.17127198,No,0.253333333,0.03,3.738166667,48.88,9,0,1,6079,w,2.407597307,0,0,6079
DG3_W_4,DG3_W,DG3_W4_201020,3,DG3_W_10,0,No,No,No,y,Female,0.470819029,0,No,0.35,0.123333333,3.738166667,1.76,2,0,0,6079,w,0.535021624,0,0,6073
DG3_W_4,DG3_W,DG3_W4_201020,3,DG3_W_2,0,Yes,No,Yes,y,Male,2.043782603,0,No,0.24,0.046666667,3.738166667,7.64,1,0,0,6079,w,0.267510812,0,0,6079
DG3_W_4,DG3_W,DG3_W4_201020,3,DG3_W_3,0,Yes,No,No,y,Female,9.170270631,0.17127198,No,0.316666667,0.033333333,3.738166667,34.28,4,1,1,6079,w,1.070043247,0.267510812,0,6079
DG3_W_4,DG3_W,DG3_W4_201020,3,DG3_W_5,0,Yes,No,No,y,Female,8.838557224,0,No,0.243333333,0.066666667,3.738166667,33.04,4,2,0,6079,w,1.070043247,0.535021624,0,6079
DG3_W_4,DG3_W,DG3_W4_201020,3,DG3_W_6,1,No,No,No,y,Male,24.49328993,0,No,0.32333333399999997,0.036666667,3.738166667,91.56,5,1,0,6079,w,1.337554059,0.267510812,0,6073
DG3_W_4,DG3_W,DG3_W4_201020,3,DG3_W_7,0,No,Yes,Yes,y,Male,0,0,No,0.286666667,0.09,NA,NA,NA,NA,0,6079,w,0,0,0,6073
DG3_W_4,DG3_W,DG3_W4_201020,3,DG3_W_8,0,No,No,No,y,Male,13.3434393,0,No,0.186666667,0.033333333,3.738166667,49.88,6,0,0,6079,w,1.605064871,0,0,6073
DG3_W_4,DG3_W,DG3_W4_201020,3,DG3_W_9,0,No,No,No,y,Female,28.6343573,0,No,0.413333333,0.076666667,3.738166667,107.04,9,0,0,6079,w,2.407597307,0,0,6073
DG3_W_1,DG3_W,DG3_W1_201020,4,DG3_W_10,0,No,No,No,n,Female,1.324,0,No,0.35,0.123333333,20,26.48,3,1,0,6079,m,0.15,0.05,0,6073
DG3_W_1,DG3_W,DG3_W1_201020,4,DG3_W_2,0,Yes,No,Yes,n,Male,0.298,0,No,0.24,0.046666667,20,5.96,1,0,0,6079,m,0.05,0,0,6079
DG3_W_1,DG3_W,DG3_W1_201020,4,DG3_W_3,0,Yes,No,No,n,Female,3.074,0,No,0.316666667,0.033333333,20,61.48,6,0,0,6079,m,0.3,0,0,6079
DG3_W_1,DG3_W,DG3_W1_201020,4,DG3_W_4,0,Yes,No,Yes,n,Female,0.692,0,No,0.17,0.01,20,13.84,3,1,0,6079,m,0.15,0.05,0,6079
DG3_W_1,DG3_W,DG3_W1_201020,4,DG3_W_5,0,Yes,No,No,n,Female,2.578,0,No,0.243333333,0.066666667,20,51.56,7,0,0,6079,m,0.35,0,0,6079
DG3_W_1,DG3_W,DG3_W1_201020,4,DG3_W_6,0,No,No,No,n,Male,2.448,0,No,0.32333333399999997,0.036666667,20,48.96,7,0,0,6079,m,0.35,0,0,6073
DG3_W_1,DG3_W,DG3_W1_201020,4,DG3_W_7,0,No,No,Yes,n,Male,1.484,0,No,0.286666667,0.09,20,29.68,4,0,0,6079,m,0.2,0,0,6073
DG3_W_1,DG3_W,DG3_W1_201020,4,DG3_W_8,0,No,No,No,n,Male,1.722,0,No,0.186666667,0.033333333,20,34.44,4,0,0,6079,m,0.2,0,0,6073
DG3_W_1,DG3_W,DG3_W1_201020,4,DG3_W_9,0,No,No,No,n,Female,3.766,0.172850887,No,0.413333333,0.076666667,20,75.32,3,0,1,6079,m,0.15,0,0,6073
DG3_W_9,DG3_W,DG3_W9_211020,5,DG3_W_1,0,No,No,Yes,n,Male,15.3849514,0,No,0.253333333,0.03,1.526166667,23.48,4,0,0,6073,w,2.620945724,0,0,6079
DG3_W_9,DG3_W,DG3_W9_211020,5,DG3_W_10,0,Yes,No,No,n,Female,0,0.178253119,Yes,0.35,0.123333333,1.526166667,0,0,0,1,6073,w,0,0,0.079969494,6073
DG3_W_9,DG3_W,DG3_W9_211020,5,DG3_W_2,0,No,No,Yes,n,Male,0,0.178253119,No,0.24,0.046666667,1.526166667,0,0,0,1,6073,w,0,0,0,6079
DG3_W_9,DG3_W,DG3_W9_211020,5,DG3_W_3,0,No,No,No,n,Female,19.84055913,0.356506239,No,0.316666667,0.033333333,1.526166667,30.28,3,0,1,6073,w,1.965709293,0,0,6079
DG3_W_9,DG3_W,DG3_W9_211020,5,DG3_W_4,1,No,No,Yes,n,Female,50.37457682,0.178253119,No,0.17,0.01,1.526166667,76.88,1,0,1,6073,w,0.655236431,0,0,6079
DG3_W_9,DG3_W,DG3_W9_211020,5,DG3_W_5,0,No,No,No,n,Female,24.74172763,0.178253119,No,0.243333333,0.066666667,1.526166667,37.76,2,0,1,6073,w,1.310472862,0,0,6079
DG3_W_9,DG3_W,DG3_W9_211020,5,DG3_W_6,0,Yes,No,No,n,Male,34.59648356,0,No,0.32333333399999997,0.036666667,1.526166667,52.8,1,0,0,6073,w,0.655236431,0,0,6073
DG3_W_9,DG3_W,DG3_W9_211020,5,DG3_W_7,0,Yes,No,Yes,n,Male,11.89909359,0.178253119,No,0.286666667,0.09,1.526166667,18.16,1,0,1,6073,w,0.655236431,0,0,6073
DG3_W_9,DG3_W,DG3_W9_211020,5,DG3_W_8,0,Yes,No,No,n,Male,6.001965708,0,No,0.186666667,0.033333333,1.526166667,9.16,2,0,0,6073,w,1.310472862,0,0,6073
DG3_W_5,DG3_W,DG3_W5_211020,6,DG3_W_1,0,Yes,No,Yes,n,Male,3.613817539,0,No,0.253333333,0.03,0.940833333,3.4,1,0,0,6079,w,1.062887511,0,0,6079
DG3_W_5,DG3_W,DG3_W5_211020,6,DG3_W_10,1,No,No,No,n,Female,5.356953058,0,No,0.35,0.123333333,0.940833333,5.04,1,4,0,6079,w,1.062887511,4.251550046,0,6073
DG3_W_5,DG3_W,DG3_W5_211020,6,DG3_W_2,0,Yes,No,Yes,n,Male,0,0.172038078,No,0.24,0.046666667,0.940833333,0,0,0,1,6079,w,0,0,0,6079
DG3_W_5,DG3_W,DG3_W5_211020,6,DG3_W_3,0,Yes,No,No,n,Female,12.11691763,0,No,0.316666667,0.033333333,0.940833333,11.4,2,1,0,6079,w,2.125775023,1.062887511,0,6079
DG3_W_5,DG3_W,DG3_W5_211020,6,DG3_W_4,0,Yes,No,Yes,n,Female,35.37289638,0,No,0.17,0.01,0.940833333,33.28,5,2,0,6079,w,5.314437557,2.125775023,0,6079
DG3_W_5,DG3_W,DG3_W5_211020,6,DG3_W_6,0,No,No,No,n,Male,6.844995574,0,No,0.32333333399999997,0.036666667,0.940833333,6.44,2,0,0,6079,w,2.125775023,0,0,6073
DG3_W_5,DG3_W,DG3_W5_211020,6,DG3_W_7,0,No,No,Yes,n,Male,0,0,No,0.286666667,0.09,NA,NA,NA,NA,0,6079,w,0,0,0,6073
DG3_W_5,DG3_W,DG3_W5_211020,6,DG3_W_8,0,No,No,No,n,Male,13.30735164,0,No,0.186666667,0.033333333,0.940833333,12.52,1,0,0,6079,w,1.062887511,0,0,6073
DG3_W_5,DG3_W,DG3_W5_211020,6,DG3_W_9,0,No,No,Yes,n,Female,28.91054031,0,No,0.413333333,0.076666667,0.940833333,27.2,2,0,0,6079,w,2.125775023,0,0,6073
DG3_W_10,DG3_W,DG3_W10_221020,7,DG3_W_1,0,No,No,Yes,y,Male,0,0,No,0.253333333,0.03,NA,NA,NA,NA,0,6073,w,0,0,0,6079
DG3_W_10,DG3_W,DG3_W10_221020,7,DG3_W_2,0,No,Yes,Yes,y,Male,0,0.17419579600000001,No,0.24,0.046666667,1.878833333,0,0,0,1,6073,w,0,0,0,6079
DG3_W_10,DG3_W,DG3_W10_221020,7,DG3_W_3,0,No,No,No,y,Female,18.58600195,0.17419579600000001,No,0.316666667,0.033333333,1.878833333,34.92,8,3,1,6073,w,4.257961502,1.596735563,0,6079
DG3_W_10,DG3_W,DG3_W10_221020,7,DG3_W_4,0,No,No,Yes,y,Female,19.54404329,0,No,0.17,0.01,1.878833333,36.72,5,4,0,6073,w,2.661225939,2.128980751,0,6079
DG3_W_10,DG3_W,DG3_W10_221020,7,DG3_W_5,1,No,Yes,Yes,y,Female,29.61412224,0.522587388,No,0.243333333,0.066666667,1.878833333,55.64,5,3,1,6073,w,2.661225939,1.596735563,0,6079
DG3_W_10,DG3_W,DG3_W10_221020,7,DG3_W_6,0,Yes,No,No,y,Male,0.894171915,0,No,0.32333333399999997,0.036666667,1.878833333,1.68,1,0,0,6073,w,0.532245188,0,0,6073
DG3_W_10,DG3_W,DG3_W10_221020,7,DG3_W_7,0,Yes,No,Yes,y,Male,0,0,No,0.286666667,0.09,NA,NA,NA,NA,0,6073,w,0,0,0,6073
DG3_W_10,DG3_W,DG3_W10_221020,7,DG3_W_8,0,Yes,No,No,y,Male,2.810254591,0,No,0.186666667,0.033333333,1.878833333,5.28,1,0,0,6073,w,0.532245188,0,0,6073
DG3_W_10,DG3_W,DG3_W10_221020,7,DG3_W_9,0,Yes,No,Yes,y,Female,24.41940921,0.69678318400000006,No,0.413333333,0.076666667,1.878833333,45.88,6,2,1,6073,w,3.193471126,1.064490375,0,6073
DG3_W_8,DG3_W,DG3_W8_221020,8,DG3_W_1,0,No,No,Yes,n,Male,15.27409157,0,No,0.253333333,0.03,2.398833333,36.64,3,0,0,6073,m,1.250607935,0,0,6079
DG3_W_8,DG3_W,DG3_W8_221020,8,DG3_W_10,0,Yes,No,Yes,n,Female,0,0.174703005,No,0.35,0.123333333,2.398833333,0,0,0,1,6073,m,0,0,0,6073
DG3_W_8,DG3_W,DG3_W8_221020,8,DG3_W_2,0,No,No,Yes,n,Male,0.483568401,0.174703005,No,0.24,0.046666667,2.398833333,1.16,1,0,1,6073,m,0.416869312,0,0,6079
DG3_W_8,DG3_W,DG3_W8_221020,8,DG3_W_3,0,No,No,No,n,Female,11.05537414,0,No,0.316666667,0.033333333,2.398833333,26.52,4,0,0,6073,m,1.667477246,0,0,6079
DG3_W_8,DG3_W,DG3_W8_221020,8,DG3_W_4,0,No,No,Yes,n,Female,19.87632877,0.174703005,Yes,0.17,0.01,2.398833333,47.68,5,1,1,6073,m,2.084346558,0.416869312,0.038617099,6079
DG3_W_8,DG3_W,DG3_W8_221020,8,DG3_W_5,0,No,No,Yes,n,Female,10.32168415,0,No,0.243333333,0.066666667,2.398833333,24.76,3,0,0,6073,m,1.250607935,0,0,6079
DG3_W_8,DG3_W,DG3_W8_221020,8,DG3_W_6,0,Yes,No,No,n,Male,20.0430765,0,No,0.32333333399999997,0.036666667,2.398833333,48.08,2,1,0,6073,m,0.833738623,0.416869312,0,6073
DG3_W_8,DG3_W,DG3_W8_221020,8,DG3_W_7,1,Yes,No,Yes,n,Male,16.70812201,0,No,0.286666667,0.09,2.398833333,40.08,3,0,0,6073,m,1.250607935,0,0,6073
DG3_W_8,DG3_W,DG3_W8_221020,8,DG3_W_9,0,Yes,No,Yes,n,Female,25.67914959,0.174703005,No,0.413333333,0.076666667,2.398833333,61.6,8,3,1,6073,m,3.334954492,1.250607935,0,6073
DG3_W_3,DG3_W,DG3_W3_231020,9,DG3_W_1,0,Yes,No,Yes,n,Male,0,0,No,0.253333333,0.03,NA,NA,NA,NA,0,6079,w,0,0,0,6079
DG3_W_3,DG3_W,DG3_W3_231020,9,DG3_W_10,0,No,No,Yes,n,Female,0,0.484300589,No,0.35,0.123333333,0.566833333,0,0,0,1,6079,w,0,0,0,6073
DG3_W_3,DG3_W,DG3_W3_231020,9,DG3_W_2,0,Yes,No,Yes,n,Male,0,0,No,0.24,0.046666667,NA,NA,NA,NA,0,6079,w,0,0,0,6079
DG3_W_3,DG3_W,DG3_W3_231020,9,DG3_W_4,0,Yes,No,Yes,n,Female,29.42663924,0.242150295,No,0.17,0.01,0.566833333,16.68,4,0,1,6079,w,7.056748019,0,0,6079
DG3_W_3,DG3_W,DG3_W3_231020,9,DG3_W_5,1,Yes,No,Yes,n,Female,30.83798884,0,No,0.243333333,0.066666667,0.566833333,17.48,2,0,0,6079,w,3.52837401,0,0,6079
DG3_W_3,DG3_W,DG3_W3_231020,9,DG3_W_6,0,No,No,No,n,Male,0,0.121075147,No,0.32333333399999997,0.036666667,0.566833333,0,0,0,1,6079,w,0,0,0,6073
DG3_W_3,DG3_W,DG3_W3_231020,9,DG3_W_7,0,No,No,Yes,n,Male,0,2.905803535,Yes,0.286666667,0.09,0.566833333,0,0,0,1,6079,w,0,0,0.067263971,6073
DG3_W_3,DG3_W,DG3_W3_231020,9,DG3_W_8,0,No,No,Yes,n,Male,0,0,No,0.186666667,0.033333333,NA,NA,NA,NA,0,6079,w,0,0,0,6073
DG3_W_3,DG3_W,DG3_W3_231020,9,DG3_W_9,0,No,No,Yes,n,Female,52.3610703,0,Yes,0.413333333,0.076666667,0.566833333,29.68,1,0,0,6079,w,1.764187005,0,0.013452794,6073
DG3_W_6,DG3_W,DG3_W6_231020,10,DG3_W_1,0,No,No,Yes,y,Male,1.620820293,0,No,0.253333333,0.03,3.0355,4.92,2,0,0,6073,m,0.658870038,0,0,6079
DG3_W_6,DG3_W,DG3_W6_231020,10,DG3_W_10,0,Yes,No,Yes,y,Female,15.20672047,0.174337517,No,0.35,0.123333333,3.0355,46.16,4,4,1,6073,m,1.317740076,1.317740076,0,6073
DG3_W_6,DG3_W,DG3_W6_231020,10,DG3_W_2,0,No,No,Yes,y,Male,0,0,No,0.24,0.046666667,NA,NA,NA,NA,0,6073,m,0,0,0,6079
DG3_W_6,DG3_W,DG3_W6_231020,10,DG3_W_3,0,No,No,Yes,y,Female,9.751276561,0,No,0.316666667,0.033333333,3.0355,29.6,6,0,0,6073,m,1.976610114,0,0,6079
DG3_W_6,DG3_W,DG3_W6_231020,10,DG3_W_4,1,No,Yes,Yes,y,Female,31.63893922,0,No,0.17,0.01,3.0355,96.04,9,2,0,6073,m,2.96491517,0.658870038,0,6079
DG3_W_6,DG3_W,DG3_W6_231020,10,DG3_W_5,0,No,No,Yes,y,Female,18.38247406,0,No,0.243333333,0.066666667,3.0355,55.8,5,0,0,6073,m,1.647175095,0,0,6079
DG3_W_6,DG3_W,DG3_W6_231020,10,DG3_W_7,0,Yes,No,Yes,y,Male,0,0,No,0.286666667,0.09,NA,NA,NA,NA,0,6073,m,0,0,0,6073
DG3_W_6,DG3_W,DG3_W6_231020,10,DG3_W_8,0,Yes,No,Yes,y,Male,2.991269972,0,No,0.186666667,0.033333333,3.0355,9.08,3,0,0,6073,m,0.988305057,0,0,6073
DG3_W_6,DG3_W,DG3_W6_231020,10,DG3_W_9,0,Yes,No,Yes,y,Female,32.07379344,0,No,0.413333333,0.076666667,3.0355,97.36,2,0,0,6073,m,0.658870038,0,0,6073
DG4_F_3,DG4_F,DG4_F3_301120,1,DG4_F_1,0,Yes,No,No,n,Male,0,0.125,No,0.16,0.086666666,1.852,0,0,0,1,6099,m,0,0,0,6099
DG4_F_3,DG4_F,DG4_F3_301120,1,DG4_F_10,0,No,No,No,n,Female,8.423326134,0.75,Yes,0.243333333,0.026666667,1.852,15.6,1,0,1,6099,m,0.539956803,0,0.013888889,6188
DG4_F_3,DG4_F,DG4_F3_301120,1,DG4_F_2,0,Yes,No,No,n,Male,0,0,Yes,0.216666667,0.076666667,1.852,0,0,0,0,6099,m,0,0,0.013888889,6099
DG4_F_3,DG4_F,DG4_F3_301120,1,DG4_F_4,0,Yes,No,No,n,Female,0,0.125,Yes,0.26,0.036666667,1.852,0,0,0,1,6099,m,0,0,0.064851889,6099
DG4_F_3,DG4_F,DG4_F3_301120,1,DG4_F_5,1,Yes,No,No,n,Female,26.26349892,0,No,0.206666666,0.053333333,1.852,48.64,4,0,0,6099,m,2.159827214,0,0,6099
DG4_F_3,DG4_F,DG4_F3_301120,1,DG4_F_6,0,No,No,No,n,Male,3.952483801,0.125,No,0.096666667,0.033333333,1.852,7.32,1,0,1,6099,m,0.539956803,0,0,6188
DG4_F_3,DG4_F,DG4_F3_301120,1,DG4_F_7,0,No,No,No,n,Male,0,0.625,No,0.146666667,0.05,1.852,0,0,0,1,6099,m,0,0,0,6188
DG4_F_3,DG4_F,DG4_F3_301120,1,DG4_F_8,0,No,No,No,n,Female,10.79913607,0.25,Yes,0.233333333,0.083333333,1.852,20,1,1,1,6099,m,0.539956803,0.539956803,0.013888889,6188
DG4_F_3,DG4_F,DG4_F3_301120,1,DG4_F_9,0,No,No,No,n,Female,22.07343413,0,No,0.15,0.026666667,1.852,40.88,2,0,0,6099,m,1.079913607,0,0,6188
DG4_F_9,DG4_F,DG4_F9_301120,2,DG4_F_1,0,No,No,No,n,Male,0.83,0,No,0.16,0.086666666,20,16.6,2,0,0,6188,w,0.1,0,0,6099
DG4_F_9,DG4_F,DG4_F9_301120,2,DG4_F_10,0,Yes,No,No,n,Female,1.456,0,No,0.243333333,0.026666667,20,29.12,3,0,0,6188,w,0.15,0,0,6188
DG4_F_9,DG4_F,DG4_F9_301120,2,DG4_F_2,0,No,No,No,n,Male,0.952,0,No,0.216666667,0.076666667,20,19.04,3,1,0,6188,w,0.15,0.05,0,6099
DG4_F_9,DG4_F,DG4_F9_301120,2,DG4_F_3,0,No,No,Yes,n,Male,0.918,0,No,0.223333334,0.04,20,18.36,3,1,0,6188,w,0.15,0.05,0,6099
DG4_F_9,DG4_F,DG4_F9_301120,2,DG4_F_4,0,No,No,No,n,Female,0,0.172552629,No,0.26,0.036666667,20,0,0,0,1,6188,w,0,0,0,6099
DG4_F_9,DG4_F,DG4_F9_301120,2,DG4_F_5,0,No,No,No,n,Female,1.392,0,No,0.206666666,0.053333333,20,27.84,3,1,0,6188,w,0.15,0.05,0,6099
DG4_F_9,DG4_F,DG4_F9_301120,2,DG4_F_6,0,Yes,No,No,n,Male,0,0,No,0.096666667,0.033333333,NA,NA,NA,NA,0,6188,w,0,0,0,6188
DG4_F_9,DG4_F,DG4_F9_301120,2,DG4_F_7,0,Yes,No,No,n,Male,2.76,0,No,0.146666667,0.05,20,55.2,4,1,0,6188,w,0.2,0.05,0,6188
DG4_F_9,DG4_F,DG4_F9_301120,2,DG4_F_8,0,Yes,No,No,n,Female,0,0,No,0.233333333,0.083333333,NA,NA,NA,NA,0,6188,w,0,0,0,6188
DG4_F_4,DG4_F,DG4_F4_011220,3,DG4_F_1,0,Yes,No,No,n,Male,0,0.171330668,Yes,0.16,0.086666666,6.22,0,0,0,1,6099,w,0,0,0.03292563,6099
DG4_F_4,DG4_F,DG4_F4_011220,3,DG4_F_10,0,No,No,No,n,Female,8.411575563,0,No,0.243333333,0.026666667,6.22,52.32,6,1,0,6099,w,0.964630225,0.160771704,0,6188
DG4_F_4,DG4_F,DG4_F4_011220,3,DG4_F_2,0,Yes,No,No,n,Male,4.192926045,0,No,0.216666667,0.076666667,6.22,26.08,2,0,0,6099,w,0.321543408,0,0,6099
DG4_F_4,DG4_F,DG4_F4_011220,3,DG4_F_3,0,Yes,No,Yes,n,Male,0,0,No,0.223333334,0.04,NA,NA,NA,NA,0,6099,w,0,0,0,6099
DG4_F_4,DG4_F,DG4_F4_011220,3,DG4_F_5,1,Yes,No,No,n,Female,0.655948553,0,No,0.206666666,0.053333333,6.22,4.08,1,0,0,6099,w,0.160771704,0,0,6099
DG4_F_4,DG4_F,DG4_F4_011220,3,DG4_F_6,0,No,No,No,n,Male,0,0,No,0.096666667,0.033333333,NA,NA,NA,NA,0,6099,w,0,0,0,6188
DG4_F_4,DG4_F,DG4_F4_011220,3,DG4_F_7,0,No,No,No,n,Male,20.18006431,0.342661336,No,0.146666667,0.05,6.22,125.52,11,0,1,6099,w,1.768488746,0,0,6188
DG4_F_4,DG4_F,DG4_F4_011220,3,DG4_F_8,0,No,No,No,n,Female,0,0,No,0.233333333,0.083333333,6.22,0,0,1,0,6099,w,0,0.160771704,0,6188
DG4_F_4,DG4_F,DG4_F4_011220,3,DG4_F_9,0,No,No,Yes,n,Female,0,0,No,0.15,0.026666667,NA,NA,NA,NA,0,6099,w,0,0,0,6188
DG4_F_6,DG4_F,DG4_F6_011220,4,DG4_F_1,0,No,No,No,n,Male,0,0,No,0.16,0.086666666,NA,NA,NA,NA,0,6188,m,0,0,0,6099
DG4_F_6,DG4_F,DG4_F6_011220,4,DG4_F_10,0,Yes,No,No,n,Female,8.041516247,0,No,0.243333333,0.026666667,14.77333333,118.8,5,1,0,6188,m,0.338447654,0.067689531,0,6188
DG4_F_6,DG4_F,DG4_F6_011220,4,DG4_F_2,0,No,No,No,n,Male,1.5,0,No,0.216666667,0.076666667,14.77333333,22.16,1,0,0,6188,m,0.067689531,0,0,6099
DG4_F_6,DG4_F,DG4_F6_011220,4,DG4_F_3,0,No,No,Yes,n,Male,2.274368232,0,No,0.223333334,0.04,14.77333333,33.6,2,0,0,6188,m,0.135379061,0,0,6099
DG4_F_6,DG4_F,DG4_F6_011220,4,DG4_F_4,0,No,No,Yes,n,Female,0,0,No,0.26,0.036666667,NA,NA,NA,NA,0,6188,m,0,0,0,6099
DG4_F_6,DG4_F,DG4_F6_011220,4,DG4_F_5,1,No,No,No,n,Female,1.865523466,0,No,0.206666666,0.053333333,14.77333333,27.56,3,0,0,6188,m,0.203068592,0,0,6099
DG4_F_6,DG4_F,DG4_F6_011220,4,DG4_F_7,0,Yes,No,No,n,Male,4.6299639,0.330069315,Yes,0.146666667,0.05,14.77333333,68.4,3,0,1,6188,m,0.203068592,0,0.103225185,6188
DG4_F_6,DG4_F,DG4_F6_011220,4,DG4_F_8,0,Yes,No,No,n,Female,0,0,No,0.233333333,0.083333333,NA,NA,NA,NA,0,6188,m,0,0,0,6188
DG4_F_6,DG4_F,DG4_F6_011220,4,DG4_F_9,0,Yes,No,Yes,n,Female,0.676895307,0.165034657,No,0.15,0.026666667,14.77333333,10,1,1,1,6188,m,0.067689531,0.067689531,0,6188
DG4_F_7,DG4_F,DG4_F7_021220,5,DG4_F_1,1,No,No,No,n,Male,12.89195776,0,No,0.16,0.086666666,1.641333333,21.16,1,0,0,6188,m,0.609260764,0,0,6099
DG4_F_7,DG4_F,DG4_F7_021220,5,DG4_F_10,0,Yes,No,No,n,Female,33.19252641,0,No,0.243333333,0.026666667,1.641333333,54.48,3,0,0,6188,m,1.827782291,0,0,6188
DG4_F_7,DG4_F,DG4_F7_021220,5,DG4_F_2,0,No,No,No,n,Male,0,0.517360313,No,0.216666667,0.076666667,1.641333333,0,0,0,1,6188,m,0,0,0,6099
DG4_F_7,DG4_F,DG4_F7_021220,5,DG4_F_3,0,No,No,Yes,n,Male,0,0,No,0.223333334,0.04,NA,NA,NA,NA,0,6188,m,0,0,0,6099
DG4_F_7,DG4_F,DG4_F7_021220,5,DG4_F_4,0,No,No,Yes,n,Female,43.35499595,0.517360313,No,0.26,0.036666667,1.641333333,71.16,2,1,1,6188,m,1.218521527,0.609260764,0,6099
DG4_F_7,DG4_F,DG4_F7_021220,5,DG4_F_5,0,No,No,No,n,Female,0,0,No,0.206666666,0.053333333,NA,NA,NA,NA,0,6188,m,0,0,0,6099
DG4_F_7,DG4_F,DG4_F7_021220,5,DG4_F_6,0,Yes,No,Yes,n,Male,0,0,No,0.096666667,0.033333333,NA,NA,NA,NA,0,6188,m,0,0,0,6188
DG4_F_7,DG4_F,DG4_F7_021220,5,DG4_F_8,0,Yes,No,No,n,Female,0,0,No,0.233333333,0.083333333,NA,NA,NA,NA,0,6188,m,0,0,0,6188
DG4_F_7,DG4_F,DG4_F7_021220,5,DG4_F_9,0,Yes,No,Yes,n,Female,0,0,No,0.15,0.026666667,NA,NA,NA,NA,0,6188,m,0,0,0,6188
DG4_F_8,DG4_F,DG4_F8_021220,6,DG4_F_1,0,No,No,No,n,Male,2.39,0,No,0.16,0.086666666,20,47.8,6,0,0,6188,w,0.3,0,0,6099
DG4_F_8,DG4_F,DG4_F8_021220,6,DG4_F_10,0,Yes,No,No,n,Female,1.35,0,No,0.243333333,0.026666667,20,27,4,1,0,6188,w,0.2,0.05,0,6188
DG4_F_8,DG4_F,DG4_F8_021220,6,DG4_F_2,0,No,No,No,n,Male,10.95,0.348513011,No,0.216666667,0.076666667,20,219,8,0,1,6188,w,0.4,0,0,6099
DG4_F_8,DG4_F,DG4_F8_021220,6,DG4_F_3,0,No,No,Yes,n,Male,1.254,0,No,0.223333334,0.04,20,25.08,2,0,0,6188,w,0.1,0,0,6099
DG4_F_8,DG4_F,DG4_F8_021220,6,DG4_F_4,0,No,No,Yes,n,Female,0,0.174256506,No,0.26,0.036666667,20,0,0,0,1,6188,w,0,0,0,6099
DG4_F_8,DG4_F,DG4_F8_021220,6,DG4_F_5,0,No,No,No,n,Female,0.114,0,No,0.206666666,0.053333333,20,2.28,1,0,0,6188,w,0.05,0,0,6099
DG4_F_8,DG4_F,DG4_F8_021220,6,DG4_F_6,0,Yes,No,Yes,n,Male,0,0,No,0.096666667,0.033333333,NA,NA,NA,NA,0,6188,w,0,0,0,6188
DG4_F_8,DG4_F,DG4_F8_021220,6,DG4_F_7,0,Yes,No,Yes,n,Male,4.24,0,No,0.146666667,0.05,20,84.8,3,0,0,6188,w,0.15,0,0,6188
DG4_F_8,DG4_F,DG4_F8_021220,6,DG4_F_9,0,Yes,No,Yes,n,Female,0,0,No,0.15,0.026666667,NA,NA,NA,NA,0,6188,w,0,0,0,6188
DG4_F_5,DG4_F,DG4_F5_031220,7,DG4_F_1,0,Yes,No,No,y,Male,3.767673968,0,No,0.16,0.086666666,4.809333333,18.12,2,0,0,6099,w,0.415858054,0,0,6099
DG4_F_5,DG4_F,DG4_F5_031220,7,DG4_F_10,0,No,No,No,y,Female,5.173274189,0,No,0.243333333,0.026666667,4.809333333,24.88,2,0,0,6099,w,0.415858054,0,0,6188
DG4_F_5,DG4_F,DG4_F5_031220,7,DG4_F_2,0,Yes,No,No,y,Male,2.287219296,0,No,0.216666667,0.076666667,4.809333333,11,1,0,0,6099,w,0.207929027,0,0,6099
DG4_F_5,DG4_F,DG4_F5_031220,7,DG4_F_3,0,Yes,Yes,Yes,y,Male,0,0,No,0.223333334,0.04,NA,NA,NA,NA,0,6099,w,0,0,0,6099
DG4_F_5,DG4_F,DG4_F5_031220,7,DG4_F_4,0,Yes,Yes,Yes,y,Female,9.810091489,0,No,0.26,0.036666667,4.809333333,47.18,2,0,0,6099,w,0.415858054,0,0,6099
DG4_F_5,DG4_F,DG4_F5_031220,7,DG4_F_6,0,No,Yes,Yes,y,Male,27.38841142,0,No,0.096666667,0.033333333,4.809333333,131.72,5,1,0,6099,w,1.039645135,0.207929027,0,6188
DG4_F_5,DG4_F,DG4_F5_031220,7,DG4_F_7,1,No,No,Yes,y,Male,6.620460217,0,No,0.146666667,0.05,4.809333333,31.84,3,1,0,6099,w,0.623787081,0.207929027,0,6188
DG4_F_5,DG4_F,DG4_F5_031220,7,DG4_F_8,0,No,No,Yes,y,Female,0,0,No,0.233333333,0.083333333,NA,NA,NA,NA,0,6099,w,0,0,0,6188
DG4_F_5,DG4_F,DG4_F5_031220,7,DG4_F_9,0,No,No,Yes,y,Female,5.63903521,0,No,0.15,0.026666667,4.809333333,27.12,1,0,0,6099,w,0.207929027,0,0,6188
DG4_F_1,DG4_F,DG4_F1_031220,8,DG4_F_10,0,No,No,No,y,Female,2.294422081,0,No,0.243333333,0.026666667,2.318666667,5.32,1,0,0,6099,m,0.431282346,0,0,6188
DG4_F_1,DG4_F,DG4_F1_031220,8,DG4_F_2,1,Yes,No,No,y,Male,17.71707878,0.173130194,No,0.216666667,0.076666667,2.318666667,41.08,2,0,1,6099,m,0.862564692,0,0,6099
DG4_F_1,DG4_F,DG4_F1_031220,8,DG4_F_3,0,Yes,No,Yes,y,Male,37.12478435,0,No,0.223333334,0.04,2.318666667,86.08,4,3,0,6099,m,1.725129384,1.293847038,0,6099
DG4_F_1,DG4_F,DG4_F1_031220,8,DG4_F_4,0,Yes,No,Yes,y,Female,12.0586544,0.346260388,No,0.26,0.036666667,2.318666667,27.96,3,1,1,6099,m,1.293847038,0.431282346,0,6099
DG4_F_1,DG4_F,DG4_F1_031220,8,DG4_F_5,0,Yes,No,Yes,y,Female,0,0,No,0.206666666,0.053333333,NA,NA,NA,NA,0,6099,m,0,0,0,6099
DG4_F_1,DG4_F,DG4_F1_031220,8,DG4_F_6,0,No,No,Yes,y,Male,0,0,No,0.096666667,0.033333333,NA,NA,NA,NA,0,6099,m,0,0,0,6188
DG4_F_1,DG4_F,DG4_F1_031220,8,DG4_F_7,0,No,Yes,Yes,y,Male,0,0,No,0.146666667,0.05,NA,NA,NA,NA,0,6099,m,0,0,0,6188
DG4_F_1,DG4_F,DG4_F1_031220,8,DG4_F_8,0,No,No,Yes,y,Female,0,0,No,0.233333333,0.083333333,NA,NA,NA,NA,0,6099,m,0,0,0,6188
DG4_F_1,DG4_F,DG4_F1_031220,8,DG4_F_9,0,No,No,Yes,y,Female,0,0,No,0.15,0.026666667,NA,NA,NA,NA,0,6099,m,0,0,0,6188
DG4_F_10,DG4_F,DG4_F10_041220,9,DG4_F_1,0,No,No,Yes,n,Male,0,0.333667,No,0.16,0.086666666,3.100666667,0,0,0,1,6188,w,0,0,0,6099
DG4_F_10,DG4_F,DG4_F10_041220,9,DG4_F_2,0,No,No,No,n,Male,4.657062997,0,No,0.216666667,0.076666667,3.100666667,14.44,3,1,0,6188,w,0.967533864,0.322511288,0,6099
DG4_F_10,DG4_F,DG4_F10_041220,9,DG4_F_3,0,No,No,Yes,n,Male,5.869705439,0,No,0.223333334,0.04,3.100666667,18.2,2,0,0,6188,w,0.645022576,0,0,6099
DG4_F_10,DG4_F,DG4_F10_041220,9,DG4_F_4,0,No,No,Yes,n,Female,0,0.500500501,No,0.26,0.036666667,3.100666667,0,0,0,1,6188,w,0,0,0,6099
DG4_F_10,DG4_F,DG4_F10_041220,9,DG4_F_5,1,No,No,Yes,n,Female,12.84884971,0,No,0.206666666,0.053333333,3.100666667,39.84,3,3,0,6188,w,0.967533864,0.967533864,0,6099
DG4_F_10,DG4_F,DG4_F10_041220,9,DG4_F_6,0,Yes,No,Yes,n,Male,0,0,No,0.096666667,0.033333333,NA,NA,NA,NA,0,6188,w,0,0,0,6188
DG4_F_10,DG4_F,DG4_F10_041220,9,DG4_F_7,0,Yes,No,Yes,n,Male,0,0,No,0.146666667,0.05,NA,NA,NA,NA,0,6188,w,0,0,0,6188
DG4_F_10,DG4_F,DG4_F10_041220,9,DG4_F_8,0,Yes,No,Yes,n,Female,0,0.1668335,No,0.233333333,0.083333333,3.100666667,0,0,0,1,6188,w,0,0,0,6188
DG4_F_10,DG4_F,DG4_F10_041220,9,DG4_F_9,0,Yes,No,Yes,n,Female,0,0,No,0.15,0.026666667,NA,NA,NA,NA,0,6188,w,0,0,0,6188
DG4_F_2,DG4_F,DG4_F2_041220,10,DG4_F_1,0,Yes,No,Yes,y,Male,0,0,No,0.16,0.086666666,NA,NA,NA,NA,0,6099,m,0,0,0,6099
DG4_F_2,DG4_F,DG4_F2_041220,10,DG4_F_10,0,No,No,Yes,y,Female,0,0,No,0.243333333,0.026666667,NA,NA,NA,NA,0,6099,m,0,0,0,6188
DG4_F_2,DG4_F,DG4_F2_041220,10,DG4_F_3,0,Yes,No,Yes,y,Male,2.350515464,0,No,0.223333334,0.04,2.263333333,5.32,1,0,0,6099,m,0.441826215,0,0,6099
DG4_F_2,DG4_F,DG4_F2_041220,10,DG4_F_4,0,Yes,No,Yes,y,Female,17.14285715,0.178933556,No,0.26,0.036666667,2.263333333,38.8,3,1,1,6099,m,1.325478645,0.441826215,0,6099
DG4_F_2,DG4_F,DG4_F2_041220,10,DG4_F_5,0,Yes,No,Yes,y,Female,5.496318116,0,No,0.206666666,0.053333333,2.263333333,12.44,3,2,0,6099,m,1.325478645,0.88365243,0,6099
DG4_F_2,DG4_F,DG4_F2_041220,10,DG4_F_6,0,No,No,Yes,y,Male,4.842415317,0,No,0.096666667,0.033333333,2.263333333,10.96,1,0,0,6099,m,0.441826215,0,0,6188
DG4_F_2,DG4_F,DG4_F2_041220,10,DG4_F_7,1,No,No,Yes,y,Male,14.84536083,0.357867112,No,0.146666667,0.05,2.263333333,33.6,1,1,1,6099,m,0.441826215,0.441826215,0,6188
DG4_F_2,DG4_F,DG4_F2_041220,10,DG4_F_8,0,No,No,Yes,y,Female,0,0,No,0.233333333,0.083333333,NA,NA,NA,NA,0,6099,m,0,0,0,6188
DG4_F_2,DG4_F,DG4_F2_041220,10,DG4_F_9,0,No,No,Yes,y,Female,0,0,No,0.15,0.026666667,NA,NA,NA,NA,0,6099,m,0,0,0,6188
DG4_W_10,DG4_W,DG4_W10_301112,1,DG4_W_1,0,No,No,No,n,Male,4.285714285,0,No,0.21,0.043333333,2.146666667,9.2,2,0,0,6310,w,0.931677018,0,0,6197
DG4_W_10,DG4_W,DG4_W10_301112,1,DG4_W_2,0,No,No,No,n,Male,27.65217391,0,No,0.57,0.073333333,2.146666667,59.36,4,1,0,6310,w,1.863354037,0.465838509,0,6197
DG4_W_10,DG4_W,DG4_W10_301112,1,DG4_W_3,0,No,No,No,n,Male,3.968944099,0.160685592,No,0.47,0.006666667,2.146666667,8.52,1,0,1,6310,w,0.465838509,0,0,6197
DG4_W_10,DG4_W,DG4_W10_301112,1,DG4_W_4,1,No,No,No,n,Female,10.52795031,0.482056776,Yes,0.616666667,0.106666667,2.146666667,22.6,1,0,1,6310,w,0.465838509,0,0.035726667,6197
DG4_W_10,DG4_W,DG4_W10_301112,1,DG4_W_5,0,No,No,No,n,Female,13.82608695,0,No,0.473333333,0.066666667,2.146666667,29.68,1,0,0,6310,w,0.465838509,0,0,6197
DG4_W_10,DG4_W,DG4_W10_301112,1,DG4_W_6,0,Yes,No,No,n,Male,0,0,No,0.29,0.116666667,NA,NA,NA,NA,0,6310,w,0,0,0,6310
DG4_W_10,DG4_W,DG4_W10_301112,1,DG4_W_7,0,Yes,No,No,n,Male,0,0,No,0.313333333,0.043333333,NA,NA,NA,NA,0,6310,w,0,0,0,6310
DG4_W_10,DG4_W,DG4_W10_301112,1,DG4_W_8,0,Yes,No,No,n,Female,0,0,No,0.403333333,0.046666667,NA,NA,NA,NA,0,6310,w,0,0,0,6310
DG4_W_10,DG4_W,DG4_W10_301112,1,DG4_W_9,0,Yes,No,No,n,Female,0,0,No,0.32,0.086666667,NA,NA,NA,NA,0,6310,w,0,0,0,6310
DG4_W_6,DG4_W,DG4_W6_301120,2,DG4_W_1,0,No,No,No,n,Male,0,0,Yes,0.21,0.043333333,2.849333333,0,0,0,0,6310,m,0,0,0.019600925,6197
DG4_W_6,DG4_W,DG4_W6_301120,2,DG4_W_10,0,Yes,No,Yes,n,Female,0,0,No,0.473333333,0.02,NA,NA,NA,NA,0,6310,m,0,0,0,6310
DG4_W_6,DG4_W,DG4_W6_301120,2,DG4_W_2,0,No,No,No,n,Male,0,0.176408326,No,0.57,0.073333333,2.849333333,0,0,0,1,6310,m,0,0,0,6197
DG4_W_6,DG4_W,DG4_W6_301120,2,DG4_W_3,0,No,No,No,n,Male,0,0,No,0.47,0.006666667,NA,NA,NA,NA,0,6310,m,0,0,0,6197
DG4_W_6,DG4_W,DG4_W6_301120,2,DG4_W_4,1,No,No,No,n,Female,3.3060365,0.176408326,No,0.616666667,0.106666667,2.849333333,9.42,1,1,1,6310,m,0.350959289,0.350959289,0,6197
DG4_W_6,DG4_W,DG4_W6_301120,2,DG4_W_5,0,No,No,No,n,Female,4.099204493,0,No,0.473333333,0.066666667,2.849333333,11.68,1,0,0,6310,m,0.350959289,0,0,6197
DG4_W_6,DG4_W,DG4_W6_301120,2,DG4_W_7,0,Yes,No,No,n,Male,0,0,No,0.313333333,0.043333333,NA,NA,NA,NA,0,6310,m,0,0,0,6310
DG4_W_6,DG4_W,DG4_W6_301120,2,DG4_W_8,0,Yes,No,No,n,Female,0,0,No,0.403333333,0.046666667,NA,NA,NA,NA,0,6310,m,0,0,0,6310
DG4_W_6,DG4_W,DG4_W6_301120,2,DG4_W_9,0,Yes,No,No,n,Female,58.96116051,0,No,0.32,0.086666667,2.849333333,168,1,0,0,6310,m,0.350959289,0,0,6310
DG4_W_5,DG4_W,DG4_W5_011220,3,DG4_W_1,0,Yes,No,No,n,Male,2.776484285,0.171018128,No,0.21,0.043333333,11.45333333,31.8,2,3,1,6197,w,0.174621653,0.26193248,0,6197
DG4_W_5,DG4_W,DG4_W5_011220,3,DG4_W_10,0,No,No,Yes,n,Female,2.388824215,0,No,0.473333333,0.02,11.45333333,27.36,1,0,0,6197,w,0.087310827,0,0,6310
DG4_W_5,DG4_W,DG4_W5_011220,3,DG4_W_2,0,Yes,No,No,n,Male,13.16298021,0,No,0.57,0.073333333,11.45333333,150.76,6,2,0,6197,w,0.523864959,0.174621653,0,6197
DG4_W_5,DG4_W,DG4_W5_011220,3,DG4_W_3,0,Yes,No,No,n,Male,0.523864959,0,No,0.47,0.006666667,11.45333333,6,1,0,0,6197,w,0.087310827,0,0,6197
DG4_W_5,DG4_W,DG4_W5_011220,3,DG4_W_4,0,Yes,No,No,n,Female,2.951105938,0.171018128,No,0.616666667,0.106666667,11.45333333,33.8,4,2,1,6197,w,0.349243306,0.174621653,0,6197
DG4_W_5,DG4_W,DG4_W5_011220,3,DG4_W_6,0,No,No,Yes,n,Male,0,0,No,0.29,0.116666667,NA,NA,NA,NA,0,6197,w,0,0,0,6310
DG4_W_5,DG4_W,DG4_W5_011220,3,DG4_W_7,0,No,No,No,n,Male,4.868451689,0,No,0.313333333,0.043333333,11.45333333,55.76,4,1,0,6197,w,0.349243306,0.087310827,0,6310
DG4_W_5,DG4_W,DG4_W5_011220,3,DG4_W_8,0,No,No,No,n,Female,1.931315484,0,No,0.403333333,0.046666667,11.45333333,22.12,3,2,0,6197,w,0.26193248,0.174621653,0,6310
DG4_W_5,DG4_W,DG4_W5_011220,3,DG4_W_9,1,No,No,No,n,Female,22.86495926,0,No,0.32,0.086666667,11.45333333,261.88,6,2,0,6197,w,0.523864959,0.174621653,0,6310
DG4_W_9,DG4_W,DG4_W9_011220,4,DG4_W_1,1,No,No,No,y,Male,0,0,No,0.21,0.043333333,1.982666667,0,0,1,0,6310,w,0,0.504371217,0,6197
DG4_W_9,DG4_W,DG4_W9_011220,4,DG4_W_10,0,Yes,No,Yes,y,Female,0,0,No,0.473333333,0.02,NA,NA,NA,NA,0,6310,w,0,0,0,6310
DG4_W_9,DG4_W,DG4_W9_011220,4,DG4_W_2,0,No,No,No,y,Male,22.11163416,0.109553024,No,0.57,0.073333333,1.982666667,43.84,3,0,1,6310,w,1.513113651,0,0,6197
DG4_W_9,DG4_W,DG4_W9_011220,4,DG4_W_3,0,No,No,No,y,Male,0,0,No,0.47,0.006666667,NA,NA,NA,NA,0,6310,w,0,0,0,6197
DG4_W_9,DG4_W,DG4_W9_011220,4,DG4_W_4,0,No,No,No,y,Female,0,0,No,0.616666667,0.106666667,NA,NA,NA,NA,0,6310,w,0,0,0,6197
DG4_W_9,DG4_W,DG4_W9_011220,4,DG4_W_5,0,No,Yes,Yes,y,Female,13.53732347,0.109553024,No,0.473333333,0.066666667,1.982666667,26.84,4,0,1,6310,w,2.017484869,0,0,6197
DG4_W_9,DG4_W,DG4_W9_011220,4,DG4_W_6,0,Yes,No,Yes,y,Male,0,0.109553024,Yes,0.29,0.116666667,1.982666667,0,0,0,1,6310,w,0,0,0.012172558,6310
DG4_W_9,DG4_W,DG4_W9_011220,4,DG4_W_7,0,Yes,No,No,y,Male,0,0,No,0.313333333,0.043333333,NA,NA,NA,NA,0,6310,w,0,0,0,6310
DG4_W_9,DG4_W,DG4_W9_011220,4,DG4_W_8,0,Yes,No,No,y,Female,0,0,Yes,0.403333333,0.046666667,1.982666667,0,0,0,0,6310,w,0,0,0.062005644,6310
DG4_W_4,DG4_W,DG4_W4_021220,5,DG4_W_1,0,Yes,No,No,y,Male,0,0,No,0.21,0.043333333,NA,NA,NA,NA,0,6197,w,0,0,0,6197
DG4_W_4,DG4_W,DG4_W4_021220,5,DG4_W_10,0,No,Yes,Yes,y,Female,0,0,No,0.473333333,0.02,NA,NA,NA,NA,0,6197,w,0,0,0,6310
DG4_W_4,DG4_W,DG4_W4_021220,5,DG4_W_2,0,Yes,No,No,y,Male,14.88442211,0,No,0.57,0.073333333,3.98,59.24,7,0,0,6197,w,1.75879397,0,0,6197
DG4_W_4,DG4_W,DG4_W4_021220,5,DG4_W_3,0,Yes,No,No,y,Male,0,0,No,0.47,0.006666667,NA,NA,NA,NA,0,6197,w,0,0,0,6197
DG4_W_4,DG4_W,DG4_W4_021220,5,DG4_W_5,1,Yes,No,Yes,y,Female,14.45226131,0,No,0.473333333,0.066666667,3.98,57.52,8,1,0,6197,w,2.010050251,0.251256281,0,6197
DG4_W_4,DG4_W,DG4_W4_021220,5,DG4_W_6,0,No,Yes,Yes,y,Male,0,0,No,0.29,0.116666667,NA,NA,NA,NA,0,6197,w,0,0,0,6310
DG4_W_4,DG4_W,DG4_W4_021220,5,DG4_W_7,0,No,No,No,y,Male,15.94974874,0,No,0.313333333,0.043333333,3.98,63.48,6,0,0,6197,w,1.507537688,0,0,6310
DG4_W_4,DG4_W,DG4_W4_021220,5,DG4_W_8,0,No,No,No,y,Female,0,0,No,0.403333333,0.046666667,NA,NA,NA,NA,0,6197,w,0,0,0,6310
DG4_W_4,DG4_W,DG4_W4_021220,5,DG4_W_9,0,No,No,Yes,y,Female,0,0,No,0.32,0.086666667,NA,NA,NA,NA,0,6197,w,0,0,0,6310
DG4_W_1,DG4_W,DG4_W1_021220,6,DG4_W_10,0,No,No,Yes,y,Female,5.415238597,0,No,0.473333333,0.02,7.586,41.08,3,0,0,6197,m,0.395465331,0,0,6310
DG4_W_1,DG4_W,DG4_W1_021220,6,DG4_W_2,0,Yes,No,No,y,Male,7.882942262,0,No,0.57,0.073333333,7.586,59.8,4,0,0,6197,m,0.527287108,0,0,6197
DG4_W_1,DG4_W,DG4_W1_021220,6,DG4_W_3,0,Yes,No,No,y,Male,6.817822304,0,No,0.47,0.006666667,7.586,51.72,3,1,0,6197,m,0.395465331,0.131821777,0,6197
DG4_W_1,DG4_W,DG4_W1_021220,6,DG4_W_4,0,Yes,No,Yes,y,Female,3.791194305,0,No,0.616666667,0.106666667,7.586,28.76,2,0,0,6197,m,0.263643554,0,0,6197
DG4_W_1,DG4_W,DG4_W1_021220,6,DG4_W_5,0,Yes,No,Yes,y,Female,12.33324545,0,No,0.473333333,0.066666667,7.586,93.56,8,1,0,6197,m,1.054574216,0.131821777,0,6197
DG4_W_1,DG4_W,DG4_W1_021220,6,DG4_W_6,0,No,No,Yes,y,Male,0.448194042,0,No,0.29,0.116666667,7.586,3.4,1,0,0,6197,m,0.131821777,0,0,6310
DG4_W_1,DG4_W,DG4_W1_021220,6,DG4_W_7,0,No,No,No,y,Male,0.442921171,0.165947561,No,0.313333333,0.043333333,7.586,3.36,1,0,1,6197,m,0.131821777,0,0,6310
DG4_W_1,DG4_W,DG4_W1_021220,6,DG4_W_8,0,No,No,No,y,Female,8.990245189,0,No,0.403333333,0.046666667,7.586,68.2,8,0,0,6197,m,1.054574216,0,0,6310
DG4_W_1,DG4_W,DG4_W1_021220,6,DG4_W_9,1,No,Yes,Yes,y,Female,20.09491168,0,No,0.32,0.086666667,7.586,152.44,6,0,0,6197,m,0.790930662,0,0,6310
DG4_W_7,DG4_W,DG4_W7_031220,7,DG4_W_1,0,No,No,Yes,n,Male,0,0,No,0.21,0.043333333,NA,NA,NA,NA,0,6310,m,0,0,0,6197
DG4_W_7,DG4_W,DG4_W7_031220,7,DG4_W_10,0,Yes,No,Yes,n,Female,0,0,No,0.473333333,0.02,NA,NA,NA,NA,0,6310,m,0,0,0,6310
DG4_W_7,DG4_W,DG4_W7_031220,7,DG4_W_2,0,No,No,No,n,Male,0,0,No,0.57,0.073333333,NA,NA,NA,NA,0,6310,m,0,0,0,6197
DG4_W_7,DG4_W,DG4_W7_031220,7,DG4_W_3,0,No,No,No,n,Male,0,0,No,0.47,0.006666667,NA,NA,NA,NA,0,6310,m,0,0,0,6197
DG4_W_7,DG4_W,DG4_W7_031220,7,DG4_W_4,0,No,No,Yes,n,Female,0,0,No,0.616666667,0.106666667,NA,NA,NA,NA,0,6310,m,0,0,0,6197
DG4_W_7,DG4_W,DG4_W7_031220,7,DG4_W_5,1,No,No,Yes,n,Female,15.42319749,0,No,0.473333333,0.066666667,0.850666667,13.12,2,0,0,6310,m,2.351097178,0,0,6197
DG4_W_7,DG4_W,DG4_W7_031220,7,DG4_W_6,0,Yes,No,Yes,n,Male,0,0,No,0.29,0.116666667,NA,NA,NA,NA,0,6310,m,0,0,0,6310
DG4_W_7,DG4_W,DG4_W7_031220,7,DG4_W_8,0,Yes,No,No,n,Female,17.91536049,0,No,0.403333333,0.046666667,0.850666667,15.24,1,0,0,6310,m,1.175548589,0,0,6310
DG4_W_7,DG4_W,DG4_W7_031220,7,DG4_W_9,0,Yes,No,Yes,n,Female,0,0,No,0.32,0.086666667,NA,NA,NA,NA,0,6310,m,0,0,0,6310
DG4_W_2,DG4_W,DG4_W2_031220,8,DG4_W_1,0,Yes,No,Yes,n,Male,0,0,No,0.21,0.043333333,NA,NA,NA,NA,0,6197,m,0,0,0,6197
DG4_W_2,DG4_W,DG4_W2_031220,8,DG4_W_10,0,No,No,Yes,n,Female,14.9339207,0,No,0.473333333,0.02,2.118666667,31.64,1,1,0,6197,m,0.471994965,0.471994965,0,6310
DG4_W_2,DG4_W,DG4_W2_031220,8,DG4_W_3,0,Yes,No,No,n,Male,0,0,No,0.47,0.006666667,NA,NA,NA,NA,0,6197,m,0,0,0,6197
DG4_W_2,DG4_W,DG4_W2_031220,8,DG4_W_4,0,Yes,No,Yes,n,Female,0,0,No,0.616666667,0.106666667,NA,NA,NA,NA,0,6197,m,0,0,0,6197
DG4_W_2,DG4_W,DG4_W2_031220,8,DG4_W_5,0,Yes,No,Yes,n,Female,12.08307111,0,No,0.473333333,0.066666667,2.118666667,25.6,3,2,0,6197,m,1.415984896,0.943989931,0,6197
DG4_W_2,DG4_W,DG4_W2_031220,8,DG4_W_6,0,No,No,Yes,n,Male,0,0,No,0.29,0.116666667,NA,NA,NA,NA,0,6197,m,0,0,0,6310
DG4_W_2,DG4_W,DG4_W2_031220,8,DG4_W_7,0,No,No,Yes,n,Male,0,0,No,0.313333333,0.043333333,NA,NA,NA,NA,0,6197,m,0,0,0,6310
DG4_W_2,DG4_W,DG4_W2_031220,8,DG4_W_8,0,No,No,No,n,Female,2.076777847,0,No,0.403333333,0.046666667,2.118666667,4.4,1,0,0,6197,m,0.471994965,0,0,6310
DG4_W_2,DG4_W,DG4_W2_031220,8,DG4_W_9,1,No,No,Yes,n,Female,51.50409061,0,No,0.32,0.086666667,2.118666667,109.12,3,0,0,6197,m,1.415984896,0,0,6310
DG4_W_3,DG4_W,DG4_W3_041220,9,DG4_W_1,0,Yes,No,Yes,n,Male,0,0,No,0.21,0.043333333,NA,NA,NA,NA,0,6197,m,0,0,0,6197
DG4_W_3,DG4_W,DG4_W3_041220,9,DG4_W_10,0,No,No,Yes,n,Female,0,0,No,0.473333333,0.02,NA,NA,NA,NA,0,6197,m,0,0,0,6310
DG4_W_3,DG4_W,DG4_W3_041220,9,DG4_W_2,0,Yes,No,Yes,n,Male,1.914371421,0,No,0.57,0.073333333,2.444666667,4.68,1,0,0,6197,m,0.409053722,0,0,6197
DG4_W_3,DG4_W,DG4_W3_041220,9,DG4_W_4,0,Yes,No,Yes,n,Female,22.59612762,0,No,0.616666667,0.106666667,2.444666667,55.24,3,1,0,6197,m,1.227161167,0.409053722,0,6197
DG4_W_3,DG4_W,DG4_W3_041220,9,DG4_W_5,1,Yes,No,Yes,n,Female,5.252249795,0,No,0.473333333,0.066666667,2.444666667,12.84,2,0,0,6197,m,0.818107445,0,0,6197
DG4_W_3,DG4_W,DG4_W3_041220,9,DG4_W_6,0,No,No,Yes,n,Male,0,0,No,0.29,0.116666667,NA,NA,NA,NA,0,6197,m,0,0,0,6310
DG4_W_3,DG4_W,DG4_W3_041220,9,DG4_W_7,0,No,No,Yes,n,Male,0,0,No,0.313333333,0.043333333,NA,NA,NA,NA,0,6197,m,0,0,0,6310
DG4_W_3,DG4_W,DG4_W3_041220,9,DG4_W_8,0,No,No,No,n,Female,2.797927461,0,No,0.403333333,0.046666667,2.444666667,6.84,1,0,0,6197,m,0.409053722,0,0,6310
DG4_W_3,DG4_W,DG4_W3_041220,9,DG4_W_9,0,No,No,Yes,n,Female,17.50749932,0.169453231,No,0.32,0.086666667,2.444666667,42.8,3,1,1,6197,m,1.227161167,0.409053722,0,6310
DG4_W_8,DG4_W,DG4_W8_041220,10,DG4_W_1,0,No,No,Yes,n,Male,0,0,No,0.21,0.043333333,NA,NA,NA,NA,0,6310,w,0,0,0,6197
DG4_W_8,DG4_W,DG4_W8_041220,10,DG4_W_10,0,Yes,No,Yes,n,Female,10.60709655,0,No,0.473333333,0.02,16.966,179.96,1,0,0,6310,w,0.058941412,0,0,6310
DG4_W_8,DG4_W,DG4_W8_041220,10,DG4_W_2,1,No,No,Yes,n,Male,8.249440057,0,No,0.57,0.073333333,16.966,139.96,3,2,0,6310,w,0.176824237,0.117882824,0,6197
DG4_W_8,DG4_W,DG4_W8_041220,10,DG4_W_3,0,No,No,Yes,n,Male,0,0,No,0.47,0.006666667,NA,NA,NA,NA,0,6310,w,0,0,0,6197
DG4_W_8,DG4_W,DG4_W8_041220,10,DG4_W_4,0,No,No,Yes,n,Female,0,0.164962059,No,0.616666667,0.106666667,16.966,0,0,0,1,6310,w,0,0,0,6197
DG4_W_8,DG4_W,DG4_W8_041220,10,DG4_W_5,0,No,No,Yes,n,Female,37.69656961,0,No,0.473333333,0.066666667,16.966,639.56,3,1,0,6310,w,0.176824237,0.058941412,0,6197
DG4_W_8,DG4_W,DG4_W8_041220,10,DG4_W_6,0,Yes,No,Yes,n,Male,0.271130496,0,No,0.29,0.116666667,16.966,4.6,1,0,0,6310,w,0.058941412,0,0,6310
DG4_W_8,DG4_W,DG4_W8_041220,10,DG4_W_7,0,Yes,No,Yes,n,Male,0,0,No,0.313333333,0.043333333,NA,NA,NA,NA,0,6310,w,0,0,0,6310
DG4_W_8,DG4_W,DG4_W8_041220,10,DG4_W_9,0,Yes,No,Yes,n,Female,23.61192974,0,No,0.32,0.086666667,16.966,400.6,3,2,0,6310,w,0.176824237,0.117882824,0,6310
DG5_F_8,DG5_F,DG5_F8_010221,1,DG5_F_1,0,No,No,No,n,Male,4.684788895,0.17541808,No,0.076666666,0.09,4.610666667,21.6,2,1,1,6407,m,0.43377675,0.216888375,0,6421
DG5_F_8,DG5_F,DG5_F8_010221,1,DG5_F_10,0,Yes,No,No,n,Female,19.23366107,0,No,0.033333333,0.026666667,4.610666667,88.68,4,0,0,6407,m,0.867553499,0,0,6407
DG5_F_8,DG5_F,DG5_F8_010221,1,DG5_F_2,0,No,No,No,n,Male,0,0,No,0.11,0.05,NA,NA,NA,NA,0,6407,m,0,0,0,6421
DG5_F_8,DG5_F,DG5_F8_010221,1,DG5_F_3,0,No,No,No,n,Female,0,0,No,0.113333333,0.073333333,NA,NA,NA,NA,0,6407,m,0,0,0,6421
DG5_F_8,DG5_F,DG5_F8_010221,1,DG5_F_4,1,No,No,No,n,Female,10.34991324,0,No,0.053333333,0.043333333,4.610666667,47.72,3,2,0,6407,m,0.650665124,0.43377675,0,6421
DG5_F_8,DG5_F,DG5_F8_010221,1,DG5_F_5,0,No,No,No,n,Female,0,0,No,0.093333334,0.016666667,NA,NA,NA,NA,0,6407,m,0,0,0,6421
DG5_F_8,DG5_F,DG5_F8_010221,1,DG5_F_6,0,Yes,No,No,n,Male,0,0,No,0.103333333,0.043333333,NA,NA,NA,NA,0,6407,m,0,0,0,6407
DG5_F_8,DG5_F,DG5_F8_010221,1,DG5_F_7,0,Yes,No,No,n,Male,0,0,No,0.066666667,0.04,NA,NA,NA,NA,0,6407,m,0,0,0,6407
DG5_F_8,DG5_F,DG5_F8_010221,1,DG5_F_9,0,Yes,No,No,n,Female,0.676691729,0,No,0.05,0.046666667,4.610666667,3.12,1,1,0,6407,m,0.216888375,0.216888375,0,6407
DG5_F_10,DG5_F,DG5_F10_010221,2,DG5_F_1,0,No,No,No,n,Male,4.147928994,0,No,0.076666666,0.09,6.76,28.04,2,0,0,6407,w,0.295857988,0,0,6421
DG5_F_10,DG5_F,DG5_F10_010221,2,DG5_F_2,0,No,No,No,n,Male,2.763313609,0,No,0.11,0.05,6.76,18.68,3,0,0,6407,w,0.443786982,0,0,6421
DG5_F_10,DG5_F,DG5_F10_010221,2,DG5_F_3,0,No,No,No,n,Female,11.94674556,0.17529508,No,0.113333333,0.073333333,6.76,80.76,2,0,1,6407,w,0.295857988,0,0,6421
DG5_F_10,DG5_F,DG5_F10_010221,2,DG5_F_4,0,No,No,No,n,Female,4.094674556,0,No,0.053333333,0.043333333,6.76,27.68,3,0,0,6407,w,0.443786982,0,0,6421
DG5_F_10,DG5_F,DG5_F10_010221,2,DG5_F_5,0,No,No,No,n,Female,0,0,No,0.093333334,0.016666667,NA,NA,NA,NA,0,6407,w,0,0,0,6421
DG5_F_10,DG5_F,DG5_F10_010221,2,DG5_F_6,0,Yes,No,No,n,Male,5.082840237,0,No,0.103333333,0.043333333,6.76,34.36,4,0,0,6407,w,0.591715976,0,0,6407
DG5_F_10,DG5_F,DG5_F10_010221,2,DG5_F_7,0,Yes,No,No,n,Male,1.568047337,0,No,0.066666667,0.04,6.76,10.6,2,1,0,6407,w,0.295857988,0.147928994,0,6407
DG5_F_10,DG5_F,DG5_F10_010221,2,DG5_F_8,0,Yes,No,Yes,n,Male,1.934911243,0,No,0.103333333,0.013333333,6.76,13.08,1,0,0,6407,w,0.147928994,0,0,6407
DG5_F_10,DG5_F,DG5_F10_010221,2,DG5_F_9,1,Yes,No,No,n,Female,34.66863905,0,Yes,0.05,0.046666667,6.76,234.36,9,1,0,6407,w,1.331360947,0.147928994,0.019477231,6407
DG5_F_3,DG5_F,DG5_F3_020221,3,DG5_F_1,1,Yes,No,No,n,Male,44.57405987,0,No,0.076666666,0.09,1.737333333,77.44,2,1,0,6421,w,1.151189563,0.57559478100000006,0,6421
DG5_F_3,DG5_F,DG5_F3_020221,3,DG5_F_10,0,No,No,Yes,n,Female,19.10974674,0.25625694,No,0.033333333,0.026666667,1.737333333,33.2,3,0,1,6421,w,1.726784344,0,0,6407
DG5_F_3,DG5_F,DG5_F3_020221,3,DG5_F_2,0,Yes,No,No,n,Male,0,0,No,0.11,0.05,NA,NA,NA,NA,0,6421,w,0,0,0,6421
DG5_F_3,DG5_F,DG5_F3_020221,3,DG5_F_4,0,Yes,No,No,n,Female,0,0,No,0.053333333,0.043333333,1.737333333,0,0,1,0,6421,w,0,0.57559478100000006,0,6421
DG5_F_3,DG5_F,DG5_F3_020221,3,DG5_F_5,0,Yes,No,No,n,Female,0,0.25625694,Yes,0.093333334,0.016666667,1.737333333,0,0,0,1,6421,w,0,0,0.014236497,6421
DG5_F_3,DG5_F,DG5_F3_020221,3,DG5_F_6,0,No,No,No,n,Male,3.269378358,0,No,0.103333333,0.043333333,1.737333333,5.68,1,0,0,6421,w,0.57559478100000006,0,0,6407
DG5_F_3,DG5_F,DG5_F3_020221,3,DG5_F_7,0,No,No,No,n,Male,0,0,Yes,0.066666667,0.04,1.737333333,0,0,1,0,6421,w,0,0.57559478100000006,0.033560168,6407
DG5_F_3,DG5_F,DG5_F3_020221,3,DG5_F_8,0,No,No,Yes,n,Male,0,0,No,0.103333333,0.013333333,NA,NA,NA,NA,0,6421,w,0,0,0,6407
DG5_F_3,DG5_F,DG5_F3_020221,3,DG5_F_9,0,No,No,No,n,Female,0,0,No,0.05,0.046666667,NA,NA,NA,NA,0,6421,w,0,0,0,6407
DG5_F_4,DG5_F,DG5_F4_020221,4,DG5_F_1,0,Yes,No,No,y,Male,4.958339024,0,No,0.076666666,0.09,4.880666667,24.2,1,0,0,6421,w,0.204890042,0,0,6421
DG5_F_4,DG5_F,DG5_F4_020221,4,DG5_F_10,0,No,No,Yes,y,Female,8.482447752,0,No,0.033333333,0.026666667,4.880666667,41.4,5,1,0,6421,w,1.024450212,0.204890042,0,6407
DG5_F_4,DG5_F,DG5_F4_020221,4,DG5_F_2,0,Yes,No,No,y,Male,0,0,No,0.11,0.05,NA,NA,NA,NA,0,6421,w,0,0,0,6421
DG5_F_4,DG5_F,DG5_F4_020221,4,DG5_F_3,0,Yes,No,Yes,y,Female,3.999453626,0,No,0.113333333,0.073333333,4.880666667,19.52,2,0,0,6421,w,0.409780085,0,0,6421
DG5_F_4,DG5_F,DG5_F4_020221,4,DG5_F_5,0,Yes,No,No,y,Female,0,0,No,0.093333334,0.016666667,NA,NA,NA,NA,0,6421,w,0,0,0,6421
DG5_F_4,DG5_F,DG5_F4_020221,4,DG5_F_6,0,No,No,No,y,Male,0.38929108,0,No,0.103333333,0.043333333,4.880666667,1.9,1,0,0,6421,w,0.204890042,0,0,6407
DG5_F_4,DG5_F,DG5_F4_020221,4,DG5_F_7,0,No,No,No,y,Male,0,0,No,0.066666667,0.04,NA,NA,NA,NA,0,6421,w,0,0,0,6407
DG5_F_4,DG5_F,DG5_F4_020221,4,DG5_F_8,0,No,Yes,Yes,y,Male,0,0,No,0.103333333,0.013333333,NA,NA,NA,NA,0,6421,w,0,0,0,6407
DG5_F_4,DG5_F,DG5_F4_020221,4,DG5_F_9,1,No,No,No,y,Female,32.29886627,0.17393321,No,0.05,0.046666667,4.880666667,157.64,12,2,1,6421,w,2.458680508,0.409780085,0,6407
DG5_F_1,DG5_F,DG5_F1_030221,5,DG5_F_10,0,No,No,Yes,y,Female,3.934,0.347826087,No,0.033333333,0.026666667,20,78.68,6,0,1,6421,m,0.3,0,0,6407
DG5_F_1,DG5_F,DG5_F1_030221,5,DG5_F_2,0,Yes,No,No,y,Male,3.27,0.173913043,No,0.11,0.05,20,65.4,4,0,1,6421,m,0.2,0,0,6421
DG5_F_1,DG5_F,DG5_F1_030221,5,DG5_F_3,0,Yes,Yes,Yes,y,Female,0.342,0,No,0.113333333,0.073333333,20,6.84,1,0,0,6421,m,0.05,0,0,6421
DG5_F_1,DG5_F,DG5_F1_030221,5,DG5_F_4,0,Yes,No,Yes,y,Female,1.592,0.173913043,No,0.053333333,0.043333333,20,31.84,3,1,1,6421,m,0.15,0.05,0,6421
DG5_F_1,DG5_F,DG5_F1_030221,5,DG5_F_5,0,Yes,No,No,y,Female,2.902,0,No,0.093333334,0.016666667,20,58.04,5,0,0,6421,m,0.25,0,0,6421
DG5_F_1,DG5_F,DG5_F1_030221,5,DG5_F_6,0,No,No,No,y,Male,2.428,0.173913043,No,0.103333333,0.043333333,20,48.56,5,2,1,6421,m,0.25,0.1,0,6407
DG5_F_1,DG5_F,DG5_F1_030221,5,DG5_F_7,0,No,No,No,y,Male,0.426,0,No,0.066666667,0.04,20,8.52,1,1,0,6421,m,0.05,0.05,0,6407
DG5_F_1,DG5_F,DG5_F1_030221,5,DG5_F_8,0,No,No,Yes,y,Male,0,0,No,0.103333333,0.013333333,NA,NA,NA,NA,0,6421,m,0,0,0,6407
DG5_F_1,DG5_F,DG5_F1_030221,5,DG5_F_9,0,No,No,No,y,Female,6.494,0.173913043,No,0.05,0.046666667,20,129.88,15,3,1,6421,m,0.75,0.15,0,6407
DG5_F_2,DG5_F,DG5_F2_030221,6,DG5_F_1,0,Yes,No,Yes,n,Male,0,0,No,0.076666666,0.09,NA,NA,NA,NA,0,6421,m,0,0,0,6421
DG5_F_2,DG5_F,DG5_F2_030221,6,DG5_F_10,1,No,No,Yes,n,Female,16.05674441,0.140213124,No,0.033333333,0.026666667,2.772666667,44.52,3,1,1,6421,m,1.081990863,0.360663621,0,6407
DG5_F_2,DG5_F,DG5_F2_030221,6,DG5_F_3,0,Yes,No,Yes,n,Female,13.43111325,0.140213124,No,0.113333333,0.073333333,2.772666667,37.24,2,1,1,6421,m,0.721327242,0.360663621,0,6421
DG5_F_2,DG5_F,DG5_F2_030221,6,DG5_F_4,0,Yes,No,Yes,n,Female,0,0,No,0.053333333,0.043333333,NA,NA,NA,NA,0,6421,m,0,0,0,6421
DG5_F_2,DG5_F,DG5_F2_030221,6,DG5_F_5,0,Yes,No,No,n,Female,0,0,No,0.093333334,0.016666667,NA,NA,NA,NA,0,6421,m,0,0,0,6421
DG5_F_2,DG5_F,DG5_F2_030221,6,DG5_F_6,0,No,No,No,n,Male,0,0,No,0.103333333,0.043333333,NA,NA,NA,NA,0,6421,m,0,0,0,6407
DG5_F_2,DG5_F,DG5_F2_030221,6,DG5_F_7,0,No,No,No,n,Male,0,0,No,0.066666667,0.04,NA,NA,NA,NA,0,6421,m,0,0,0,6407
DG5_F_2,DG5_F,DG5_F2_030221,6,DG5_F_8,0,No,No,Yes,n,Male,11.90189949,0,No,0.103333333,0.013333333,2.772666667,33,2,1,0,6421,m,0.721327242,0.360663621,0,6407
DG5_F_2,DG5_F,DG5_F2_030221,6,DG5_F_9,0,No,No,No,n,Female,2.409232988,0,No,0.05,0.046666667,2.772666667,6.68,1,0,0,6421,m,0.360663621,0,0,6407
DG5_F_9,DG5_F,DG5_F9_040221,7,DG5_F_1,1,No,No,Yes,y,Male,1.719447617,0,No,0.076666666,0.09,6.420666667,11.04,1,0,0,6407,w,0.155747067,0,0,6421
DG5_F_9,DG5_F,DG5_F9_040221,7,DG5_F_10,0,Yes,Yes,Yes,y,Female,11.58758177,0.518373459,Yes,0.033333333,0.026666667,6.420666667,74.4,9,1,1,6407,w,1.401723601,0.155747067,0.082450263,6407
DG5_F_9,DG5_F,DG5_F9_040221,7,DG5_F_2,0,No,No,Yes,y,Male,1.208597238,0,No,0.11,0.05,6.420666667,7.76,1,0,0,6407,w,0.155747067,0,0,6421
DG5_F_9,DG5_F,DG5_F9_040221,7,DG5_F_3,0,No,No,Yes,y,Female,11.51905306,0.172791153,No,0.113333333,0.073333333,6.420666667,73.96,3,1,1,6407,w,0.4672412,0.155747067,0,6421
DG5_F_9,DG5_F,DG5_F9_040221,7,DG5_F_4,0,No,Yes,Yes,y,Female,13.86148894,0,No,0.053333333,0.043333333,6.420666667,89,12,2,0,6407,w,1.868964801,0.311494134,0,6421
DG5_F_9,DG5_F,DG5_F9_040221,7,DG5_F_5,0,No,No,No,y,Female,2.080780812,0,No,0.093333334,0.016666667,6.420666667,13.36,2,0,0,6407,w,0.311494134,0,0,6421
DG5_F_9,DG5_F,DG5_F9_040221,7,DG5_F_6,0,Yes,No,No,y,Male,0.660367563,0,No,0.103333333,0.043333333,6.420666667,4.24,1,0,0,6407,w,0.155747067,0,0,6407
DG5_F_9,DG5_F,DG5_F9_040221,7,DG5_F_7,0,Yes,No,No,y,Male,8.154916415,0.172791153,No,0.066666667,0.04,6.420666667,52.36,8,4,1,6407,w,1.245976534,0.622988267,0,6407
DG5_F_9,DG5_F,DG5_F9_040221,7,DG5_F_8,0,Yes,No,Yes,y,Male,7.500778735,0,No,0.103333333,0.013333333,6.420666667,48.16,4,2,0,6407,w,0.622988267,0.311494134,0,6407
DG5_F_5,DG5_F,DG5_F5_040221,8,DG5_F_1,1,Yes,No,Yes,n,Male,57.48263407,0,No,0.076666666,0.09,2.399333333,137.92,1,1,0,6421,w,0.41678244,0.41678244,0,6421
DG5_F_5,DG5_F,DG5_F5_040221,8,DG5_F_10,0,No,No,Yes,n,Female,4.634620729,0,No,0.033333333,0.026666667,2.399333333,11.12,2,1,0,6421,w,0.833564879,0.41678244,0,6407
DG5_F_5,DG5_F,DG5_F5_040221,8,DG5_F_2,0,Yes,No,Yes,n,Male,2.550708531,0,No,0.11,0.05,2.399333333,6.12,1,0,0,6421,w,0.41678244,0,0,6421
DG5_F_5,DG5_F,DG5_F5_040221,8,DG5_F_3,0,Yes,No,Yes,n,Female,0,0,No,0.113333333,0.073333333,NA,NA,NA,NA,0,6421,w,0,0,0,6421
DG5_F_5,DG5_F,DG5_F5_040221,8,DG5_F_4,0,Yes,No,Yes,n,Female,0,0,No,0.053333333,0.043333333,NA,NA,NA,NA,0,6421,w,0,0,0,6421
DG5_F_5,DG5_F,DG5_F5_040221,8,DG5_F_6,0,No,No,No,n,Male,3.417616005,0,No,0.103333333,0.043333333,2.399333333,8.2,1,0,0,6421,w,0.41678244,0,0,6407
DG5_F_5,DG5_F,DG5_F5_040221,8,DG5_F_7,0,No,No,No,n,Male,1.633787163,0,No,0.066666667,0.04,2.399333333,3.92,1,0,0,6421,w,0.41678244,0,0,6407
DG5_F_5,DG5_F,DG5_F5_040221,8,DG5_F_8,0,No,No,Yes,n,Male,0,0,No,0.103333333,0.013333333,NA,NA,NA,NA,0,6421,w,0,0,0,6407
DG5_F_5,DG5_F,DG5_F5_040221,8,DG5_F_9,0,No,No,Yes,n,Female,8.235621007,0,No,0.05,0.046666667,2.399333333,19.76,2,0,0,6421,w,0.833564879,0,0,6407
DG5_F_7,DG5_F,DG5_F7_050221,9,DG5_F_1,1,No,No,Yes,n,Male,52.87066246,0.172156548,Yes,0.076666666,0.09,0.634,33.52,1,0,1,6407,m,1.577287066,0,0.095642526,6421
DG5_F_7,DG5_F,DG5_F7_050221,9,DG5_F_10,0,Yes,No,Yes,n,Female,0,0,No,0.033333333,0.026666667,NA,NA,NA,NA,0,6407,m,0,0,0,6407
DG5_F_7,DG5_F,DG5_F7_050221,9,DG5_F_2,0,No,No,Yes,n,Male,0,0,No,0.11,0.05,NA,NA,NA,NA,0,6407,m,0,0,0,6421
DG5_F_7,DG5_F,DG5_F7_050221,9,DG5_F_3,0,No,No,Yes,n,Female,7.507886435,0,No,0.113333333,0.073333333,0.634,4.76,1,0,0,6407,m,1.577287066,0,0,6421
DG5_F_7,DG5_F,DG5_F7_050221,9,DG5_F_4,0,No,No,Yes,n,Female,0,0,No,0.053333333,0.043333333,NA,NA,NA,NA,0,6407,m,0,0,0,6421
DG5_F_7,DG5_F,DG5_F7_050221,9,DG5_F_5,0,No,No,Yes,n,Female,4.605678233,0,No,0.093333334,0.016666667,0.634,2.92,1,0,0,6407,m,1.577287066,0,0,6421
DG5_F_7,DG5_F,DG5_F7_050221,9,DG5_F_6,0,Yes,No,No,n,Male,0,0,No,0.103333333,0.043333333,NA,NA,NA,NA,0,6407,m,0,0,0,6407
DG5_F_7,DG5_F,DG5_F7_050221,9,DG5_F_8,0,Yes,No,Yes,n,Male,0,0,No,0.103333333,0.013333333,NA,NA,NA,NA,0,6407,m,0,0,0,6407
DG5_F_7,DG5_F,DG5_F7_050221,9,DG5_F_9,0,Yes,No,Yes,n,Female,31.23028391,0,No,0.05,0.046666667,0.634,19.8,1,0,0,6407,m,1.577287066,0,0,6407
DG5_F_6,DG5_F,DG5_F6_050221,10,DG5_F_1,0,No,No,Yes,n,Male,1.31,0.179447302,No,0.076666666,0.09,20,26.2,1,0,1,6407,m,0.05,0,0,6421
DG5_F_6,DG5_F,DG5_F6_050221,10,DG5_F_10,0,Yes,No,Yes,n,Female,5.178,0.179447302,No,0.033333333,0.026666667,20,103.56,4,1,1,6407,m,0.2,0.05,0,6407
DG5_F_6,DG5_F,DG5_F6_050221,10,DG5_F_2,0,No,No,Yes,n,Male,0.79,0,No,0.11,0.05,20,15.8,1,0,0,6407,m,0.05,0,0,6421
DG5_F_6,DG5_F,DG5_F6_050221,10,DG5_F_3,0,No,No,Yes,n,Female,44.53,0,No,0.113333333,0.073333333,20,890.6,4,4,0,6407,m,0.2,0.2,0,6421
DG5_F_6,DG5_F,DG5_F6_050221,10,DG5_F_4,0,No,No,Yes,n,Female,2.984,0,No,0.053333333,0.043333333,20,59.68,9,1,0,6407,m,0.45,0.05,0,6421
DG5_F_6,DG5_F,DG5_F6_050221,10,DG5_F_5,0,No,No,Yes,n,Female,2.556,0,No,0.093333334,0.016666667,20,51.12,2,0,0,6407,m,0.1,0,0,6421
DG5_F_6,DG5_F,DG5_F6_050221,10,DG5_F_7,0,Yes,No,Yes,n,Male,0.61,0,No,0.066666667,0.04,20,12.2,2,1,0,6407,m,0.1,0.05,0,6407
DG5_F_6,DG5_F,DG5_F6_050221,10,DG5_F_8,0,Yes,No,Yes,n,Male,0.392,0,No,0.103333333,0.013333333,20,7.84,1,0,0,6407,m,0.05,0,0,6407
DG5_F_6,DG5_F,DG5_F6_050221,10,DG5_F_9,0,Yes,No,Yes,n,Female,1.306,0,No,0.05,0.046666667,20,26.12,3,0,0,6407,m,0.15,0,0,6407
DG5_W_3,DG5_W,DG5_W3_010221,1,DG5_W_1,0,Yes,No,No,n,Male,4.742634008,0,No,0.1,0.0625,11.268,53.44,6,1,0,6420,w,0.532481363,0.088746894,0,6420
DG5_W_3,DG5_W,DG5_W3_010221,1,DG5_W_10,1,No,No,No,n,Female,11.59034434,0.173350283,Yes,0.0875,0.033333334,11.268,130.6,12,1,1,6420,w,1.064962726,0.088746894,0.019261143,6235
DG5_W_3,DG5_W,DG5_W3_010221,1,DG5_W_2,0,Yes,No,No,n,Male,1.057862975,0.346700566,No,0.075,0.05,11.268,11.92,1,0,1,6420,w,0.088746894,0,0,6420
DG5_W_3,DG5_W,DG5_W3_010221,1,DG5_W_4,0,Yes,No,No,n,Female,4.998225062,0,Yes,0.095833334,0.029166667,11.268,56.32,7,2,0,6420,w,0.621228257,0.177493788,0.019261143,6420
DG5_W_3,DG5_W,DG5_W3_010221,1,DG5_W_5,0,Yes,No,No,n,Female,2.850550231,0.346700566,No,0.095833333,0.058333333,11.268,32.12,4,0,1,6420,w,0.354987575,0,0,6420
DG5_W_3,DG5_W,DG5_W3_010221,1,DG5_W_6,0,No,No,No,n,Male,1.352502662,0,No,0.045833333,0.041666667,11.268,15.24,1,0,0,6420,w,0.088746894,0,0,6235
DG5_W_3,DG5_W,DG5_W3_010221,1,DG5_W_7,0,No,No,No,n,Male,0.422435215,0,No,0.05,0.054166667,11.268,4.76,1,0,0,6420,w,0.088746894,0,0,6235
DG5_W_3,DG5_W,DG5_W3_010221,1,DG5_W_8,0,No,No,No,n,Male,1.359602414,0,No,0.083333333,0.016666667,11.268,15.32,2,1,0,6420,w,0.177493788,0.088746894,0,6235
DG5_W_3,DG5_W,DG5_W3_010221,1,DG5_W_9,0,No,No,No,n,Female,0,0.173350283,No,0.054166667,0.041666667,11.268,0,0,0,1,6420,w,0,0,0,6235
DG5_W_8,DG5_W,DG5_W8_010221,2,DG5_W_1,0,No,No,No,n,Male,0,0,No,0.1,0.0625,NA,NA,NA,NA,0,6235,m,0,0,0,6420
DG5_W_8,DG5_W,DG5_W8_010221,2,DG5_W_10,0,Yes,No,No,n,Female,0,0,No,0.0875,0.033333334,NA,NA,NA,NA,0,6235,m,0,0,0,6235
DG5_W_8,DG5_W,DG5_W8_010221,2,DG5_W_2,0,No,No,No,n,Male,0,0.175397568,No,0.075,0.05,0.280666667,0,0,0,1,6235,m,0,0,0,6420
DG5_W_8,DG5_W,DG5_W8_010221,2,DG5_W_3,0,No,No,Yes,n,Female,0,0,No,0.108333333,0.158333333,NA,NA,NA,NA,0,6235,m,0,0,0,6420
DG5_W_8,DG5_W,DG5_W8_010221,2,DG5_W_4,1,No,No,No,n,Female,39.47743463,0,No,0.095833334,0.029166667,0.280666667,11.08,1,0,0,6235,m,3.562945364,0,0,6420
DG5_W_8,DG5_W,DG5_W8_010221,2,DG5_W_5,0,No,No,No,n,Female,0,0,No,0.095833333,0.058333333,NA,NA,NA,NA,0,6235,m,0,0,0,6420
DG5_W_8,DG5_W,DG5_W8_010221,2,DG5_W_6,0,Yes,No,No,n,Male,0,0,No,0.045833333,0.041666667,NA,NA,NA,NA,0,6235,m,0,0,0,6235
DG5_W_8,DG5_W,DG5_W8_010221,2,DG5_W_7,0,Yes,No,No,n,Male,0,0.175397568,Yes,0.05,0.054166667,0.280666667,0,0,0,1,6235,m,0,0,0.054578352,6235
DG5_W_8,DG5_W,DG5_W8_010221,2,DG5_W_9,0,Yes,No,No,n,Female,0,0,No,0.054166667,0.041666667,NA,NA,NA,NA,0,6235,m,0,0,0,6235
DG5_W_6,DG5_W,DG5_W6_020221,3,DG5_W_1,0,No,No,No,n,Male,5.424354241,0,No,0.1,0.0625,0.722666667,3.92,1,0,0,6235,m,1.383763837,0,0,6420
DG5_W_6,DG5_W,DG5_W6_020221,3,DG5_W_10,0,Yes,No,No,n,Female,34.2619926,0.172275181,No,0.0875,0.033333334,0.722666667,24.76,2,0,1,6235,m,2.767527674,0,0,6235
DG5_W_6,DG5_W,DG5_W6_020221,3,DG5_W_2,0,No,No,No,n,Male,0,0,No,0.075,0.05,NA,NA,NA,NA,0,6235,m,0,0,0,6420
DG5_W_6,DG5_W,DG5_W6_020221,3,DG5_W_3,0,No,No,Yes,n,Female,0,0,No,0.108333333,0.158333333,NA,NA,NA,NA,0,6235,m,0,0,0,6420
DG5_W_6,DG5_W,DG5_W6_020221,3,DG5_W_4,0,No,No,No,n,Female,21.80811807,0,No,0.095833334,0.029166667,0.722666667,15.76,2,0,0,6235,m,2.767527674,0,0,6420
DG5_W_6,DG5_W,DG5_W6_020221,3,DG5_W_5,0,No,No,No,n,Female,0,0.172275181,No,0.095833333,0.058333333,0.722666667,0,0,0,1,6235,m,0,0,0,6420
DG5_W_6,DG5_W,DG5_W6_020221,3,DG5_W_7,0,Yes,No,No,n,Male,0,0.172275181,No,0.05,0.054166667,0.722666667,0,0,0,1,6235,m,0,0,0,6235
DG5_W_6,DG5_W,DG5_W6_020221,3,DG5_W_8,0,Yes,No,Yes,n,Male,0,0,Yes,0.083333333,0.016666667,0.722666667,0,0,0,0,6235,m,0,0,0.056327467,6235
DG5_W_6,DG5_W,DG5_W6_020221,3,DG5_W_9,1,Yes,No,No,n,Female,33.15498153,0,Yes,0.054166667,0.041666667,0.722666667,23.96,1,1,0,6235,m,1.383763837,1.383763837,0.019141687,6235
DG5_W_4,DG5_W,DG5_W4_020221,4,DG5_W_1,0,Yes,No,No,y,Male,0,0,No,0.1,0.0625,NA,NA,NA,NA,0,6420,w,0,0,0,6420
DG5_W_4,DG5_W,DG5_W4_020221,4,DG5_W_10,0,No,No,No,y,Female,0,0,No,0.0875,0.033333334,NA,NA,NA,NA,0,6420,w,0,0,0,6235
DG5_W_4,DG5_W,DG5_W4_020221,4,DG5_W_2,0,Yes,No,No,y,Male,0,0,No,0.075,0.05,NA,NA,NA,NA,0,6420,w,0,0,0,6420
DG5_W_4,DG5_W,DG5_W4_020221,4,DG5_W_3,0,Yes,No,Yes,y,Female,0,0,No,0.108333333,0.158333333,NA,NA,NA,NA,0,6420,w,0,0,0,6420
DG5_W_4,DG5_W,DG5_W4_020221,4,DG5_W_5,0,Yes,No,No,y,Female,0,0,No,0.095833333,0.058333333,NA,NA,NA,NA,0,6420,w,0,0,0,6420
DG5_W_4,DG5_W,DG5_W4_020221,4,DG5_W_6,0,No,No,Yes,y,Male,0,0,No,0.045833333,0.041666667,NA,NA,NA,NA,0,6420,w,0,0,0,6235
DG5_W_4,DG5_W,DG5_W4_020221,4,DG5_W_7,0,No,No,No,y,Male,0,0,No,0.05,0.054166667,NA,NA,NA,NA,0,6420,w,0,0,0,6235
DG5_W_4,DG5_W,DG5_W4_020221,4,DG5_W_8,0,No,Yes,Yes,y,Male,0,0,No,0.083333333,0.016666667,NA,NA,NA,NA,0,6420,w,0,0,0,6235
DG5_W_4,DG5_W,DG5_W4_020221,4,DG5_W_9,1,No,No,No,y,Female,26.56654584,0,No,0.054166667,0.041666667,1.287333333,34.2,4,0,0,6420,w,3.107198344,0,0,6235
DG5_W_7,DG5_W,DG5_W7_030221,5,DG5_W_1,0,No,No,No,n,Male,0,0,No,0.1,0.0625,NA,NA,NA,NA,0,6235,m,0,0,0,6420
DG5_W_7,DG5_W,DG5_W7_030221,5,DG5_W_10,0,Yes,No,No,n,Female,0,0.174357782,No,0.0875,0.033333334,1.714666667,0,0,0,1,6235,m,0,0,0,6235
DG5_W_7,DG5_W,DG5_W7_030221,5,DG5_W_2,0,No,No,No,n,Male,0,0,No,0.075,0.05,NA,NA,NA,NA,0,6235,m,0,0,0,6420
DG5_W_7,DG5_W,DG5_W7_030221,5,DG5_W_3,0,No,No,Yes,n,Female,0,0,No,0.108333333,0.158333333,NA,NA,NA,NA,0,6235,m,0,0,0,6420
DG5_W_7,DG5_W,DG5_W7_030221,5,DG5_W_4,0,No,No,Yes,n,Female,0,0,No,0.095833334,0.029166667,NA,NA,NA,NA,0,6235,m,0,0,0,6420
DG5_W_7,DG5_W,DG5_W7_030221,5,DG5_W_5,0,No,No,No,n,Female,0,0,No,0.095833333,0.058333333,NA,NA,NA,NA,0,6235,m,0,0,0,6420
DG5_W_7,DG5_W,DG5_W7_030221,5,DG5_W_6,0,Yes,No,Yes,n,Male,0,0.174357782,No,0.045833333,0.041666667,1.714666667,0,0,0,1,6235,m,0,0,0,6235
DG5_W_7,DG5_W,DG5_W7_030221,5,DG5_W_8,0,Yes,No,Yes,n,Male,3.522550544,0,No,0.083333333,0.016666667,1.714666667,6.04,1,1,0,6235,m,0.583203732,0.583203732,0,6235
DG5_W_7,DG5_W,DG5_W7_030221,5,DG5_W_9,1,Yes,No,No,n,Female,13.74027994,0,No,0.054166667,0.041666667,1.714666667,23.56,2,0,0,6235,m,1.166407465,0,0,6235
DG5_W_2,DG5_W,DG5_W2_040221,6,DG5_W_1,0,Yes,No,No,n,Male,0,0,No,0.1,0.0625,NA,NA,NA,NA,0,6420,m,0,0,0,6420
DG5_W_2,DG5_W,DG5_W2_040221,6,DG5_W_10,0,No,No,No,n,Female,0,0,No,0.0875,0.033333334,NA,NA,NA,NA,0,6420,m,0,0,0,6235
DG5_W_2,DG5_W,DG5_W2_040221,6,DG5_W_3,0,Yes,No,Yes,n,Female,0,0,No,0.108333333,0.158333333,NA,NA,NA,NA,0,6420,m,0,0,0,6420
DG5_W_2,DG5_W,DG5_W2_040221,6,DG5_W_4,0,Yes,No,Yes,n,Female,0,0.167336011,No,0.095833334,0.029166667,5.184,0,0,0,1,6420,m,0,0,0,6420
DG5_W_2,DG5_W,DG5_W2_040221,6,DG5_W_5,0,Yes,No,No,n,Female,0,0,Yes,0.095833333,0.058333333,5.184,0,0,0,0,6420,m,0,0,0.01859289,6420
DG5_W_2,DG5_W,DG5_W2_040221,6,DG5_W_6,1,No,No,Yes,n,Male,8.87345679,0,No,0.045833333,0.041666667,5.184,46,5,4,0,6420,m,0.964506173,0.771604938,0,6235
DG5_W_2,DG5_W,DG5_W2_040221,6,DG5_W_7,0,No,No,Yes,n,Male,0,0.334672021,No,0.05,0.054166667,5.184,0,0,0,1,6420,m,0,0,0,6235
DG5_W_2,DG5_W,DG5_W2_040221,6,DG5_W_8,0,No,No,Yes,n,Male,5.270061728,0,No,0.083333333,0.016666667,5.184,27.32,3,1,0,6420,m,0.578703704,0.192901235,0,6235
DG5_W_2,DG5_W,DG5_W2_040221,6,DG5_W_9,0,No,No,No,n,Female,5.771604938,0,No,0.054166667,0.041666667,5.184,29.92,2,1,0,6420,m,0.385802469,0.192901235,0,6235
DG5_W_10,DG5_W,DG5_W10_040221,7,DG5_W_1,0,No,No,No,y,Male,0,0,No,0.1,0.0625,NA,NA,NA,NA,0,6235,w,0,0,0,6420
DG5_W_10,DG5_W,DG5_W10_040221,7,DG5_W_2,0,No,No,Yes,y,Male,0,0,No,0.075,0.05,NA,NA,NA,NA,0,6235,w,0,0,0,6420
DG5_W_10,DG5_W,DG5_W10_040221,7,DG5_W_3,1,No,Yes,Yes,y,Female,30.75,0.303459438,No,0.108333333,0.158333333,0.16,4.92,1,0,1,6235,w,6.25,0,0,6420
DG5_W_10,DG5_W,DG5_W10_040221,7,DG5_W_4,0,No,No,Yes,y,Female,0,0,No,0.095833334,0.029166667,NA,NA,NA,NA,0,6235,w,0,0,0,6420
DG5_W_10,DG5_W,DG5_W10_040221,7,DG5_W_5,0,No,No,No,y,Female,0,0,No,0.095833333,0.058333333,NA,NA,NA,NA,0,6235,w,0,0,0,6420
DG5_W_10,DG5_W,DG5_W10_040221,7,DG5_W_6,0,Yes,No,Yes,y,Male,0,0,Yes,0.045833333,0.041666667,0.16,0,0,0,0,6235,w,0,0,0.033717715,6235
DG5_W_10,DG5_W,DG5_W10_040221,7,DG5_W_7,0,Yes,No,Yes,y,Male,0,0,No,0.05,0.054166667,NA,NA,NA,NA,0,6235,w,0,0,0,6235
DG5_W_10,DG5_W,DG5_W10_040221,7,DG5_W_8,0,Yes,No,Yes,y,Male,0,0.303459438,No,0.083333333,0.016666667,0.16,0,0,0,1,6235,w,0,0,0,6235
DG5_W_10,DG5_W,DG5_W10_040221,7,DG5_W_9,0,Yes,No,No,y,Female,0,0.151729719,No,0.054166667,0.041666667,0.16,0,0,0,1,6235,w,0,0,0,6235
DG5_W_9,DG5_W,DG5_W9_040221,8,DG5_W_1,0,No,No,No,y,Male,2.423659533,0,No,0.1,0.0625,2.772666667,6.72,1,0,0,6235,w,0.360663621,0,0,6420
DG5_W_9,DG5_W,DG5_W9_040221,8,DG5_W_10,0,Yes,No,Yes,y,Female,10.11300793,0,No,0.0875,0.033333334,2.772666667,28.04,2,0,0,6235,w,0.721327242,0,0,6235
DG5_W_9,DG5_W,DG5_W9_040221,8,DG5_W_2,0,No,No,Yes,y,Male,7.775907669,0,No,0.075,0.05,2.772666667,21.56,4,0,0,6235,w,1.442654484,0,0,6420
DG5_W_9,DG5_W,DG5_W9_040221,8,DG5_W_3,0,No,No,Yes,y,Female,34.42173599,0,No,0.108333333,0.158333333,2.772666667,95.44,8,1,0,6235,w,2.885308968,0.360663621,0,6420
DG5_W_9,DG5_W,DG5_W9_040221,8,DG5_W_4,0,No,Yes,Yes,y,Female,9.997595575,0,No,0.095833334,0.029166667,2.772666667,27.72,3,0,0,6235,w,1.081990863,0,0,6420
DG5_W_9,DG5_W,DG5_W9_040221,8,DG5_W_5,0,No,No,No,y,Female,9.117576339,0,No,0.095833333,0.058333333,2.772666667,25.28,4,1,0,6235,w,1.442654484,0.360663621,0,6420
DG5_W_9,DG5_W,DG5_W9_040221,8,DG5_W_6,0,Yes,Yes,Yes,y,Male,15.39312335,0,No,0.045833333,0.041666667,2.772666667,42.68,4,0,0,6235,w,1.442654484,0,0,6235
DG5_W_9,DG5_W,DG5_W9_040221,8,DG5_W_7,1,Yes,Yes,Yes,y,Male,22.41163741,0,No,0.05,0.054166667,2.772666667,62.14,6,0,0,6235,w,2.163981726,0,0,6235
DG5_W_9,DG5_W,DG5_W9_040221,8,DG5_W_8,0,Yes,No,Yes,y,Male,0,0,No,0.083333333,0.016666667,NA,NA,NA,NA,0,6235,w,0,0,0,6235
DG5_W_1,DG5_W,DG5_W1_050221,9,DG5_W_10,0,No,No,Yes,n,Female,0,0,No,0.0875,0.033333334,NA,NA,NA,NA,0,6420,m,0,0,0,6235
DG5_W_1,DG5_W,DG5_W1_050221,9,DG5_W_2,0,Yes,No,Yes,n,Male,0,0,No,0.075,0.05,NA,NA,NA,NA,0,6420,m,0,0,0,6420
DG5_W_1,DG5_W,DG5_W1_050221,9,DG5_W_3,0,Yes,No,Yes,n,Female,0,0,No,0.108333333,0.158333333,NA,NA,NA,NA,0,6420,m,0,0,0,6420
DG5_W_1,DG5_W,DG5_W1_050221,9,DG5_W_4,0,Yes,No,Yes,n,Female,8.745387462,0.17541808,No,0.095833334,0.029166667,0.361333333,3.16,1,0,1,6420,m,2.767527678,0,0,6420
DG5_W_1,DG5_W,DG5_W1_050221,9,DG5_W_5,0,Yes,No,No,n,Female,0,0,No,0.095833333,0.058333333,NA,NA,NA,NA,0,6420,m,0,0,0,6420
DG5_W_1,DG5_W,DG5_W1_050221,9,DG5_W_6,0,No,No,Yes,n,Male,0,0,No,0.045833333,0.041666667,NA,NA,NA,NA,0,6420,m,0,0,0,6235
DG5_W_1,DG5_W,DG5_W1_050221,9,DG5_W_7,1,No,No,Yes,n,Male,26.34686349,0,No,0.05,0.054166667,0.361333333,9.52,1,1,0,6420,m,2.767527678,2.767527678,0,6235
DG5_W_1,DG5_W,DG5_W1_050221,9,DG5_W_8,0,No,No,Yes,n,Male,0,0,No,0.083333333,0.016666667,NA,NA,NA,NA,0,6420,m,0,0,0,6235
DG5_W_1,DG5_W,DG5_W1_050221,9,DG5_W_9,0,No,No,Yes,n,Female,0,0.17541808,No,0.054166667,0.041666667,0.361333333,0,0,0,1,6420,m,0,0,0,6235
DG5_W_5,DG5_W,DG5_W5_050221,10,DG5_W_1,0,Yes,No,Yes,n,Male,0,0,No,0.1,0.0625,NA,NA,NA,NA,0,6420,w,0,0,0,6420
DG5_W_5,DG5_W,DG5_W5_050221,10,DG5_W_10,0,No,No,Yes,n,Female,0,0,No,0.0875,0.033333334,NA,NA,NA,NA,0,6420,w,0,0,0,6235
DG5_W_5,DG5_W,DG5_W5_050221,10,DG5_W_2,0,Yes,No,Yes,n,Male,0,0,No,0.075,0.05,NA,NA,NA,NA,0,6420,w,0,0,0,6420
DG5_W_5,DG5_W,DG5_W5_050221,10,DG5_W_3,0,Yes,No,Yes,n,Female,7.356580427,0,Yes,0.108333333,0.158333333,1.778,13.08,3,0,0,6420,w,1.687289089,0,0.068807449,6420
DG5_W_5,DG5_W,DG5_W5_050221,10,DG5_W_4,0,Yes,No,Yes,n,Female,0,0,No,0.095833334,0.029166667,NA,NA,NA,NA,0,6420,w,0,0,0,6420
DG5_W_5,DG5_W,DG5_W5_050221,10,DG5_W_6,1,No,No,Yes,n,Male,21.50731159,0,No,0.045833333,0.041666667,1.778,38.24,4,2,0,6420,w,2.249718785,1.124859393,0,6235
DG5_W_5,DG5_W,DG5_W5_050221,10,DG5_W_7,0,No,No,Yes,n,Male,0,0,No,0.05,0.054166667,NA,NA,NA,NA,0,6420,w,0,0,0,6235
DG5_W_5,DG5_W,DG5_W5_050221,10,DG5_W_8,0,No,No,Yes,n,Male,0,0.164077882,No,0.083333333,0.016666667,1.778,0,0,0,1,6420,w,0,0,0,6235
DG5_W_5,DG5_W,DG5_W5_050221,10,DG5_W_9,0,No,No,Yes,n,Female,7.941507312,0,No,0.054166667,0.041666667,1.778,14.12,2,0,0,6420,w,1.124859393,0,0,6235
