trapped.pig.uniq.id,sow,sex,group.trapped.pig.order,location.test.box,interval_count,interval.dur,number.of.intervals,next.min.status,screams.binom,escape.binom,door.binom,window.binom,screams,escapes,invest.door,invest.window,outcome1,outcome2,lat.helped.min,trapped.date,uniq.group,time.trial.begins,change.cort,time.post.sample,interval_time,stremodo,distress.num,distress.binom,distress.wstrem.num,distress.wstrem.binom,invest.window.sq.z,time.trial.begins.z,group.trapped.pig.order.z,tstop,tstart
DG2_F_2,6232,Female,3,Front,1,60,12,trapped,0,0,0,1,0,0,0,4,Helped,Full_trial,11.55,08.09.20,Batch1_A,12.47,NA,NA,56.92-116.92,0,0,0,0,0,1.0475439941887923,0.42571117474440356,-0.5720822780835633,1,0
DG2_F_2,6232,Female,3,Front,2,60,12,trapped,0,0,1,1,0,0,2,5,Helped,Full_trial,11.55,08.09.20,Batch1_A,12.47,NA,NA,116.92-176.92,0,0,0,0,0,1.2998621535048758,0.42571117474440356,-0.5720822780835633,2,1
DG2_F_2,6232,Female,3,Front,3,60,12,trapped,0,0,0,0,0,0,0,0,Helped,Full_trial,11.55,08.09.20,Batch1_A,12.47,NA,NA,176.92-236.92,1,0,0,1,1,-1.090129755452311,0.42571117474440356,-0.5720822780835633,3,2
DG2_F_2,6232,Female,3,Front,4,60,12,trapped,0,0,0,0,0,0,0,0,Helped,Full_trial,11.55,08.09.20,Batch1_A,12.47,NA,NA,236.92-296.92,0,0,0,0,0,-1.090129755452311,0.42571117474440356,-0.5720822780835633,4,3
DG2_F_2,6232,Female,3,Front,5,60,12,trapped,0,0,1,1,0,0,1,1,Helped,Full_trial,11.55,08.09.20,Batch1_A,12.47,NA,NA,296.92-356.92,0,0,0,0,0,-0.02129288063175944,0.42571117474440356,-0.5720822780835633,5,4
DG2_F_2,6232,Female,3,Front,6,60,12,trapped,0,0,0,1,0,0,0,1,Helped,Full_trial,11.55,08.09.20,Batch1_A,12.47,NA,NA,356.92-416.92,0,0,0,0,0,-0.02129288063175944,0.42571117474440356,-0.5720822780835633,6,5
DG2_F_2,6232,Female,3,Front,7,60,12,trapped,0,0,0,0,0,0,0,0,Helped,Full_trial,11.55,08.09.20,Batch1_A,12.47,NA,NA,416.92-476.92,1,0,0,1,1,-1.090129755452311,0.42571117474440356,-0.5720822780835633,7,6
DG2_F_2,6232,Female,3,Front,8,60,12,trapped,0,0,0,0,0,0,0,0,Helped,Full_trial,11.55,08.09.20,Batch1_A,12.47,NA,NA,476.92-536.92,1,0,0,1,1,-1.090129755452311,0.42571117474440356,-0.5720822780835633,8,7
DG2_F_2,6232,Female,3,Front,9,60,12,trapped,0,0,0,0,0,0,0,0,Helped,Full_trial,11.55,08.09.20,Batch1_A,12.47,NA,NA,536.92-596.92,1,0,0,1,1,-1.090129755452311,0.42571117474440356,-0.5720822780835633,9,8
DG2_F_2,6232,Female,3,Front,10,60,12,trapped,0,0,0,0,0,0,0,0,Helped,Full_trial,11.55,08.09.20,Batch1_A,12.47,NA,NA,596.92-656.92,4,0,0,4,1,-1.090129755452311,0.42571117474440356,-0.5720822780835633,10,9
DG2_F_2,6232,Female,3,Front,11,60,12,free,0,0,0,0,0,0,0,0,Helped,Full_trial,11.55,08.09.20,Batch1_A,12.47,NA,NA,656.92-716.92,1,0,0,1,1,-1.090129755452311,0.42571117474440356,-0.5720822780835633,11,10
DG2_F_3,6232,Female,1,Side,1,60,20,trapped,1,1,1,1,2,3,2,6,Not helped,Full_trial,20,07.09.20,Batch1_A,10.16666667,-3.341,10.91666667,95.2-155.2,0,5,1,3,1,1.5279752061290577,-0.9967968911583147,-1.2871851256880176,1,0
DG2_F_3,6232,Female,1,Side,2,60,20,trapped,1,0,1,1,2,0,1,3,Not helped,Full_trial,20,07.09.20,Batch1_A,10.16666667,-3.341,10.91666667,155.2-215.2,1,2,1,1,1,0.7611500167400203,-0.9967968911583147,-1.2871851256880176,2,1
DG2_F_3,6232,Female,1,Side,3,60,20,trapped,0,1,1,1,0,1,1,4,Not helped,Full_trial,20,07.09.20,Batch1_A,10.16666667,-3.341,10.91666667,215.2-275.2,0,1,1,1,1,1.0475439941887923,-0.9967968911583147,-1.2871851256880176,3,2
DG2_F_3,6232,Female,1,Side,4,60,20,trapped,1,0,1,1,1,0,1,3,Not helped,Full_trial,20,07.09.20,Batch1_A,10.16666667,-3.341,10.91666667,275.2-335.2,0,1,1,0,0,0.7611500167400203,-0.9967968911583147,-1.2871851256880176,4,3
DG2_F_3,6232,Female,1,Side,5,60,20,trapped,0,0,0,1,0,0,0,1,Not helped,Full_trial,20,07.09.20,Batch1_A,10.16666667,-3.341,10.91666667,335.2-395.2,0,0,0,0,0,-0.02129288063175944,-0.9967968911583147,-1.2871851256880176,5,4
DG2_F_3,6232,Female,1,Side,6,60,20,trapped,0,0,0,0,0,0,0,0,Not helped,Full_trial,20,07.09.20,Batch1_A,10.16666667,-3.341,10.91666667,395.2-455.2,0,0,0,0,0,-1.090129755452311,-0.9967968911583147,-1.2871851256880176,6,5
DG2_F_3,6232,Female,1,Side,7,60,20,trapped,0,0,0,0,0,0,0,0,Not helped,Full_trial,20,07.09.20,Batch1_A,10.16666667,-3.341,10.91666667,455.2-515.2,0,0,0,0,0,-1.090129755452311,-0.9967968911583147,-1.2871851256880176,7,6
DG2_F_3,6232,Female,1,Side,8,60,20,trapped,0,0,0,0,0,0,0,0,Not helped,Full_trial,20,07.09.20,Batch1_A,10.16666667,-3.341,10.91666667,515.2-575.2,0,0,0,0,0,-1.090129755452311,-0.9967968911583147,-1.2871851256880176,8,7
DG2_F_3,6232,Female,1,Side,9,60,20,trapped,0,0,0,0,0,0,0,0,Not helped,Full_trial,20,07.09.20,Batch1_A,10.16666667,-3.341,10.91666667,575.2-635.2,0,0,0,0,0,-1.090129755452311,-0.9967968911583147,-1.2871851256880176,9,8
DG2_F_3,6232,Female,1,Side,10,60,20,trapped,0,0,0,0,0,0,0,0,Not helped,Full_trial,20,07.09.20,Batch1_A,10.16666667,-3.341,10.91666667,635.2-695.2,0,0,0,0,0,-1.090129755452311,-0.9967968911583147,-1.2871851256880176,10,9
DG2_F_3,6232,Female,1,Side,11,60,20,trapped,0,0,0,0,0,0,0,0,Not helped,Full_trial,20,07.09.20,Batch1_A,10.16666667,-3.341,10.91666667,695.2-755.2,1,0,0,1,1,-1.090129755452311,-0.9967968911583147,-1.2871851256880176,11,10
DG2_F_3,6232,Female,1,Side,12,60,20,trapped,0,0,0,0,0,0,0,0,Not helped,Full_trial,20,07.09.20,Batch1_A,10.16666667,-3.341,10.91666667,755.2-815.2,0,0,0,0,0,-1.090129755452311,-0.9967968911583147,-1.2871851256880176,12,11
DG2_F_3,6232,Female,1,Side,13,60,20,trapped,0,0,0,0,0,0,0,0,Not helped,Full_trial,20,07.09.20,Batch1_A,10.16666667,-3.341,10.91666667,815.2-875.2,0,0,0,0,0,-1.090129755452311,-0.9967968911583147,-1.2871851256880176,13,12
DG2_F_3,6232,Female,1,Side,14,60,20,trapped,0,0,0,0,0,0,0,0,Not helped,Full_trial,20,07.09.20,Batch1_A,10.16666667,-3.341,10.91666667,875.2-935.2,0,0,0,0,0,-1.090129755452311,-0.9967968911583147,-1.2871851256880176,14,13
DG2_F_3,6232,Female,1,Side,15,60,20,trapped,0,0,0,0,0,0,0,0,Not helped,Full_trial,20,07.09.20,Batch1_A,10.16666667,-3.341,10.91666667,935.2-995.2,0,0,0,0,0,-1.090129755452311,-0.9967968911583147,-1.2871851256880176,15,14
DG2_F_3,6232,Female,1,Side,16,60,20,trapped,0,0,0,0,0,0,0,0,Not helped,Full_trial,20,07.09.20,Batch1_A,10.16666667,-3.341,10.91666667,995.2-1055.2,0,0,0,0,0,-1.090129755452311,-0.9967968911583147,-1.2871851256880176,16,15
DG2_F_3,6232,Female,1,Side,17,60,20,trapped,0,0,0,0,0,0,0,0,Not helped,Full_trial,20,07.09.20,Batch1_A,10.16666667,-3.341,10.91666667,1055.2-1115.2,0,0,0,0,0,-1.090129755452311,-0.9967968911583147,-1.2871851256880176,17,16
DG2_F_3,6232,Female,1,Side,18,60,20,trapped,0,0,0,0,0,0,0,0,Not helped,Full_trial,20,07.09.20,Batch1_A,10.16666667,-3.341,10.91666667,1115.2-1175.2,0,0,0,0,0,-1.090129755452311,-0.9967968911583147,-1.2871851256880176,18,17
DG2_F_3,6232,Female,1,Side,19,60,20,trapped,0,0,0,0,0,0,0,0,Not helped,Full_trial,20,07.09.20,Batch1_A,10.16666667,-3.341,10.91666667,1175.2-1235.2,0,0,0,0,0,-1.090129755452311,-0.9967968911583147,-1.2871851256880176,19,18
DG2_F_4,6235,Male,6,Side,1,60,4,trapped,1,1,1,1,4,3,2,4,Helped,Full_trial,3.688166667,09.09.20,Batch1_A,10.43333333,5.082,10.88333333,80.96-140.96,0,7,1,3,1,1.0475439941887923,-0.8321071044840873,0.5005719933231182,1,0
DG2_F_4,6235,Male,6,Side,2,60,4,trapped,1,1,0,1,3,1,0,2,Helped,Full_trial,3.688166667,09.09.20,Batch1_A,10.43333333,5.082,10.88333333,140.96-200.96,0,4,1,1,1,0.4214338488833872,-0.8321071044840873,0.5005719933231182,2,1
DG2_F_4,6235,Male,6,Side,3,60,4,free,1,0,1,1,3,0,2,2,Helped,Full_trial,3.688166667,09.09.20,Batch1_A,10.43333333,5.082,10.88333333,200.96-260.96,1,3,1,1,1,0.4214338488833872,-0.8321071044840873,0.5005719933231182,3,2
DG2_F_5,6235,Male,7,Side,1,60,2,free,0,1,1,1,0,1,1,5,Helped,Full_trial,1.216166667,10.09.20,Batch1_A,11.66666667,2.832,12.06666667,40.84-100.84,0,1,1,1,1,1.2998621535048758,-0.0704168179562843,0.8581234171253452,1,0
DG2_F_6,6235,Female,2,Front,1,60,20,trapped,0,1,1,1,0,1,2,4,Not helped,Full_trial,20,07.09.20,Batch1_A,11.5,1.53,12.33333333,104.64-164.64,0,1,1,1,1,1.0475439941887923,-0.17334793925957653,-0.9296337018857904,1,0
DG2_F_6,6235,Female,2,Front,2,60,20,trapped,0,1,1,1,0,2,1,5,Not helped,Full_trial,20,07.09.20,Batch1_A,11.5,1.53,12.33333333,164.64-224.64,0,2,1,2,1,1.2998621535048758,-0.17334793925957653,-0.9296337018857904,2,1
DG2_F_6,6235,Female,2,Front,3,60,20,trapped,0,1,0,1,0,3,0,3,Not helped,Full_trial,20,07.09.20,Batch1_A,11.5,1.53,12.33333333,224.64-284.64,1,3,1,4,1,0.7611500167400203,-0.17334793925957653,-0.9296337018857904,3,2
DG2_F_6,6235,Female,2,Front,4,60,20,trapped,0,0,1,1,0,0,1,2,Not helped,Full_trial,20,07.09.20,Batch1_A,11.5,1.53,12.33333333,284.64-344.64,0,0,0,0,0,0.4214338488833872,-0.17334793925957653,-0.9296337018857904,4,3
DG2_F_6,6235,Female,2,Front,5,60,20,trapped,1,0,0,1,1,0,0,3,Not helped,Full_trial,20,07.09.20,Batch1_A,11.5,1.53,12.33333333,344.64-404.64,1,1,1,1,1,0.7611500167400203,-0.17334793925957653,-0.9296337018857904,5,4
DG2_F_6,6235,Female,2,Front,6,60,20,trapped,0,0,1,0,0,0,1,0,Not helped,Full_trial,20,07.09.20,Batch1_A,11.5,1.53,12.33333333,404.64-464.64,1,0,0,1,1,-1.090129755452311,-0.17334793925957653,-0.9296337018857904,6,5
DG2_F_6,6235,Female,2,Front,7,60,20,trapped,0,0,0,1,0,0,0,1,Not helped,Full_trial,20,07.09.20,Batch1_A,11.5,1.53,12.33333333,464.64-524.64,0,0,0,0,0,-0.02129288063175944,-0.17334793925957653,-0.9296337018857904,7,6
DG2_F_6,6235,Female,2,Front,8,60,20,trapped,0,0,0,0,0,0,0,0,Not helped,Full_trial,20,07.09.20,Batch1_A,11.5,1.53,12.33333333,524.64-584.64,0,0,0,0,0,-1.090129755452311,-0.17334793925957653,-0.9296337018857904,8,7
DG2_F_6,6235,Female,2,Front,9,60,20,trapped,0,0,0,0,0,0,0,0,Not helped,Full_trial,20,07.09.20,Batch1_A,11.5,1.53,12.33333333,584.64-644.64,0,0,0,0,0,-1.090129755452311,-0.17334793925957653,-0.9296337018857904,9,8
DG2_F_6,6235,Female,2,Front,10,60,20,trapped,0,0,0,1,0,0,0,1,Not helped,Full_trial,20,07.09.20,Batch1_A,11.5,1.53,12.33333333,644.64-704.64,0,0,0,0,0,-0.02129288063175944,-0.17334793925957653,-0.9296337018857904,10,9
DG2_F_6,6235,Female,2,Front,11,60,20,trapped,0,0,0,0,0,0,0,0,Not helped,Full_trial,20,07.09.20,Batch1_A,11.5,1.53,12.33333333,704.64-764.64,0,0,0,0,0,-1.090129755452311,-0.17334793925957653,-0.9296337018857904,11,10
DG2_F_6,6235,Female,2,Front,12,60,20,trapped,0,0,0,0,0,0,0,0,Not helped,Full_trial,20,07.09.20,Batch1_A,11.5,1.53,12.33333333,764.64-824.64,0,0,0,0,0,-1.090129755452311,-0.17334793925957653,-0.9296337018857904,12,11
DG2_F_6,6235,Female,2,Front,13,60,20,trapped,0,0,0,0,0,0,0,0,Not helped,Full_trial,20,07.09.20,Batch1_A,11.5,1.53,12.33333333,824.64-884.64,0,0,0,0,0,-1.090129755452311,-0.17334793925957653,-0.9296337018857904,13,12
DG2_F_6,6235,Female,2,Front,14,60,20,trapped,0,0,0,0,0,0,0,0,Not helped,Full_trial,20,07.09.20,Batch1_A,11.5,1.53,12.33333333,884.64-944.64,0,0,0,0,0,-1.090129755452311,-0.17334793925957653,-0.9296337018857904,14,13
DG2_F_6,6235,Female,2,Front,15,60,20,trapped,0,0,0,0,0,0,0,0,Not helped,Full_trial,20,07.09.20,Batch1_A,11.5,1.53,12.33333333,944.64-1004.64,0,0,0,0,0,-1.090129755452311,-0.17334793925957653,-0.9296337018857904,15,14
DG2_F_6,6235,Female,2,Front,16,60,20,trapped,0,0,0,0,0,0,0,0,Not helped,Full_trial,20,07.09.20,Batch1_A,11.5,1.53,12.33333333,1004.64-1064.64,0,0,0,0,0,-1.090129755452311,-0.17334793925957653,-0.9296337018857904,16,15
DG2_F_6,6235,Female,2,Front,17,60,20,trapped,0,0,0,0,0,0,0,0,Not helped,Full_trial,20,07.09.20,Batch1_A,11.5,1.53,12.33333333,1064.64-1124.64,0,0,0,0,0,-1.090129755452311,-0.17334793925957653,-0.9296337018857904,17,16
DG2_F_6,6235,Female,2,Front,18,60,20,trapped,0,0,0,0,0,0,0,0,Not helped,Full_trial,20,07.09.20,Batch1_A,11.5,1.53,12.33333333,1124.64-1184.64,0,0,0,0,0,-1.090129755452311,-0.17334793925957653,-0.9296337018857904,18,17
DG2_F_6,6235,Female,2,Front,19,60,20,trapped,0,0,0,0,0,0,0,0,Not helped,Full_trial,20,07.09.20,Batch1_A,11.5,1.53,12.33333333,1184.64-1244.64,1,0,0,1,1,-1.090129755452311,-0.17334793925957653,-0.9296337018857904,19,18
DG2_F_7,5952,Male,4,Side,1,60,21,trapped,0,1,1,1,0,1,3,5,Not helped,Full_trial,20,08.09.20,Batch1_A,13.68333333,-1.083,14.5,50.48-110.48,0,1,1,1,1,1.2998621535048758,1.1750497207869788,-0.21453085428133617,1,0
DG2_F_7,5952,Male,4,Side,2,60,21,trapped,0,0,1,1,0,0,1,1,Not helped,Full_trial,20,08.09.20,Batch1_A,13.68333333,-1.083,14.5,110.48-170.48,1,0,0,1,1,-0.02129288063175944,1.1750497207869788,-0.21453085428133617,2,1
DG2_F_7,5952,Male,4,Side,3,60,21,trapped,0,0,0,1,0,0,0,6,Not helped,Full_trial,20,08.09.20,Batch1_A,13.68333333,-1.083,14.5,170.48-230.48,0,0,0,0,0,1.5279752061290577,1.1750497207869788,-0.21453085428133617,3,2
DG2_F_7,5952,Male,4,Side,4,60,21,trapped,0,0,0,1,0,0,0,2,Not helped,Full_trial,20,08.09.20,Batch1_A,13.68333333,-1.083,14.5,230.48-290.48,0,0,0,0,0,0.4214338488833872,1.1750497207869788,-0.21453085428133617,4,3
DG2_F_7,5952,Male,4,Side,5,60,21,trapped,0,0,0,1,0,0,0,1,Not helped,Full_trial,20,08.09.20,Batch1_A,13.68333333,-1.083,14.5,290.48-350.48,0,0,0,0,0,-0.02129288063175944,1.1750497207869788,-0.21453085428133617,5,4
DG2_F_7,5952,Male,4,Side,6,60,21,trapped,0,0,0,1,0,0,0,3,Not helped,Full_trial,20,08.09.20,Batch1_A,13.68333333,-1.083,14.5,350.48-410.48,1,0,0,1,1,0.7611500167400203,1.1750497207869788,-0.21453085428133617,6,5
DG2_F_7,5952,Male,4,Side,7,60,21,trapped,0,0,0,0,0,0,0,0,Not helped,Full_trial,20,08.09.20,Batch1_A,13.68333333,-1.083,14.5,410.48-470.48,0,0,0,0,0,-1.090129755452311,1.1750497207869788,-0.21453085428133617,7,6
DG2_F_7,5952,Male,4,Side,8,60,21,trapped,0,0,0,0,0,0,0,0,Not helped,Full_trial,20,08.09.20,Batch1_A,13.68333333,-1.083,14.5,470.48-530.48,0,0,0,0,0,-1.090129755452311,1.1750497207869788,-0.21453085428133617,8,7
DG2_F_7,5952,Male,4,Side,9,60,21,trapped,0,0,0,0,0,0,0,0,Not helped,Full_trial,20,08.09.20,Batch1_A,13.68333333,-1.083,14.5,530.48-590.48,0,0,0,0,0,-1.090129755452311,1.1750497207869788,-0.21453085428133617,9,8
DG2_F_7,5952,Male,4,Side,10,60,21,trapped,0,0,0,0,0,0,0,0,Not helped,Full_trial,20,08.09.20,Batch1_A,13.68333333,-1.083,14.5,590.48-650.48,2,0,0,2,1,-1.090129755452311,1.1750497207869788,-0.21453085428133617,10,9
DG2_F_7,5952,Male,4,Side,11,60,21,trapped,0,0,0,1,0,0,0,7,Not helped,Full_trial,20,08.09.20,Batch1_A,13.68333333,-1.083,14.5,650.48-710.48,0,0,0,0,0,1.7377468074183433,1.1750497207869788,-0.21453085428133617,11,10
DG2_F_7,5952,Male,4,Side,12,60,21,trapped,0,0,0,0,0,0,0,0,Not helped,Full_trial,20,08.09.20,Batch1_A,13.68333333,-1.083,14.5,710.48-770.48,0,0,0,0,0,-1.090129755452311,1.1750497207869788,-0.21453085428133617,12,11
DG2_F_7,5952,Male,4,Side,13,60,21,trapped,0,0,0,1,0,0,0,1,Not helped,Full_trial,20,08.09.20,Batch1_A,13.68333333,-1.083,14.5,770.48-830.48,0,0,0,0,0,-0.02129288063175944,1.1750497207869788,-0.21453085428133617,13,12
DG2_F_7,5952,Male,4,Side,14,60,21,trapped,0,0,0,1,0,0,0,1,Not helped,Full_trial,20,08.09.20,Batch1_A,13.68333333,-1.083,14.5,830.48-890.48,0,0,0,0,0,-0.02129288063175944,1.1750497207869788,-0.21453085428133617,14,13
DG2_F_7,5952,Male,4,Side,15,60,21,trapped,0,0,0,0,0,0,0,0,Not helped,Full_trial,20,08.09.20,Batch1_A,13.68333333,-1.083,14.5,890.48-950.48,0,0,0,0,0,-1.090129755452311,1.1750497207869788,-0.21453085428133617,15,14
DG2_F_7,5952,Male,4,Side,16,60,21,trapped,0,0,0,1,0,0,0,1,Not helped,Full_trial,20,08.09.20,Batch1_A,13.68333333,-1.083,14.5,950.48-1010.48,0,0,0,0,0,-0.02129288063175944,1.1750497207869788,-0.21453085428133617,16,15
DG2_F_7,5952,Male,4,Side,17,60,21,trapped,0,0,0,0,0,0,0,0,Not helped,Full_trial,20,08.09.20,Batch1_A,13.68333333,-1.083,14.5,1010.48-1070.48,0,0,0,0,0,-1.090129755452311,1.1750497207869788,-0.21453085428133617,17,16
DG2_F_7,5952,Male,4,Side,18,60,21,trapped,0,0,0,0,0,0,0,0,Not helped,Full_trial,20,08.09.20,Batch1_A,13.68333333,-1.083,14.5,1070.48-1130.48,0,0,0,0,0,-1.090129755452311,1.1750497207869788,-0.21453085428133617,18,17
DG2_F_7,5952,Male,4,Side,19,60,21,trapped,0,0,0,0,0,0,0,0,Not helped,Full_trial,20,08.09.20,Batch1_A,13.68333333,-1.083,14.5,1130.48-1190.48,0,0,0,0,0,-1.090129755452311,1.1750497207869788,-0.21453085428133617,19,18
DG2_F_8,5952,Male,8,Front,1,60,2,free,0,1,1,1,0,1,3,3,Helped,Full_trial,1.598833333,10.09.20,Batch1_A,12.8,-0.401,13.13333333,93.4-153.4,0,1,1,1,1,0.7611500167400203,0.6295147908488503,1.2156748409275724,1,0
DG2_F_9,5952,Female,5,Front,1,60,4,trapped,0,0,1,1,0,0,1,4,Helped,Full_trial,3.872166667,09.09.20,Batch1_A,9.483333333,2.039,9.966666667,87.2-147.2,0,0,0,0,0,1.0475439941887923,-1.418814482325947,0.14302056952089098,1,0
DG2_F_9,5952,Female,5,Front,2,60,4,trapped,0,0,1,1,0,0,1,5,Helped,Full_trial,3.872166667,09.09.20,Batch1_A,9.483333333,2.039,9.966666667,147.2-207.2,0,0,0,0,0,1.2998621535048758,-1.418814482325947,0.14302056952089098,2,1
DG2_F_9,5952,Female,5,Front,3,60,4,free,1,1,1,1,2,2,1,3,Helped,Full_trial,3.872166667,09.09.20,Batch1_A,9.483333333,2.039,9.966666667,207.2-267.2,0,4,1,2,1,0.7611500167400203,-1.418814482325947,0.14302056952089098,3,2
DG2_W_1,6142,Male,1,Side,1,60,5,trapped,0,0,0,1,0,0,0,4,Helped,Full_trial,5.1755,07.09.20,Batch1_B,14.75,2.362,15.16666667,343.68-403.68,2,0,0,2,1,1.0475439941887923,1.8338088860114894,-1.2871851256880176,1,0
DG2_W_1,6142,Male,1,Side,2,60,5,trapped,0,0,1,0,0,0,1,0,Helped,Full_trial,5.1755,07.09.20,Batch1_B,14.75,2.362,15.16666667,403.68-463.68,1,0,0,1,1,-1.090129755452311,1.8338088860114894,-1.2871851256880176,2,1
DG2_W_1,6142,Male,1,Side,3,60,5,trapped,0,0,1,1,0,0,1,2,Helped,Full_trial,5.1755,07.09.20,Batch1_B,14.75,2.362,15.16666667,463.68-523.68,1,0,0,1,1,0.4214338488833872,1.8338088860114894,-1.2871851256880176,3,2
DG2_W_1,6142,Male,1,Side,4,60,5,trapped,0,0,1,0,0,0,1,0,Helped,Full_trial,5.1755,07.09.20,Batch1_B,14.75,2.362,15.16666667,523.68-583.68,1,0,0,1,1,-1.090129755452311,1.8338088860114894,-1.2871851256880176,4,3
DG2_W_5,5931,Male,4,Front,1,60,2,free,0,1,1,1,0,1,2,7,Helped,Full_trial,1.356833333,08.09.20,Batch1_B,10.51666667,0.589,10.93333333,46.08-106.08,0,1,1,1,1,1.7377468074183433,-0.7806415407445079,-0.21453085428133617,1,0
DG3_F_2,6271,Male,6,Side,1,60,20,trapped,1,0,0,1,1,0,0,1,Not helped,Full_trial,20,21.10.20,Batch2_A,11.5,4.01,12.08333333,99.8-159.8,0,1,1,0,0,-0.02129288063175944,-0.17334793925957653,0.5005719933231182,1,0
DG3_F_2,6271,Male,6,Side,2,60,20,trapped,1,1,0,0,4,1,0,0,Not helped,Full_trial,20,21.10.20,Batch2_A,11.5,4.01,12.08333333,159.8-219.8,1,5,1,2,1,-1.090129755452311,-0.17334793925957653,0.5005719933231182,2,1
DG3_F_2,6271,Male,6,Side,3,60,20,trapped,0,0,0,0,0,0,0,0,Not helped,Full_trial,20,21.10.20,Batch2_A,11.5,4.01,12.08333333,219.8-279.8,0,0,0,0,0,-1.090129755452311,-0.17334793925957653,0.5005719933231182,3,2
DG3_F_2,6271,Male,6,Side,4,60,20,trapped,1,0,1,0,6,0,1,0,Not helped,Full_trial,20,21.10.20,Batch2_A,11.5,4.01,12.08333333,279.8-339.8,0,6,1,0,0,-1.090129755452311,-0.17334793925957653,0.5005719933231182,4,3
DG3_F_2,6271,Male,6,Side,5,60,20,trapped,1,0,1,0,5,0,1,0,Not helped,Full_trial,20,21.10.20,Batch2_A,11.5,4.01,12.08333333,339.8-399.8,1,5,1,1,1,-1.090129755452311,-0.17334793925957653,0.5005719933231182,5,4
DG3_F_2,6271,Male,6,Side,6,60,20,trapped,1,0,0,0,1,0,0,0,Not helped,Full_trial,20,21.10.20,Batch2_A,11.5,4.01,12.08333333,399.8-459.8,0,1,1,0,0,-1.090129755452311,-0.17334793925957653,0.5005719933231182,6,5
DG3_F_2,6271,Male,6,Side,7,60,20,trapped,0,0,1,1,0,0,1,2,Not helped,Full_trial,20,21.10.20,Batch2_A,11.5,4.01,12.08333333,459.8-519.8,0,0,0,0,0,0.4214338488833872,-0.17334793925957653,0.5005719933231182,7,6
DG3_F_2,6271,Male,6,Side,8,60,20,trapped,0,0,0,0,0,0,0,0,Not helped,Full_trial,20,21.10.20,Batch2_A,11.5,4.01,12.08333333,519.8-579.8,1,0,0,1,1,-1.090129755452311,-0.17334793925957653,0.5005719933231182,8,7
DG3_F_2,6271,Male,6,Side,9,60,20,trapped,0,0,0,0,0,0,0,0,Not helped,Full_trial,20,21.10.20,Batch2_A,11.5,4.01,12.08333333,579.8-639.8,0,0,0,0,0,-1.090129755452311,-0.17334793925957653,0.5005719933231182,9,8
DG3_F_2,6271,Male,6,Side,10,60,20,trapped,0,0,0,0,0,0,0,0,Not helped,Full_trial,20,21.10.20,Batch2_A,11.5,4.01,12.08333333,639.8-699.8,1,0,0,1,1,-1.090129755452311,-0.17334793925957653,0.5005719933231182,10,9
DG3_F_2,6271,Male,6,Side,11,60,20,trapped,0,0,0,1,0,0,0,1,Not helped,Full_trial,20,21.10.20,Batch2_A,11.5,4.01,12.08333333,699.8-759.8,0,0,0,0,0,-0.02129288063175944,-0.17334793925957653,0.5005719933231182,11,10
DG3_F_2,6271,Male,6,Side,12,60,20,trapped,0,0,0,1,0,0,0,1,Not helped,Full_trial,20,21.10.20,Batch2_A,11.5,4.01,12.08333333,759.8-819.8,0,0,0,0,0,-0.02129288063175944,-0.17334793925957653,0.5005719933231182,12,11
DG3_F_2,6271,Male,6,Side,13,60,20,trapped,0,0,0,1,0,0,0,1,Not helped,Full_trial,20,21.10.20,Batch2_A,11.5,4.01,12.08333333,819.8-879.8,2,0,0,2,1,-0.02129288063175944,-0.17334793925957653,0.5005719933231182,13,12
DG3_F_2,6271,Male,6,Side,14,60,20,trapped,0,0,0,0,0,0,0,0,Not helped,Full_trial,20,21.10.20,Batch2_A,11.5,4.01,12.08333333,879.8-939.8,1,0,0,1,1,-1.090129755452311,-0.17334793925957653,0.5005719933231182,14,13
DG3_F_2,6271,Male,6,Side,15,60,20,trapped,0,0,0,0,0,0,0,0,Not helped,Full_trial,20,21.10.20,Batch2_A,11.5,4.01,12.08333333,939.8-999.8,1,0,0,1,1,-1.090129755452311,-0.17334793925957653,0.5005719933231182,15,14
DG3_F_2,6271,Male,6,Side,16,60,20,trapped,0,0,1,1,0,0,1,1,Not helped,Full_trial,20,21.10.20,Batch2_A,11.5,4.01,12.08333333,999.8-1059.8,0,0,0,0,0,-0.02129288063175944,-0.17334793925957653,0.5005719933231182,16,15
DG3_F_2,6271,Male,6,Side,17,60,20,trapped,0,0,0,1,0,0,0,3,Not helped,Full_trial,20,21.10.20,Batch2_A,11.5,4.01,12.08333333,1059.8-1119.8,0,0,0,0,0,0.7611500167400203,-0.17334793925957653,0.5005719933231182,17,16
DG3_F_2,6271,Male,6,Side,18,60,20,trapped,0,0,0,1,0,0,0,1,Not helped,Full_trial,20,21.10.20,Batch2_A,11.5,4.01,12.08333333,1119.8-1179.8,0,0,0,0,0,-0.02129288063175944,-0.17334793925957653,0.5005719933231182,18,17
DG3_F_2,6271,Male,6,Side,19,60,20,trapped,0,0,1,1,0,0,3,1,Not helped,Full_trial,20,21.10.20,Batch2_A,11.5,4.01,12.08333333,1179.8-1239.8,0,0,0,0,0,-0.02129288063175944,-0.17334793925957653,0.5005719933231182,19,18
DG3_F_3,6271,Female,10,Side,1,60,2,free,0,1,1,1,0,1,1,4,Helped,Full_trial,1.586833333,23.10.20,Batch2_A,10.31666667,2.036,10.6,67.12-127.12,0,1,1,1,1,1.0475439941887923,-0.9041588838381115,1.9307776885320267,1,0
DG3_F_5,6271,Female,4,Front,1,60,14,trapped,0,0,0,1,0,0,0,5,Helped,Full_trial,13.5295,20.10.20,Batch2_A,13.96666667,2.022,14.43333333,63-123,2,0,0,2,1,1.2998621535048758,1.3500326276201629,-0.21453085428133617,1,0
DG3_F_5,6271,Female,4,Front,2,60,14,trapped,0,1,1,1,0,1,1,6,Helped,Full_trial,13.5295,20.10.20,Batch2_A,13.96666667,2.022,14.43333333,123-183,0,1,1,1,1,1.5279752061290577,1.3500326276201629,-0.21453085428133617,2,1
DG3_F_5,6271,Female,4,Front,3,60,14,trapped,1,1,0,1,3,3,0,3,Helped,Full_trial,13.5295,20.10.20,Batch2_A,13.96666667,2.022,14.43333333,183-243,0,6,1,3,1,0.7611500167400203,1.3500326276201629,-0.21453085428133617,3,2
DG3_F_5,6271,Female,4,Front,4,60,14,trapped,0,0,0,1,0,0,0,3,Helped,Full_trial,13.5295,20.10.20,Batch2_A,13.96666667,2.022,14.43333333,243-303,0,0,0,0,0,0.7611500167400203,1.3500326276201629,-0.21453085428133617,4,3
DG3_F_5,6271,Female,4,Front,5,60,14,trapped,0,0,0,0,0,0,0,0,Helped,Full_trial,13.5295,20.10.20,Batch2_A,13.96666667,2.022,14.43333333,303-363,0,0,0,0,0,-1.090129755452311,1.3500326276201629,-0.21453085428133617,5,4
DG3_F_5,6271,Female,4,Front,6,60,14,trapped,0,0,0,1,0,0,0,1,Helped,Full_trial,13.5295,20.10.20,Batch2_A,13.96666667,2.022,14.43333333,363-423,0,0,0,0,0,-0.02129288063175944,1.3500326276201629,-0.21453085428133617,6,5
DG3_F_5,6271,Female,4,Front,7,60,14,trapped,1,1,1,1,1,1,2,2,Helped,Full_trial,13.5295,20.10.20,Batch2_A,13.96666667,2.022,14.43333333,423-483,2,2,1,3,1,0.4214338488833872,1.3500326276201629,-0.21453085428133617,7,6
DG3_F_5,6271,Female,4,Front,8,60,14,trapped,0,0,0,1,0,0,0,1,Helped,Full_trial,13.5295,20.10.20,Batch2_A,13.96666667,2.022,14.43333333,483-543,1,0,0,1,1,-0.02129288063175944,1.3500326276201629,-0.21453085428133617,8,7
DG3_F_5,6271,Female,4,Front,9,60,14,trapped,1,0,0,0,2,0,0,0,Helped,Full_trial,13.5295,20.10.20,Batch2_A,13.96666667,2.022,14.43333333,543-603,1,2,1,1,1,-1.090129755452311,1.3500326276201629,-0.21453085428133617,9,8
DG3_F_5,6271,Female,4,Front,10,60,14,trapped,0,0,0,0,0,0,0,0,Helped,Full_trial,13.5295,20.10.20,Batch2_A,13.96666667,2.022,14.43333333,603-663,1,0,0,1,1,-1.090129755452311,1.3500326276201629,-0.21453085428133617,10,9
DG3_F_5,6271,Female,4,Front,11,60,14,trapped,0,0,0,0,0,0,0,0,Helped,Full_trial,13.5295,20.10.20,Batch2_A,13.96666667,2.022,14.43333333,663-723,0,0,0,0,0,-1.090129755452311,1.3500326276201629,-0.21453085428133617,11,10
DG3_F_5,6271,Female,4,Front,12,60,14,trapped,0,0,0,0,0,0,0,0,Helped,Full_trial,13.5295,20.10.20,Batch2_A,13.96666667,2.022,14.43333333,723-783,1,0,0,1,1,-1.090129755452311,1.3500326276201629,-0.21453085428133617,12,11
DG3_F_5,6271,Female,4,Front,13,60,14,free,0,0,0,0,0,0,0,0,Helped,Full_trial,13.5295,20.10.20,Batch2_A,13.96666667,2.022,14.43333333,783-843,2,0,0,2,1,-1.090129755452311,1.3500326276201629,-0.21453085428133617,13,12
DG3_F_6,6369,Male,3,Side,1,60,4,trapped,1,1,1,1,5,4,2,2,Not helped,Aborted_trial,3.3,20.10.20,Batch2_A,13.16666667,0.499,13.5,45.92-105.92,3,9,1,7,1,0.4214338488833872,0.8559632552457461,-0.5720822780835633,1,0
DG3_F_6,6369,Male,3,Side,2,60,4,trapped,1,1,0,1,6,4,0,5,Not helped,Aborted_trial,3.3,20.10.20,Batch2_A,13.16666667,0.499,13.5,105.92-165.92,3,10,1,7,1,1.2998621535048758,0.8559632552457461,-0.5720822780835633,2,1
DG3_F_6,6369,Male,3,Side,3,60,4,trapped,1,1,1,0,5,3,1,0,Not helped,Aborted_trial,3.3,20.10.20,Batch2_A,13.16666667,0.499,13.5,165.92-225.92,3,8,1,6,1,-1.090129755452311,0.8559632552457461,-0.5720822780835633,3,2
DG3_F_7,6369,Male,5,Front,1,60,2,free,0,1,1,1,0,1,3,4,Helped,Full_trial,1.378166667,21.10.20,Batch2_A,10.83333333,3.156,11.13333333,48-108,0,1,1,1,1,1.0475439941887923,-0.585072418296879,0.14302056952089098,1,0
DG3_F_8,6369,Male,7,Side,1,60,5,trapped,1,1,1,1,4,1,1,4,Helped,Full_trial,5.026833333,22.10.20,Batch2_A,14.15,4.69,14.5,182.76-242.76,0,5,1,1,1,1.0475439941887923,1.4632568567306774,0.8581234171253452,1,0
DG3_F_8,6369,Male,7,Side,2,60,5,trapped,1,0,1,1,6,0,2,3,Helped,Full_trial,5.026833333,22.10.20,Batch2_A,14.15,4.69,14.5,242.76-302.76,2,6,1,2,1,0.7611500167400203,1.4632568567306774,0.8581234171253452,2,1
DG3_F_8,6369,Male,7,Side,3,60,5,trapped,1,1,1,1,2,1,1,1,Helped,Full_trial,5.026833333,22.10.20,Batch2_A,14.15,4.69,14.5,302.76-362.76,0,3,1,1,1,-0.02129288063175944,1.4632568567306774,0.8581234171253452,3,2
DG3_F_8,6369,Male,7,Side,4,60,5,trapped,1,1,0,1,2,2,0,1,Helped,Full_trial,5.026833333,22.10.20,Batch2_A,14.15,4.69,14.5,362.76-422.76,1,4,1,3,1,-0.02129288063175944,1.4632568567306774,0.8581234171253452,4,3
DG3_F_9,6369,Female,1,Front,1,60,11,trapped,0,0,1,1,0,0,2,5,Helped,Full_trial,10.24616667,19.10.20,Batch2_A,10.03333333,5.597,10.58333333,38.76-98.76,0,0,0,0,0,1.2998621535048758,-1.0791417906712957,-1.2871851256880176,1,0
DG3_F_9,6369,Female,1,Front,2,60,11,trapped,0,1,1,1,0,1,1,3,Helped,Full_trial,10.24616667,19.10.20,Batch2_A,10.03333333,5.597,10.58333333,98.76-158.76,0,1,1,1,1,0.7611500167400203,-1.0791417906712957,-1.2871851256880176,2,1
DG3_F_9,6369,Female,1,Front,3,60,11,trapped,0,1,1,1,0,2,1,2,Helped,Full_trial,10.24616667,19.10.20,Batch2_A,10.03333333,5.597,10.58333333,158.76-218.76,1,2,1,3,1,0.4214338488833872,-1.0791417906712957,-1.2871851256880176,3,2
DG3_F_9,6369,Female,1,Front,4,60,11,trapped,0,1,1,1,0,2,2,1,Helped,Full_trial,10.24616667,19.10.20,Batch2_A,10.03333333,5.597,10.58333333,218.76-278.76,1,2,1,3,1,-0.02129288063175944,-1.0791417906712957,-1.2871851256880176,4,3
DG3_F_9,6369,Female,1,Front,5,60,11,trapped,0,1,0,1,0,2,0,1,Helped,Full_trial,10.24616667,19.10.20,Batch2_A,10.03333333,5.597,10.58333333,278.76-338.76,0,2,1,2,1,-0.02129288063175944,-1.0791417906712957,-1.2871851256880176,5,4
DG3_F_9,6369,Female,1,Front,6,60,11,trapped,0,1,0,1,0,2,0,4,Helped,Full_trial,10.24616667,19.10.20,Batch2_A,10.03333333,5.597,10.58333333,338.76-398.76,0,2,1,2,1,1.0475439941887923,-1.0791417906712957,-1.2871851256880176,6,5
DG3_F_9,6369,Female,1,Front,7,60,11,trapped,0,1,1,1,0,1,1,2,Helped,Full_trial,10.24616667,19.10.20,Batch2_A,10.03333333,5.597,10.58333333,398.76-458.76,0,1,1,1,1,0.4214338488833872,-1.0791417906712957,-1.2871851256880176,7,6
DG3_F_9,6369,Female,1,Front,8,60,11,trapped,0,0,0,0,0,0,0,0,Helped,Full_trial,10.24616667,19.10.20,Batch2_A,10.03333333,5.597,10.58333333,458.76-518.76,2,0,0,2,1,-1.090129755452311,-1.0791417906712957,-1.2871851256880176,8,7
DG3_F_9,6369,Female,1,Front,9,60,11,trapped,0,1,0,1,0,1,0,2,Helped,Full_trial,10.24616667,19.10.20,Batch2_A,10.03333333,5.597,10.58333333,518.76-578.76,0,1,1,1,1,0.4214338488833872,-1.0791417906712957,-1.2871851256880176,9,8
DG3_F_9,6369,Female,1,Front,10,60,11,free,0,1,1,1,0,2,3,4,Helped,Full_trial,10.24616667,19.10.20,Batch2_A,10.03333333,5.597,10.58333333,578.76-638.76,3,2,1,5,1,1.0475439941887923,-1.0791417906712957,-1.2871851256880176,10,9
DG3_W_1,6079,Male,4,Front,1,60,2,trapped,0,1,1,1,0,1,1,5,Not helped,Full_trial,20,20.10.20,Batch2_B,10.46666667,4.779,11.25,86.4000000000001-146.4,0,1,1,1,1,1.2998621535048758,-0.8115208765179083,-0.21453085428133617,1,0
DG3_W_1,6079,Male,4,Front,2,60,21,trapped,0,0,1,1,0,0,1,4,Not helped,Full_trial,20,20.10.20,Batch2_B,10.46666667,4.779,11.25,146.4-206.4,0,0,0,0,0,1.0475439941887923,-0.8115208765179083,-0.21453085428133617,2,1
DG3_W_1,6079,Male,4,Front,3,60,21,trapped,0,0,0,1,0,0,0,2,Not helped,Full_trial,20,20.10.20,Batch2_B,10.46666667,4.779,11.25,206.4-266.4,0,0,0,0,0,0.4214338488833872,-0.8115208765179083,-0.21453085428133617,3,2
DG3_W_1,6079,Male,4,Front,4,60,21,trapped,0,0,0,1,0,0,0,1,Not helped,Full_trial,20,20.10.20,Batch2_B,10.46666667,4.779,11.25,266.4-326.4,0,0,0,0,0,-0.02129288063175944,-0.8115208765179083,-0.21453085428133617,4,3
DG3_W_1,6079,Male,4,Front,5,60,21,trapped,0,0,0,1,0,0,0,1,Not helped,Full_trial,20,20.10.20,Batch2_B,10.46666667,4.779,11.25,326.4-386.4,1,0,0,1,1,-0.02129288063175944,-0.8115208765179083,-0.21453085428133617,5,4
DG3_W_1,6079,Male,4,Front,6,60,21,trapped,0,0,0,0,0,0,0,0,Not helped,Full_trial,20,20.10.20,Batch2_B,10.46666667,4.779,11.25,386.4-446.4,0,0,0,0,0,-1.090129755452311,-0.8115208765179083,-0.21453085428133617,6,5
DG3_W_1,6079,Male,4,Front,7,60,21,trapped,0,0,0,0,0,0,0,0,Not helped,Full_trial,20,20.10.20,Batch2_B,10.46666667,4.779,11.25,446.4-506.4,0,0,0,0,0,-1.090129755452311,-0.8115208765179083,-0.21453085428133617,7,6
DG3_W_1,6079,Male,4,Front,8,60,21,trapped,0,0,0,0,0,0,0,0,Not helped,Full_trial,20,20.10.20,Batch2_B,10.46666667,4.779,11.25,506.4-566.4,0,0,0,0,0,-1.090129755452311,-0.8115208765179083,-0.21453085428133617,8,7
DG3_W_1,6079,Male,4,Front,9,60,21,trapped,0,0,0,0,0,0,0,0,Not helped,Full_trial,20,20.10.20,Batch2_B,10.46666667,4.779,11.25,566.4-626.4,0,0,0,0,0,-1.090129755452311,-0.8115208765179083,-0.21453085428133617,9,8
DG3_W_1,6079,Male,4,Front,10,60,21,trapped,0,0,0,0,0,0,0,0,Not helped,Full_trial,20,20.10.20,Batch2_B,10.46666667,4.779,11.25,626.4-686.4,0,0,0,0,0,-1.090129755452311,-0.8115208765179083,-0.21453085428133617,10,9
DG3_W_1,6079,Male,4,Front,11,60,21,trapped,0,0,0,1,0,0,0,1,Not helped,Full_trial,20,20.10.20,Batch2_B,10.46666667,4.779,11.25,686.4-746.4,0,0,0,0,0,-0.02129288063175944,-0.8115208765179083,-0.21453085428133617,11,10
DG3_W_1,6079,Male,4,Front,12,60,21,trapped,0,0,0,0,0,0,0,0,Not helped,Full_trial,20,20.10.20,Batch2_B,10.46666667,4.779,11.25,746.4-806.4,0,0,0,0,0,-1.090129755452311,-0.8115208765179083,-0.21453085428133617,12,11
DG3_W_1,6079,Male,4,Front,13,60,21,trapped,0,0,0,0,0,0,0,0,Not helped,Full_trial,20,20.10.20,Batch2_B,10.46666667,4.779,11.25,806.4-866.4,0,0,0,0,0,-1.090129755452311,-0.8115208765179083,-0.21453085428133617,13,12
DG3_W_1,6079,Male,4,Front,14,60,21,trapped,0,0,0,0,0,0,0,0,Not helped,Full_trial,20,20.10.20,Batch2_B,10.46666667,4.779,11.25,866.4-926.4,0,0,0,0,0,-1.090129755452311,-0.8115208765179083,-0.21453085428133617,14,13
DG3_W_1,6079,Male,4,Front,15,60,21,trapped,0,0,0,0,0,0,0,0,Not helped,Full_trial,20,20.10.20,Batch2_B,10.46666667,4.779,11.25,926.4-986.4,0,0,0,0,0,-1.090129755452311,-0.8115208765179083,-0.21453085428133617,15,14
DG3_W_1,6079,Male,4,Front,16,60,21,trapped,0,0,0,0,0,0,0,0,Not helped,Full_trial,20,20.10.20,Batch2_B,10.46666667,4.779,11.25,986.4-1046.4,0,0,0,0,0,-1.090129755452311,-0.8115208765179083,-0.21453085428133617,16,15
DG3_W_1,6079,Male,4,Front,17,60,21,trapped,0,0,0,0,0,0,0,0,Not helped,Full_trial,20,20.10.20,Batch2_B,10.46666667,4.779,11.25,1046.4-1106.4,0,0,0,0,0,-1.090129755452311,-0.8115208765179083,-0.21453085428133617,17,16
DG3_W_1,6079,Male,4,Front,18,60,21,trapped,0,0,0,1,0,0,0,1,Not helped,Full_trial,20,20.10.20,Batch2_B,10.46666667,4.779,11.25,1106.4-1166.4,0,0,0,0,0,-0.02129288063175944,-0.8115208765179083,-0.21453085428133617,18,17
DG3_W_1,6079,Male,4,Front,19,60,21,trapped,0,0,0,1,0,0,0,1,Not helped,Full_trial,20,20.10.20,Batch2_B,10.46666667,4.779,11.25,1166.4-1226.4,0,0,0,0,0,-0.02129288063175944,-0.8115208765179083,-0.21453085428133617,19,18
DG3_W_10,6073,Female,7,Side,1,60,21,free,1,0,1,1,2,0,2,6,Helped,Full_trial,1.878833333,22.10.20,Batch2_B,9.633333333,1.541,9.916666667,87-147,2,2,1,2,1,1.5279752061290577,-1.3261764750057436,0.8581234171253452,1,0
DG3_W_2,6079,Male,1,Front,1,60,3,trapped,1,1,1,1,10,2,4,7,Helped,Full_trial,2.816166667,19.10.20,Batch2_B,13.8,12.064,14.16666667,76.64-136.64,3,12,1,5,1,1.7377468074183433,1.2471015063168707,-1.2871851256880176,1,0
DG3_W_2,6079,Male,1,Front,2,60,3,free,1,1,1,1,9,4,1,3,Helped,Full_trial,2.816166667,19.10.20,Batch2_B,13.8,12.064,14.16666667,136.64-196.64,6,13,1,10,1,0.7611500167400203,1.2471015063168707,-1.2871851256880176,2,1
DG3_W_4,6079,Female,3,Side,1,60,4,trapped,1,1,1,1,3,2,2,6,Helped,Full_trial,3.738166667,20.10.20,Batch2_B,9.6,7.417,9.916666667,67.12-127.12,1,5,1,3,1,1.5279752061290577,-1.3467626986488153,-0.5720822780835633,1,0
DG3_W_4,6079,Female,3,Side,2,60,4,trapped,1,1,1,1,4,1,4,3,Helped,Full_trial,3.738166667,20.10.20,Batch2_B,9.6,7.417,9.916666667,127.12-187.12,2,5,1,3,1,0.7611500167400203,-1.3467626986488153,-0.5720822780835633,2,1
DG3_W_4,6079,Female,3,Side,3,60,4,free,1,1,1,1,7,1,2,3,Helped,Full_trial,3.738166667,20.10.20,Batch2_B,9.6,7.417,9.916666667,187.12-247.12,4,8,1,5,1,0.7611500167400203,-1.3467626986488153,-0.5720822780835633,3,2
DG3_W_6,6073,Male,10,Front,1,60,3,trapped,0,1,0,1,0,1,0,2,Helped,Full_trial,3.0355,23.10.20,Batch2_B,13.33333333,1.079,13.63333333,92.84-152.84,0,1,1,1,1,0.4214338488833872,0.9588943703731718,1.9307776885320267,1,0
DG3_W_6,6073,Male,10,Front,2,60,3,trapped,1,0,1,1,1,0,1,3,Helped,Full_trial,3.0355,23.10.20,Batch2_B,13.33333333,1.079,13.63333333,152.84-212.84,0,1,1,0,0,0.7611500167400203,0.9588943703731718,1.9307776885320267,2,1
DG3_W_7,6073,Male,2,Side,1,60,2,trapped,0,1,1,0,0,2,1,0,Helped,Full_trial,2.040833333,19.10.20,Batch2_B,14.46666667,2.472,14.75,95.8-155.8,2,2,1,4,1,-1.090129755452311,1.658825985354173,-0.9296337018857904,1,0
DG3_W_8,6073,Male,8,Front,1,60,3,trapped,0,1,1,1,0,2,6,10,Helped,Full_trial,2.398833333,22.10.20,Batch2_B,10.33333333,0.578,10.63333333,57.68-117.68,0,2,1,2,1,2.2898292161569063,-0.8938657760308891,1.2156748409275724,1,0
DG3_W_8,6073,Male,8,Front,2,60,3,free,0,0,1,1,0,0,1,2,Helped,Full_trial,2.398833333,22.10.20,Batch2_B,10.33333333,0.578,10.63333333,117.68-177.68,1,0,0,1,1,0.4214338488833872,-0.8938657760308891,1.2156748409275724,2,1
DG3_W_9,6073,Female,5,Front,1,60,2,free,1,1,1,1,2,1,3,4,Helped,Full_trial,1.526166667,21.10.20,Batch2_B,14.61666667,1.266,14.91666667,56.28-116.28,1,3,1,2,1,1.0475439941887923,1.7514639926743762,0.14302056952089098,1,0
DG4_F_1,6099,Male,8,Side,1,60,3,trapped,0,1,1,1,0,1,3,9,Helped,Full_trial,2.318666667,03.12.20,Batch3_A,10.31666667,2.509,10.83333333,38-98,0,1,1,1,1,2.116380869009344,-0.9041588838381115,1.2156748409275724,1,0
DG4_F_1,6099,Male,8,Side,2,60,3,free,0,0,1,1,0,0,3,4,Helped,Full_trial,2.318666667,03.12.20,Batch3_A,10.31666667,2.509,10.83333333,98-158,0,0,0,0,0,1.0475439941887923,-0.9041588838381115,1.2156748409275724,2,1
DG4_F_10,6188,Female,9,Side,1,60,3,trapped,1,1,1,1,1,2,1,4,Helped,Full_trial,3.100666667,04.12.20,Batch3_A,13.05,3.285,13.38333333,95.32-155.32,0,3,1,2,1,1.0475439941887923,0.7839114697158553,1.5732262647297997,1,0
DG4_F_10,6188,Female,9,Side,2,60,3,trapped,1,1,0,1,4,6,0,2,Helped,Full_trial,3.100666667,04.12.20,Batch3_A,13.05,3.285,13.38333333,155.32-215.32,2,10,1,8,1,0.4214338488833872,0.7839114697158553,1.5732262647297997,2,1
DG4_F_2,6099,Male,10,Front,1,60,3,trapped,0,1,1,1,0,1,2,7,Helped,Full_trial,2.263333333,04.12.20,Batch3_A,13.86666667,1.31,14.25,27.24-87.24,1,1,1,2,1,1.7377468074183433,1.2882739560733611,1.9307776885320267,1,0
DG4_F_2,6099,Male,10,Front,2,60,3,free,0,1,0,1,0,2,0,2,Helped,Full_trial,2.263333333,04.12.20,Batch3_A,13.86666667,1.31,14.25,87.24-147.24,1,2,1,3,1,0.4214338488833872,1.2882739560733611,1.9307776885320267,2,1
DG4_F_3,6099,Male,1,Side,1,60,2,free,0,1,1,1,0,1,3,6,Helped,Full_trial,1.852,30.11.20,Batch3_A,12.6,1.351,13.01666667,53.84-113.84,0,1,1,1,1,1.5279752061290577,0.5059974477552456,-1.2871851256880176,1,0
DG4_F_4,6099,Female,3,Front,1,60,6,trapped,0,1,1,1,0,2,1,5,Helped,Full_trial,6.22,01.12.20,Batch3_A,8.983333333,2.571,9.4,117.72-177.72,1,2,1,3,1,1.2998621535048758,-1.727607840059957,-0.5720822780835633,1,0
DG4_F_4,6099,Female,3,Front,2,60,6,trapped,0,0,0,1,0,0,0,2,Helped,Full_trial,6.22,01.12.20,Batch3_A,8.983333333,2.571,9.4,177.72-237.72,0,0,0,0,0,0.4214338488833872,-1.727607840059957,-0.5720822780835633,2,1
DG4_F_4,6099,Female,3,Front,3,60,6,trapped,0,0,0,1,0,0,0,1,Helped,Full_trial,6.22,01.12.20,Batch3_A,8.983333333,2.571,9.4,237.72-297.72,1,0,0,1,1,-0.02129288063175944,-1.727607840059957,-0.5720822780835633,3,2
DG4_F_4,6099,Female,3,Front,4,60,6,trapped,0,0,0,0,0,0,0,0,Helped,Full_trial,6.22,01.12.20,Batch3_A,8.983333333,2.571,9.4,297.72-357.72,2,0,0,2,1,-1.090129755452311,-1.727607840059957,-0.5720822780835633,4,3
DG4_F_4,6099,Female,3,Front,5,60,6,trapped,0,0,0,0,0,0,0,0,Helped,Full_trial,6.22,01.12.20,Batch3_A,8.983333333,2.571,9.4,357.72-417.72,0,0,0,0,0,-1.090129755452311,-1.727607840059957,-0.5720822780835633,5,4
DG4_F_5,6099,Female,7,Front,1,60,5,trapped,1,0,1,1,1,0,5,7,Helped,Full_trial,4.809333333,03.12.20,Batch3_A,9.616666667,8.37,10,86.92-146.92,1,1,1,1,1,1.7377468074183433,-1.3364695865184855,0.8581234171253452,1,0
DG4_F_5,6099,Female,7,Front,2,60,5,trapped,0,1,1,1,0,1,3,2,Helped,Full_trial,4.809333333,03.12.20,Batch3_A,9.616666667,8.37,10,146.92-206.92,0,1,1,1,1,0.4214338488833872,-1.3364695865184855,0.8581234171253452,2,1
DG4_F_5,6099,Female,7,Front,3,60,5,trapped,1,0,0,1,4,0,0,3,Helped,Full_trial,4.809333333,03.12.20,Batch3_A,9.616666667,8.37,10,206.92-266.92,0,4,1,0,0,0.7611500167400203,-1.3364695865184855,0.8581234171253452,3,2
DG4_F_5,6099,Female,7,Front,4,60,5,free,1,0,0,1,5,0,0,3,Helped,Full_trial,4.809333333,03.12.20,Batch3_A,9.616666667,8.37,10,266.92-326.92,3,5,1,3,1,0.7611500167400203,-1.3364695865184855,0.8581234171253452,4,3
DG4_F_7,6188,Male,5,Side,1,60,2,free,0,0,1,1,0,0,3,6,Helped,Full_trial,1.641333333,02.12.20,Batch3_A,13.71666667,1.684,14.08333333,58-118,0,0,0,0,0,1.5279752061290577,1.1956359487531578,0.14302056952089098,1,0
DG4_F_8,6188,Female,6,Front,1,60,21,trapped,1,1,1,1,1,6,2,6,Not helped,Full_trial,20,02.12.20,Batch3_A,14.5,0.537,15.08333333,62.8-122.8,0,7,1,6,1,1.5279752061290577,1.6794122071444844,0.5005719933231182,1,0
DG4_F_8,6188,Female,6,Front,2,60,21,trapped,0,0,1,1,0,0,3,3,Not helped,Full_trial,20,02.12.20,Batch3_A,14.5,0.537,15.08333333,122.8-182.8,0,0,0,0,0,0.7611500167400203,1.6794122071444844,0.5005719933231182,2,1
DG4_F_8,6188,Female,6,Front,3,60,21,trapped,0,0,1,1,0,0,1,3,Not helped,Full_trial,20,02.12.20,Batch3_A,14.5,0.537,15.08333333,182.8-242.8,0,0,0,0,0,0.7611500167400203,1.6794122071444844,0.5005719933231182,3,2
DG4_F_8,6188,Female,6,Front,4,60,21,trapped,0,0,0,1,0,0,0,1,Not helped,Full_trial,20,02.12.20,Batch3_A,14.5,0.537,15.08333333,242.8-302.8,0,0,0,0,0,-0.02129288063175944,1.6794122071444844,0.5005719933231182,4,3
DG4_F_8,6188,Female,6,Front,5,60,21,trapped,1,0,0,0,1,0,0,0,Not helped,Full_trial,20,02.12.20,Batch3_A,14.5,0.537,15.08333333,302.8-362.8,1,1,1,1,1,-1.090129755452311,1.6794122071444844,0.5005719933231182,5,4
DG4_F_8,6188,Female,6,Front,6,60,21,trapped,0,0,0,1,0,0,0,1,Not helped,Full_trial,20,02.12.20,Batch3_A,14.5,0.537,15.08333333,362.8-422.8,1,0,0,1,1,-0.02129288063175944,1.6794122071444844,0.5005719933231182,6,5
DG4_F_8,6188,Female,6,Front,7,60,21,trapped,0,0,0,0,0,0,0,0,Not helped,Full_trial,20,02.12.20,Batch3_A,14.5,0.537,15.08333333,422.8-482.8,0,0,0,0,0,-1.090129755452311,1.6794122071444844,0.5005719933231182,7,6
DG4_F_8,6188,Female,6,Front,8,60,21,trapped,0,0,0,0,0,0,0,0,Not helped,Full_trial,20,02.12.20,Batch3_A,14.5,0.537,15.08333333,482.8-542.8,0,0,0,0,0,-1.090129755452311,1.6794122071444844,0.5005719933231182,8,7
DG4_F_8,6188,Female,6,Front,9,60,21,trapped,0,0,0,0,0,0,0,0,Not helped,Full_trial,20,02.12.20,Batch3_A,14.5,0.537,15.08333333,542.8-602.8,0,0,0,0,0,-1.090129755452311,1.6794122071444844,0.5005719933231182,9,8
DG4_F_8,6188,Female,6,Front,10,60,21,trapped,0,0,0,0,0,0,0,0,Not helped,Full_trial,20,02.12.20,Batch3_A,14.5,0.537,15.08333333,602.8-662.8,0,0,0,0,0,-1.090129755452311,1.6794122071444844,0.5005719933231182,10,9
DG4_F_8,6188,Female,6,Front,11,60,21,trapped,0,0,0,0,0,0,0,0,Not helped,Full_trial,20,02.12.20,Batch3_A,14.5,0.537,15.08333333,662.8-722.8,0,0,0,0,0,-1.090129755452311,1.6794122071444844,0.5005719933231182,11,10
DG4_F_8,6188,Female,6,Front,12,60,21,trapped,0,0,0,0,0,0,0,0,Not helped,Full_trial,20,02.12.20,Batch3_A,14.5,0.537,15.08333333,722.8-782.8,0,0,0,0,0,-1.090129755452311,1.6794122071444844,0.5005719933231182,12,11
DG4_F_8,6188,Female,6,Front,13,60,21,trapped,0,0,0,0,0,0,0,0,Not helped,Full_trial,20,02.12.20,Batch3_A,14.5,0.537,15.08333333,782.8-842.8,0,0,0,0,0,-1.090129755452311,1.6794122071444844,0.5005719933231182,13,12
DG4_F_8,6188,Female,6,Front,14,60,21,trapped,0,0,0,0,0,0,0,0,Not helped,Full_trial,20,02.12.20,Batch3_A,14.5,0.537,15.08333333,842.8-902.8,0,0,0,0,0,-1.090129755452311,1.6794122071444844,0.5005719933231182,14,13
DG4_F_8,6188,Female,6,Front,15,60,21,trapped,1,0,1,1,1,0,1,2,Not helped,Full_trial,20,02.12.20,Batch3_A,14.5,0.537,15.08333333,902.8-962.8,1,1,1,1,1,0.4214338488833872,1.6794122071444844,0.5005719933231182,15,14
DG4_F_8,6188,Female,6,Front,16,60,21,trapped,1,1,0,1,1,1,0,1,Not helped,Full_trial,20,02.12.20,Batch3_A,14.5,0.537,15.08333333,962.8-1022.8,0,2,1,1,1,-0.02129288063175944,1.6794122071444844,0.5005719933231182,16,15
DG4_F_8,6188,Female,6,Front,17,60,21,trapped,0,0,1,1,0,0,2,1,Not helped,Full_trial,20,02.12.20,Batch3_A,14.5,0.537,15.08333333,1022.8-1082.8,1,0,0,1,1,-0.02129288063175944,1.6794122071444844,0.5005719933231182,17,16
DG4_F_8,6188,Female,6,Front,18,60,21,trapped,0,0,0,1,0,0,0,1,Not helped,Full_trial,20,02.12.20,Batch3_A,14.5,0.537,15.08333333,1082.8-1142.8,0,0,0,0,0,-0.02129288063175944,1.6794122071444844,0.5005719933231182,18,17
DG4_F_8,6188,Female,6,Front,19,60,21,trapped,0,0,1,1,0,0,1,1,Not helped,Full_trial,20,02.12.20,Batch3_A,14.5,0.537,15.08333333,1142.8-1202.8,0,0,0,0,0,-0.02129288063175944,1.6794122071444844,0.5005719933231182,19,18
DG4_F_9,6188,Female,2,Front,1,60,21,trapped,0,0,1,1,0,0,2,2,Not helped,Full_trial,20,30.11.20,Batch3_A,13.36666667,-3.249,14.11666667,53.6400000000001-113.64,1,0,0,1,1,0.4214338488833872,0.9794805983393509,-0.9296337018857904,1,0
DG4_F_9,6188,Female,2,Front,2,60,21,trapped,0,0,1,1,0,0,6,4,Not helped,Full_trial,20,30.11.20,Batch3_A,13.36666667,-3.249,14.11666667,113.64-173.64,1,0,0,1,1,1.0475439941887923,0.9794805983393509,-0.9296337018857904,2,1
DG4_F_9,6188,Female,2,Front,3,60,21,trapped,0,0,1,1,0,0,2,4,Not helped,Full_trial,20,30.11.20,Batch3_A,13.36666667,-3.249,14.11666667,173.64-233.64,0,0,0,0,0,1.0475439941887923,0.9794805983393509,-0.9296337018857904,3,2
DG4_F_9,6188,Female,2,Front,4,60,21,trapped,0,0,1,1,0,0,4,6,Not helped,Full_trial,20,30.11.20,Batch3_A,13.36666667,-3.249,14.11666667,233.64-293.64,0,0,0,0,0,1.5279752061290577,0.9794805983393509,-0.9296337018857904,4,3
DG4_F_9,6188,Female,2,Front,5,60,21,trapped,0,0,1,0,0,0,1,0,Not helped,Full_trial,20,30.11.20,Batch3_A,13.36666667,-3.249,14.11666667,293.64-353.64,0,0,0,0,0,-1.090129755452311,0.9794805983393509,-0.9296337018857904,5,4
DG4_F_9,6188,Female,2,Front,6,60,21,trapped,0,0,0,0,0,0,0,0,Not helped,Full_trial,20,30.11.20,Batch3_A,13.36666667,-3.249,14.11666667,353.64-413.64,0,0,0,0,0,-1.090129755452311,0.9794805983393509,-0.9296337018857904,6,5
DG4_F_9,6188,Female,2,Front,7,60,21,trapped,0,0,0,0,0,0,0,0,Not helped,Full_trial,20,30.11.20,Batch3_A,13.36666667,-3.249,14.11666667,413.64-473.64,1,0,0,1,1,-1.090129755452311,0.9794805983393509,-0.9296337018857904,7,6
DG4_F_9,6188,Female,2,Front,8,60,21,trapped,0,0,0,0,0,0,0,0,Not helped,Full_trial,20,30.11.20,Batch3_A,13.36666667,-3.249,14.11666667,473.64-533.64,1,0,0,1,1,-1.090129755452311,0.9794805983393509,-0.9296337018857904,8,7
DG4_F_9,6188,Female,2,Front,9,60,21,trapped,0,0,0,0,0,0,0,0,Not helped,Full_trial,20,30.11.20,Batch3_A,13.36666667,-3.249,14.11666667,533.64-593.64,1,0,0,1,1,-1.090129755452311,0.9794805983393509,-0.9296337018857904,9,8
DG4_F_9,6188,Female,2,Front,10,60,21,trapped,0,0,0,0,0,0,0,0,Not helped,Full_trial,20,30.11.20,Batch3_A,13.36666667,-3.249,14.11666667,593.64-653.64,0,0,0,0,0,-1.090129755452311,0.9794805983393509,-0.9296337018857904,10,9
DG4_F_9,6188,Female,2,Front,11,60,21,trapped,0,0,0,0,0,0,0,0,Not helped,Full_trial,20,30.11.20,Batch3_A,13.36666667,-3.249,14.11666667,653.64-713.64,0,0,0,0,0,-1.090129755452311,0.9794805983393509,-0.9296337018857904,11,10
DG4_F_9,6188,Female,2,Front,12,60,21,trapped,0,0,0,0,0,0,0,0,Not helped,Full_trial,20,30.11.20,Batch3_A,13.36666667,-3.249,14.11666667,713.64-773.64,0,0,0,0,0,-1.090129755452311,0.9794805983393509,-0.9296337018857904,12,11
DG4_F_9,6188,Female,2,Front,13,60,21,trapped,0,0,0,0,0,0,0,0,Not helped,Full_trial,20,30.11.20,Batch3_A,13.36666667,-3.249,14.11666667,773.64-833.64,2,0,0,2,1,-1.090129755452311,0.9794805983393509,-0.9296337018857904,13,12
DG4_F_9,6188,Female,2,Front,14,60,21,trapped,0,0,0,0,0,0,0,0,Not helped,Full_trial,20,30.11.20,Batch3_A,13.36666667,-3.249,14.11666667,833.64-893.64,0,0,0,0,0,-1.090129755452311,0.9794805983393509,-0.9296337018857904,14,13
DG4_F_9,6188,Female,2,Front,15,60,21,trapped,0,0,0,0,0,0,0,0,Not helped,Full_trial,20,30.11.20,Batch3_A,13.36666667,-3.249,14.11666667,893.64-953.64,0,0,0,0,0,-1.090129755452311,0.9794805983393509,-0.9296337018857904,15,14
DG4_F_9,6188,Female,2,Front,16,60,21,trapped,0,0,0,0,0,0,0,0,Not helped,Full_trial,20,30.11.20,Batch3_A,13.36666667,-3.249,14.11666667,953.64-1013.64,0,0,0,0,0,-1.090129755452311,0.9794805983393509,-0.9296337018857904,16,15
DG4_F_9,6188,Female,2,Front,17,60,21,trapped,0,0,0,0,0,0,0,0,Not helped,Full_trial,20,30.11.20,Batch3_A,13.36666667,-3.249,14.11666667,1013.64-1073.64,0,0,0,0,0,-1.090129755452311,0.9794805983393509,-0.9296337018857904,17,16
DG4_F_9,6188,Female,2,Front,18,60,21,trapped,0,0,0,0,0,0,0,0,Not helped,Full_trial,20,30.11.20,Batch3_A,13.36666667,-3.249,14.11666667,1073.64-1133.64,1,0,0,1,1,-1.090129755452311,0.9794805983393509,-0.9296337018857904,18,17
DG4_F_9,6188,Female,2,Front,19,60,21,trapped,0,0,0,0,0,0,0,0,Not helped,Full_trial,20,30.11.20,Batch3_A,13.36666667,-3.249,14.11666667,1133.64-1193.64,1,0,0,1,1,-1.090129755452311,0.9794805983393509,-0.9296337018857904,19,18
DG4_W_1,6197,Male,6,Front,1,60,2,trapped,0,0,1,1,0,0,5,10,Helped,Full_trial,7.586,02.12.20,Batch3_B,10.98333333,-0.531,11.41666667,62.08-122.08,0,0,0,0,0,2.2898292161569063,-0.4924344109766757,0.5005719933231182,1,0
DG4_W_1,6197,Male,6,Front,2,60,8,trapped,0,0,1,1,0,0,2,7,Helped,Full_trial,7.586,02.12.20,Batch3_B,10.98333333,-0.531,11.41666667,122.08-182.08,0,0,0,0,0,1.7377468074183433,-0.4924344109766757,0.5005719933231182,2,1
DG4_W_1,6197,Male,6,Front,3,60,8,trapped,1,0,1,1,3,0,2,4,Helped,Full_trial,7.586,02.12.20,Batch3_B,10.98333333,-0.531,11.41666667,182.08-242.08,4,3,1,4,1,1.0475439941887923,-0.4924344109766757,0.5005719933231182,3,2
DG4_W_1,6197,Male,6,Front,4,60,8,trapped,1,0,0,1,2,0,0,4,Helped,Full_trial,7.586,02.12.20,Batch3_B,10.98333333,-0.531,11.41666667,242.08-302.08,1,2,1,1,1,1.0475439941887923,-0.4924344109766757,0.5005719933231182,4,3
DG4_W_1,6197,Male,6,Front,5,60,8,trapped,1,1,0,1,1,4,0,1,Helped,Full_trial,7.586,02.12.20,Batch3_B,10.98333333,-0.531,11.41666667,302.08-362.08,3,5,1,7,1,-0.02129288063175944,-0.4924344109766757,0.5005719933231182,5,4
DG4_W_1,6197,Male,6,Front,6,60,8,trapped,0,1,1,1,0,1,1,1,Helped,Full_trial,7.586,02.12.20,Batch3_B,10.98333333,-0.531,11.41666667,362.08-422.08,0,1,1,1,1,-0.02129288063175944,-0.4924344109766757,0.5005719933231182,6,5
DG4_W_1,6197,Male,6,Front,7,60,8,free,0,0,1,1,0,0,1,2,Helped,Full_trial,7.586,02.12.20,Batch3_B,10.98333333,-0.531,11.41666667,422.08-482.08,0,0,0,0,0,0.4214338488833872,-0.4924344109766757,0.5005719933231182,7,6
DG4_W_10,6310,Female,1,Side,1,60,8,trapped,0,1,1,1,0,1,2,3,Helped,Full_trial,2.146666667,30.11.20,Batch3_B,9.75,5.263,10.11666667,93.92-153.92,0,1,1,1,1,0.7611500167400203,-1.2541246913286122,-1.2871851256880176,1,0
DG4_W_2,6197,Male,8,Side,1,60,2,trapped,0,0,0,1,0,0,0,2,Helped,Full_trial,2.118666667,03.12.20,Batch3_B,13.58333333,2.812,14,86.76-146.76,0,0,0,0,0,0.4214338488833872,1.1132910492401769,1.2156748409275724,1,0
DG4_W_3,6197,Male,9,Side,1,60,3,trapped,0,1,1,1,0,1,2,2,Helped,Full_trial,2.444666667,04.12.20,Batch3_B,9.85,1.196,10.16666667,47.84-107.84,1,1,1,2,1,0.4214338488833872,-1.1923660197818102,1.5732262647297997,1,0
DG4_W_3,6197,Male,9,Side,2,60,3,free,1,1,1,1,2,2,2,3,Helped,Full_trial,2.444666667,04.12.20,Batch3_B,9.85,1.196,10.16666667,107.84-167.84,0,4,1,2,1,0.7611500167400203,-1.1923660197818102,1.5732262647297997,2,1
DG4_W_4,6197,Female,5,Side,1,60,4,trapped,1,0,1,1,3,0,3,6,Helped,Full_trial,3.98,02.12.20,Batch3_B,10.1,1.192,10.5,75.32-135.32,0,3,1,0,0,1.5279752061290577,-1.0379693409148052,0.14302056952089098,1,0
DG4_W_4,6197,Female,5,Side,2,60,4,trapped,0,1,1,1,0,2,3,3,Helped,Full_trial,3.98,02.12.20,Batch3_B,10.1,1.192,10.5,135.32-195.32,1,2,1,3,1,0.7611500167400203,-1.0379693409148052,0.14302056952089098,2,1
DG4_W_4,6197,Female,5,Side,3,60,4,free,1,0,1,1,1,0,3,3,Helped,Full_trial,3.98,02.12.20,Batch3_B,10.1,1.192,10.5,195.32-255.32,0,1,1,0,0,0.7611500167400203,-1.0379693409148052,0.14302056952089098,3,2
DG4_W_5,6197,Female,3,Front,1,60,12,trapped,0,1,1,1,0,3,2,7,Helped,Full_trial,11.45333333,01.12.20,Batch3_B,12.7,4.099,13.21666667,76.04-136.04,1,3,1,4,1,1.7377468074183433,0.5677561193020474,-0.5720822780835633,1,0
DG4_W_5,6197,Female,3,Front,2,60,12,trapped,1,1,1,1,2,1,2,5,Helped,Full_trial,11.45333333,01.12.20,Batch3_B,12.7,4.099,13.21666667,136.04-196.04,0,3,1,1,1,1.2998621535048758,0.5677561193020474,-0.5720822780835633,2,1
DG4_W_5,6197,Female,3,Front,3,60,12,trapped,1,1,1,1,2,1,2,2,Helped,Full_trial,11.45333333,01.12.20,Batch3_B,12.7,4.099,13.21666667,196.04-256.04,0,3,1,1,1,0.4214338488833872,0.5677561193020474,-0.5720822780835633,3,2
DG4_W_5,6197,Female,3,Front,4,60,12,trapped,0,1,1,1,0,1,1,4,Helped,Full_trial,11.45333333,01.12.20,Batch3_B,12.7,4.099,13.21666667,256.04-316.04,0,1,1,1,1,1.0475439941887923,0.5677561193020474,-0.5720822780835633,4,3
DG4_W_5,6197,Female,3,Front,5,60,12,trapped,1,0,0,1,2,0,0,1,Helped,Full_trial,11.45333333,01.12.20,Batch3_B,12.7,4.099,13.21666667,316.04-376.04,0,2,1,0,0,-0.02129288063175944,0.5677561193020474,-0.5720822780835633,5,4
DG4_W_5,6197,Female,3,Front,6,60,12,trapped,0,0,0,1,0,0,0,2,Helped,Full_trial,11.45333333,01.12.20,Batch3_B,12.7,4.099,13.21666667,376.04-436.04,0,0,0,0,0,0.4214338488833872,0.5677561193020474,-0.5720822780835633,6,5
DG4_W_5,6197,Female,3,Front,7,60,12,trapped,0,0,0,1,0,0,0,2,Helped,Full_trial,11.45333333,01.12.20,Batch3_B,12.7,4.099,13.21666667,436.04-496.04,0,0,0,0,0,0.4214338488833872,0.5677561193020474,-0.5720822780835633,7,6
DG4_W_5,6197,Female,3,Front,8,60,12,trapped,0,0,0,1,0,0,0,1,Helped,Full_trial,11.45333333,01.12.20,Batch3_B,12.7,4.099,13.21666667,496.04-556.04,0,0,0,0,0,-0.02129288063175944,0.5677561193020474,-0.5720822780835633,8,7
DG4_W_5,6197,Female,3,Front,9,60,12,trapped,0,0,0,1,0,0,0,2,Helped,Full_trial,11.45333333,01.12.20,Batch3_B,12.7,4.099,13.21666667,556.04-616.04,0,0,0,0,0,0.4214338488833872,0.5677561193020474,-0.5720822780835633,9,8
DG4_W_5,6197,Female,3,Front,10,60,12,trapped,0,0,0,1,0,0,0,1,Helped,Full_trial,11.45333333,01.12.20,Batch3_B,12.7,4.099,13.21666667,616.04-676.04,0,0,0,0,0,-0.02129288063175944,0.5677561193020474,-0.5720822780835633,10,9
DG4_W_5,6197,Female,3,Front,11,60,12,free,0,0,0,1,0,0,0,1,Helped,Full_trial,11.45333333,01.12.20,Batch3_B,12.7,4.099,13.21666667,676.04-736.04,1,0,0,1,1,-0.02129288063175944,0.5677561193020474,-0.5720822780835633,11,10
DG4_W_6,6310,Male,2,Front,1,60,3,trapped,0,0,1,1,0,0,2,4,Helped,Full_trial,2.849333333,30.11.20,Batch3_B,10.51666667,2.247,10.93333333,53.52-113.52,1,0,0,1,1,1.0475439941887923,-0.7806415407445079,-0.9296337018857904,1,0
DG4_W_6,6310,Male,2,Front,2,60,3,free,0,1,1,1,0,2,1,4,Helped,Full_trial,2.849333333,30.11.20,Batch3_B,10.51666667,2.247,10.93333333,113.52-173.52,0,2,1,2,1,1.0475439941887923,-0.7806415407445079,-0.9296337018857904,2,1
DG4_W_8,6310,Female,10,Front,1,60,17,trapped,1,1,1,1,1,1,2,4,Helped,Full_trial,16.966,04.12.20,Batch3_B,10.91666667,-0.091,11.5,86.4400000000001-146.44,1,2,1,2,1,1.0475439941887923,-0.5336068545572995,1.9307776885320267,1,0
DG4_W_8,6310,Female,10,Front,2,60,17,trapped,1,1,1,1,1,1,1,2,Helped,Full_trial,16.966,04.12.20,Batch3_B,10.91666667,-0.091,11.5,146.44-206.44,0,2,1,1,1,0.4214338488833872,-0.5336068545572995,1.9307776885320267,2,1
DG4_W_8,6310,Female,10,Front,3,60,17,trapped,0,0,1,1,0,0,1,3,Helped,Full_trial,16.966,04.12.20,Batch3_B,10.91666667,-0.091,11.5,206.44-266.44,1,0,0,1,1,0.7611500167400203,-0.5336068545572995,1.9307776885320267,3,2
DG4_W_8,6310,Female,10,Front,4,60,17,trapped,0,0,1,1,0,0,1,3,Helped,Full_trial,16.966,04.12.20,Batch3_B,10.91666667,-0.091,11.5,266.44-326.44,0,0,0,0,0,0.7611500167400203,-0.5336068545572995,1.9307776885320267,4,3
DG4_W_8,6310,Female,10,Front,5,60,17,trapped,0,0,0,1,0,0,0,3,Helped,Full_trial,16.966,04.12.20,Batch3_B,10.91666667,-0.091,11.5,326.44-386.44,0,0,0,0,0,0.7611500167400203,-0.5336068545572995,1.9307776885320267,5,4
DG4_W_8,6310,Female,10,Front,6,60,17,trapped,0,0,0,1,0,0,0,2,Helped,Full_trial,16.966,04.12.20,Batch3_B,10.91666667,-0.091,11.5,386.44-446.44,1,0,0,1,1,0.4214338488833872,-0.5336068545572995,1.9307776885320267,6,5
DG4_W_8,6310,Female,10,Front,7,60,17,trapped,0,0,0,0,0,0,0,0,Helped,Full_trial,16.966,04.12.20,Batch3_B,10.91666667,-0.091,11.5,446.44-506.44,0,0,0,0,0,-1.090129755452311,-0.5336068545572995,1.9307776885320267,7,6
DG4_W_8,6310,Female,10,Front,8,60,17,trapped,0,0,0,1,0,0,0,2,Helped,Full_trial,16.966,04.12.20,Batch3_B,10.91666667,-0.091,11.5,506.44-566.44,0,0,0,0,0,0.4214338488833872,-0.5336068545572995,1.9307776885320267,8,7
DG4_W_8,6310,Female,10,Front,9,60,17,trapped,0,0,0,0,0,0,0,0,Helped,Full_trial,16.966,04.12.20,Batch3_B,10.91666667,-0.091,11.5,566.44-626.44,0,0,0,0,0,-1.090129755452311,-0.5336068545572995,1.9307776885320267,9,8
DG4_W_8,6310,Female,10,Front,10,60,17,trapped,0,0,0,0,0,0,0,0,Helped,Full_trial,16.966,04.12.20,Batch3_B,10.91666667,-0.091,11.5,626.44-686.44,0,0,0,0,0,-1.090129755452311,-0.5336068545572995,1.9307776885320267,10,9
DG4_W_8,6310,Female,10,Front,11,60,17,trapped,0,0,0,0,0,0,0,0,Helped,Full_trial,16.966,04.12.20,Batch3_B,10.91666667,-0.091,11.5,686.44-746.44,0,0,0,0,0,-1.090129755452311,-0.5336068545572995,1.9307776885320267,11,10
DG4_W_8,6310,Female,10,Front,12,60,17,trapped,0,0,0,0,0,0,0,0,Helped,Full_trial,16.966,04.12.20,Batch3_B,10.91666667,-0.091,11.5,746.44-806.44,0,0,0,0,0,-1.090129755452311,-0.5336068545572995,1.9307776885320267,12,11
DG4_W_8,6310,Female,10,Front,13,60,17,trapped,0,0,0,0,0,0,0,0,Helped,Full_trial,16.966,04.12.20,Batch3_B,10.91666667,-0.091,11.5,806.44-866.44,2,0,0,2,1,-1.090129755452311,-0.5336068545572995,1.9307776885320267,13,12
DG4_W_8,6310,Female,10,Front,14,60,17,trapped,0,0,0,0,0,0,0,0,Helped,Full_trial,16.966,04.12.20,Batch3_B,10.91666667,-0.091,11.5,866.44-926.44,1,0,0,1,1,-1.090129755452311,-0.5336068545572995,1.9307776885320267,14,13
DG4_W_8,6310,Female,10,Front,15,60,17,trapped,0,0,0,0,0,0,0,0,Helped,Full_trial,16.966,04.12.20,Batch3_B,10.91666667,-0.091,11.5,926.44-986.44,0,0,0,0,0,-1.090129755452311,-0.5336068545572995,1.9307776885320267,15,14
DG4_W_8,6310,Female,10,Front,16,60,17,free,0,0,0,0,0,0,0,0,Helped,Full_trial,16.966,04.12.20,Batch3_B,10.91666667,-0.091,11.5,986.44-1046.44,0,0,0,0,0,-1.090129755452311,-0.5336068545572995,1.9307776885320267,16,15
DG4_W_9,6310,Female,4,Side,1,60,2,free,0,0,0,1,0,0,0,2,Helped,Full_trial,1.982666667,01.12.20,Batch3_B,14.23333333,4.653,14.58333333,76.8-136.8,1,0,0,1,1,0.4214338488833872,1.5147224142943903,-0.21453085428133617,1,0
DG5_F_1,6421,Male,5,Front,1,60,7,trapped,0,1,0,1,0,1,0,2,Not helped,Full_trial,20,03.02.21,Batch4_A,10.06666667,0.183,10.7,71.48-131.48,1,1,1,2,1,0.4214338488833872,-1.0585555627051166,0.14302056952089098,1,0
DG5_F_1,6421,Male,5,Front,2,60,7,trapped,0,1,1,1,0,2,2,3,Not helped,Full_trial,20,03.02.21,Batch4_A,10.06666667,0.183,10.7,131.48-191.48,1,2,1,3,1,0.7611500167400203,-1.0585555627051166,0.14302056952089098,2,1
DG5_F_1,6421,Male,5,Front,3,60,7,trapped,0,1,0,1,0,5,0,1,Not helped,Full_trial,20,03.02.21,Batch4_A,10.06666667,0.183,10.7,191.48-251.48,4,5,1,9,1,-0.02129288063175944,-1.0585555627051166,0.14302056952089098,3,2
DG5_F_1,6421,Male,5,Front,4,60,7,trapped,0,1,1,1,0,1,1,1,Not helped,Full_trial,20,03.02.21,Batch4_A,10.06666667,0.183,10.7,251.48-311.48,2,1,1,3,1,-0.02129288063175944,-1.0585555627051166,0.14302056952089098,4,3
DG5_F_1,6421,Male,5,Front,5,60,7,trapped,0,1,0,1,0,1,0,1,Not helped,Full_trial,20,03.02.21,Batch4_A,10.06666667,0.183,10.7,311.48-371.48,2,1,1,3,1,-0.02129288063175944,-1.0585555627051166,0.14302056952089098,5,4
DG5_F_1,6421,Male,5,Front,6,60,7,trapped,0,0,0,0,0,0,0,0,Not helped,Full_trial,20,03.02.21,Batch4_A,10.06666667,0.183,10.7,371.48-431.48,0,0,0,0,0,-1.090129755452311,-1.0585555627051166,0.14302056952089098,6,5
DG5_F_1,6421,Male,5,Front,7,60,20,trapped,0,0,0,0,0,0,0,0,Not helped,Full_trial,20,03.02.21,Batch4_A,10.06666667,0.183,10.7,431.48-491.48,1,0,0,1,1,-1.090129755452311,-1.0585555627051166,0.14302056952089098,7,6
DG5_F_1,6421,Male,5,Front,8,60,20,trapped,0,0,0,0,0,0,0,0,Not helped,Full_trial,20,03.02.21,Batch4_A,10.06666667,0.183,10.7,491.48-551.48,0,0,0,0,0,-1.090129755452311,-1.0585555627051166,0.14302056952089098,8,7
DG5_F_1,6421,Male,5,Front,9,60,20,trapped,0,0,0,0,0,0,0,0,Not helped,Full_trial,20,03.02.21,Batch4_A,10.06666667,0.183,10.7,551.48-611.48,0,0,0,0,0,-1.090129755452311,-1.0585555627051166,0.14302056952089098,9,8
DG5_F_1,6421,Male,5,Front,10,60,20,trapped,0,0,0,0,0,0,0,0,Not helped,Full_trial,20,03.02.21,Batch4_A,10.06666667,0.183,10.7,611.48-671.48,0,0,0,0,0,-1.090129755452311,-1.0585555627051166,0.14302056952089098,10,9
DG5_F_1,6421,Male,5,Front,11,60,20,trapped,0,0,0,0,0,0,0,0,Not helped,Full_trial,20,03.02.21,Batch4_A,10.06666667,0.183,10.7,671.48-731.48,0,0,0,0,0,-1.090129755452311,-1.0585555627051166,0.14302056952089098,11,10
DG5_F_1,6421,Male,5,Front,12,60,20,trapped,0,0,0,0,0,0,0,0,Not helped,Full_trial,20,03.02.21,Batch4_A,10.06666667,0.183,10.7,731.48-791.48,0,0,0,0,0,-1.090129755452311,-1.0585555627051166,0.14302056952089098,12,11
DG5_F_1,6421,Male,5,Front,13,60,20,trapped,0,0,0,0,0,0,0,0,Not helped,Full_trial,20,03.02.21,Batch4_A,10.06666667,0.183,10.7,791.48-851.48,0,0,0,0,0,-1.090129755452311,-1.0585555627051166,0.14302056952089098,13,12
DG5_F_1,6421,Male,5,Front,14,60,20,trapped,0,0,0,0,0,0,0,0,Not helped,Full_trial,20,03.02.21,Batch4_A,10.06666667,0.183,10.7,851.48-911.48,0,0,0,0,0,-1.090129755452311,-1.0585555627051166,0.14302056952089098,14,13
DG5_F_1,6421,Male,5,Front,15,60,20,trapped,0,0,0,0,0,0,0,0,Not helped,Full_trial,20,03.02.21,Batch4_A,10.06666667,0.183,10.7,911.48-971.48,1,0,0,1,1,-1.090129755452311,-1.0585555627051166,0.14302056952089098,15,14
DG5_F_1,6421,Male,5,Front,16,60,20,trapped,0,0,0,0,0,0,0,0,Not helped,Full_trial,20,03.02.21,Batch4_A,10.06666667,0.183,10.7,971.48-1031.48,0,0,0,0,0,-1.090129755452311,-1.0585555627051166,0.14302056952089098,16,15
DG5_F_1,6421,Male,5,Front,17,60,20,trapped,0,0,0,0,0,0,0,0,Not helped,Full_trial,20,03.02.21,Batch4_A,10.06666667,0.183,10.7,1031.48-1091.48,0,0,0,0,0,-1.090129755452311,-1.0585555627051166,0.14302056952089098,17,16
DG5_F_1,6421,Male,5,Front,18,60,20,trapped,0,0,0,0,0,0,0,0,Not helped,Full_trial,20,03.02.21,Batch4_A,10.06666667,0.183,10.7,1091.48-1151.48,1,0,0,1,1,-1.090129755452311,-1.0585555627051166,0.14302056952089098,18,17
DG5_F_1,6421,Male,5,Front,19,60,20,trapped,0,0,0,0,0,0,0,0,Not helped,Full_trial,20,03.02.21,Batch4_A,10.06666667,0.183,10.7,1151.48-1211.48,0,0,0,0,0,-1.090129755452311,-1.0585555627051166,0.14302056952089098,19,18
DG5_F_10,6407,Female,2,Front,1,60,20,trapped,0,1,1,1,0,2,1,5,Helped,Full_trial,6.76,01.02.21,Batch4_A,10.66666667,1.532,11.16666667,76.2-136.2,2,2,1,4,1,1.2998621535048758,-0.6880035334243046,-0.9296337018857904,1,0
DG5_F_10,6407,Female,2,Front,2,60,20,trapped,0,0,1,1,0,0,2,2,Helped,Full_trial,6.76,01.02.21,Batch4_A,10.66666667,1.532,11.16666667,136.2-196.2,0,0,0,0,0,0.4214338488833872,-0.6880035334243046,-0.9296337018857904,2,1
DG5_F_10,6407,Female,2,Front,3,60,20,trapped,0,0,1,1,0,0,1,3,Helped,Full_trial,6.76,01.02.21,Batch4_A,10.66666667,1.532,11.16666667,196.2-256.2,2,0,0,2,1,0.7611500167400203,-0.6880035334243046,-0.9296337018857904,3,2
DG5_F_10,6407,Female,2,Front,4,60,20,trapped,0,0,1,1,0,0,3,3,Helped,Full_trial,6.76,01.02.21,Batch4_A,10.66666667,1.532,11.16666667,256.2-316.2,1,0,0,1,1,0.7611500167400203,-0.6880035334243046,-0.9296337018857904,4,3
DG5_F_10,6407,Female,2,Front,5,60,20,trapped,0,0,1,1,0,0,1,3,Helped,Full_trial,6.76,01.02.21,Batch4_A,10.66666667,1.532,11.16666667,316.2-376.2,1,0,0,1,1,0.7611500167400203,-0.6880035334243046,-0.9296337018857904,5,4
DG5_F_10,6407,Female,2,Front,6,60,20,free,0,0,0,1,0,0,0,1,Helped,Full_trial,6.76,01.02.21,Batch4_A,10.66666667,1.532,11.16666667,376.2-436.2,0,0,0,0,0,-0.02129288063175944,-0.6880035334243046,-0.9296337018857904,6,5
DG5_F_2,6421,Male,6,Side,1,60,3,trapped,0,0,1,1,0,0,1,3,Helped,Full_trial,2.772666667,03.02.21,Batch4_A,11.3,0.621,11.66666667,161.96-221.96,0,0,0,0,0,0.7611500167400203,-0.29686528235318016,0.5005719933231182,1,0
DG5_F_2,6421,Male,6,Side,2,60,3,free,1,1,0,1,5,1,0,3,Helped,Full_trial,2.772666667,03.02.21,Batch4_A,11.3,0.621,11.66666667,221.96-281.96,2,6,1,3,1,0.7611500167400203,-0.29686528235318016,0.5005719933231182,2,1
DG5_F_3,6421,Female,3,Front,1,60,2,free,0,1,1,1,0,3,1,6,Helped,Full_trial,1.737333333,02.02.21,Batch4_A,11.96666667,3.63,12.3,15.6-75.6,0,3,1,3,1,1.5279752061290577,0.11485919668412224,-0.5720822780835633,1,0
DG5_F_4,6421,Female,4,Side,1,60,5,trapped,1,0,0,1,2,0,0,4,Helped,Full_trial,4.880666667,02.02.21,Batch4_A,12.68333333,0.161,13.08333333,142.96-202.96,0,2,1,0,0,1.0475439941887923,0.5574630053189584,-0.21453085428133617,1,0
DG5_F_4,6421,Female,4,Side,2,60,5,trapped,1,1,1,1,1,1,1,2,Helped,Full_trial,4.880666667,02.02.21,Batch4_A,12.68333333,0.161,13.08333333,202.96-262.96,0,2,1,1,1,0.4214338488833872,0.5574630053189584,-0.21453085428133617,2,1
DG5_F_4,6421,Female,4,Side,3,60,5,trapped,0,0,1,1,0,0,1,2,Helped,Full_trial,4.880666667,02.02.21,Batch4_A,12.68333333,0.161,13.08333333,262.96-322.96,1,0,0,1,1,0.4214338488833872,0.5574630053189584,-0.21453085428133617,3,2
DG5_F_4,6421,Female,4,Side,4,60,5,free,0,0,1,1,0,0,1,1,Helped,Full_trial,4.880666667,02.02.21,Batch4_A,12.68333333,0.161,13.08333333,322.96-382.96,0,0,0,0,0,-0.02129288063175944,0.5574630053189584,-0.21453085428133617,4,3
DG5_F_5,6421,Female,8,Front,1,60,3,trapped,0,0,1,1,0,0,1,2,Helped,Full_trial,2.399333333,04.02.21,Batch4_A,12.21666667,2.577,12.5,40.28-100.28,0,0,0,0,0,0.4214338488833872,0.26925587555112734,1.2156748409275724,1,0
DG5_F_5,6421,Female,8,Front,2,60,3,free,1,0,0,1,1,0,0,3,Helped,Full_trial,2.399333333,04.02.21,Batch4_A,12.21666667,2.577,12.5,100.28-160.28,0,1,1,0,0,0.7611500167400203,0.26925587555112734,1.2156748409275724,2,1
DG5_F_6,6407,Male,10,Side,1,60,21,trapped,1,1,1,1,1,1,1,8,Not helped,Full_trial,20,05.02.21,Batch4_A,10.45,7.182,11.08333333,35.96-95.96,1,2,1,2,1,1.9329974532190854,-0.8218139905009983,1.9307776885320267,1,0
DG5_F_6,6407,Male,10,Side,2,60,21,trapped,1,0,1,1,1,0,3,3,Not helped,Full_trial,20,05.02.21,Batch4_A,10.45,7.182,11.08333333,95.96-155.96,1,1,1,1,1,0.7611500167400203,-0.8218139905009983,1.9307776885320267,2,1
DG5_F_6,6407,Male,10,Side,3,60,21,trapped,1,0,1,1,1,0,1,4,Not helped,Full_trial,20,05.02.21,Batch4_A,10.45,7.182,11.08333333,155.96-215.96,2,1,1,2,1,1.0475439941887923,-0.8218139905009983,1.9307776885320267,3,2
DG5_F_6,6407,Male,10,Side,4,60,21,trapped,1,1,1,1,2,1,1,4,Not helped,Full_trial,20,05.02.21,Batch4_A,10.45,7.182,11.08333333,215.96-275.96,2,3,1,3,1,1.0475439941887923,-0.8218139905009983,1.9307776885320267,4,3
DG5_F_6,6407,Male,10,Side,5,60,21,trapped,1,0,1,1,1,0,1,1,Not helped,Full_trial,20,05.02.21,Batch4_A,10.45,7.182,11.08333333,275.96-335.96,1,1,1,1,1,-0.02129288063175944,-0.8218139905009983,1.9307776885320267,5,4
DG5_F_6,6407,Male,10,Side,6,60,21,trapped,0,0,0,1,0,0,0,1,Not helped,Full_trial,20,05.02.21,Batch4_A,10.45,7.182,11.08333333,335.96-395.96,1,0,0,1,1,-0.02129288063175944,-0.8218139905009983,1.9307776885320267,6,5
DG5_F_6,6407,Male,10,Side,7,60,21,trapped,0,0,0,1,0,0,0,2,Not helped,Full_trial,20,05.02.21,Batch4_A,10.45,7.182,11.08333333,395.96-455.96,0,0,0,0,0,0.4214338488833872,-0.8218139905009983,1.9307776885320267,7,6
DG5_F_6,6407,Male,10,Side,8,60,21,trapped,0,0,0,1,0,0,0,1,Not helped,Full_trial,20,05.02.21,Batch4_A,10.45,7.182,11.08333333,455.96-515.96,0,0,0,0,0,-0.02129288063175944,-0.8218139905009983,1.9307776885320267,8,7
DG5_F_6,6407,Male,10,Side,9,60,21,trapped,0,0,0,1,0,0,0,2,Not helped,Full_trial,20,05.02.21,Batch4_A,10.45,7.182,11.08333333,515.96-575.96,0,0,0,0,0,0.4214338488833872,-0.8218139905009983,1.9307776885320267,9,8
DG5_F_6,6407,Male,10,Side,10,60,21,trapped,0,0,1,1,0,0,1,1,Not helped,Full_trial,20,05.02.21,Batch4_A,10.45,7.182,11.08333333,575.96-635.96,0,0,0,0,0,-0.02129288063175944,-0.8218139905009983,1.9307776885320267,10,9
DG5_F_6,6407,Male,10,Side,11,60,21,trapped,1,0,1,1,1,0,1,1,Not helped,Full_trial,20,05.02.21,Batch4_A,10.45,7.182,11.08333333,635.96-695.96,1,1,1,1,1,-0.02129288063175944,-0.8218139905009983,1.9307776885320267,11,10
DG5_F_6,6407,Male,10,Side,12,60,21,trapped,0,0,1,0,0,0,1,0,Not helped,Full_trial,20,05.02.21,Batch4_A,10.45,7.182,11.08333333,695.96-755.96,0,0,0,0,0,-1.090129755452311,-0.8218139905009983,1.9307776885320267,12,11
DG5_F_6,6407,Male,10,Side,13,60,21,trapped,0,0,0,1,0,0,0,2,Not helped,Full_trial,20,05.02.21,Batch4_A,10.45,7.182,11.08333333,755.96-815.96,0,0,0,0,0,0.4214338488833872,-0.8218139905009983,1.9307776885320267,13,12
DG5_F_6,6407,Male,10,Side,14,60,21,trapped,0,0,0,0,0,0,0,0,Not helped,Full_trial,20,05.02.21,Batch4_A,10.45,7.182,11.08333333,815.96-875.96,0,0,0,0,0,-1.090129755452311,-0.8218139905009983,1.9307776885320267,14,13
DG5_F_6,6407,Male,10,Side,15,60,21,trapped,0,0,0,0,0,0,0,0,Not helped,Full_trial,20,05.02.21,Batch4_A,10.45,7.182,11.08333333,875.96-935.96,0,0,0,0,0,-1.090129755452311,-0.8218139905009983,1.9307776885320267,15,14
DG5_F_6,6407,Male,10,Side,16,60,21,trapped,0,0,0,0,0,0,0,0,Not helped,Full_trial,20,05.02.21,Batch4_A,10.45,7.182,11.08333333,935.96-995.96,0,0,0,0,0,-1.090129755452311,-0.8218139905009983,1.9307776885320267,16,15
DG5_F_6,6407,Male,10,Side,17,60,21,trapped,0,0,0,0,0,0,0,0,Not helped,Full_trial,20,05.02.21,Batch4_A,10.45,7.182,11.08333333,995.96-1055.96,0,0,0,0,0,-1.090129755452311,-0.8218139905009983,1.9307776885320267,17,16
DG5_F_6,6407,Male,10,Side,18,60,21,trapped,0,0,0,0,0,0,0,0,Not helped,Full_trial,20,05.02.21,Batch4_A,10.45,7.182,11.08333333,1055.96-1115.96,0,0,0,0,0,-1.090129755452311,-0.8218139905009983,1.9307776885320267,18,17
DG5_F_6,6407,Male,10,Side,19,60,21,trapped,0,0,0,0,0,0,0,0,Not helped,Full_trial,20,05.02.21,Batch4_A,10.45,7.182,11.08333333,1115.96-1175.96,0,0,0,0,0,-1.090129755452311,-0.8218139905009983,1.9307776885320267,19,18
DG5_F_8,6407,Male,1,Side,1,60,5,trapped,0,1,1,1,0,2,2,5,Helped,Full_trial,4.610666667,01.02.21,Batch4_A,9.7,6.509,10.13333333,56.92-116.92,0,2,1,2,1,1.2998621535048758,-1.2850040271020136,-1.2871851256880176,1,0
DG5_F_8,6407,Male,1,Side,2,60,5,trapped,0,1,0,1,0,3,0,3,Helped,Full_trial,4.610666667,01.02.21,Batch4_A,9.7,6.509,10.13333333,116.92-176.92,0,3,1,3,1,0.7611500167400203,-1.2850040271020136,-1.2871851256880176,2,1
DG5_F_8,6407,Male,1,Side,3,60,5,trapped,0,1,0,1,0,1,0,5,Helped,Full_trial,4.610666667,01.02.21,Batch4_A,9.7,6.509,10.13333333,176.92-236.92,1,1,1,2,1,1.2998621535048758,-1.2850040271020136,-1.2871851256880176,3,2
DG5_F_8,6407,Male,1,Side,4,60,5,free,1,0,0,1,2,0,0,3,Helped,Full_trial,4.610666667,01.02.21,Batch4_A,9.7,6.509,10.13333333,236.92-296.92,1,2,1,1,1,0.7611500167400203,-1.2850040271020136,-1.2871851256880176,4,3
DG5_F_9,6407,Female,7,Side,1,60,7,trapped,1,1,1,1,2,1,1,3,Helped,Full_trial,6.420666667,04.02.21,Batch4_A,11.53333333,4.197,11.75,53.72-113.72,2,3,1,3,1,0.7611500167400203,-0.15276171746926515,0.8581234171253452,1,0
DG5_F_9,6407,Female,7,Side,2,60,7,trapped,1,1,0,1,1,1,0,1,Helped,Full_trial,6.420666667,04.02.21,Batch4_A,11.53333333,4.197,11.75,113.72-173.72,0,2,1,1,1,-0.02129288063175944,-0.15276171746926515,0.8581234171253452,2,1
DG5_F_9,6407,Female,7,Side,3,60,7,trapped,0,0,1,1,0,0,1,1,Helped,Full_trial,6.420666667,04.02.21,Batch4_A,11.53333333,4.197,11.75,173.72-233.72,1,0,0,1,1,-0.02129288063175944,-0.15276171746926515,0.8581234171253452,3,2
DG5_F_9,6407,Female,7,Side,4,60,7,trapped,1,1,0,1,5,1,0,4,Helped,Full_trial,6.420666667,04.02.21,Batch4_A,11.53333333,4.197,11.75,233.72-293.72,3,6,1,4,1,1.0475439941887923,-0.15276171746926515,0.8581234171253452,4,3
DG5_F_9,6407,Female,7,Side,5,60,7,trapped,1,1,0,1,2,1,0,1,Helped,Full_trial,6.420666667,04.02.21,Batch4_A,11.53333333,4.197,11.75,293.72-353.72,1,3,1,2,1,-0.02129288063175944,-0.15276171746926515,0.8581234171253452,5,4
DG5_F_9,6407,Female,7,Side,6,60,7,free,1,1,0,1,2,1,0,1,Helped,Full_trial,6.420666667,04.02.21,Batch4_A,11.53333333,4.197,11.75,353.72-413.72,2,3,1,3,1,-0.02129288063175944,-0.15276171746926515,0.8581234171253452,6,5
DG5_W_2,6420,Male,6,Side,1,60,5,trapped,0,0,1,1,0,0,1,1,Helped,Full_trial,5.184,03.02.21,Batch4_B,14.9,-4.049,15.26666667,102.12-162.12,0,0,0,0,0,-0.02129288063175944,1.9264468933316927,0.5005719933231182,1,0
DG5_W_2,6420,Male,6,Side,2,60,5,trapped,0,0,0,1,0,0,0,2,Helped,Full_trial,5.184,03.02.21,Batch4_B,14.9,-4.049,15.26666667,162.12-222.12,0,0,0,0,0,0.4214338488833872,1.9264468933316927,0.5005719933231182,2,1
DG5_W_2,6420,Male,6,Side,3,60,5,trapped,0,0,0,0,0,0,0,0,Helped,Full_trial,5.184,03.02.21,Batch4_B,14.9,-4.049,15.26666667,222.12-282.12,2,0,0,2,1,-1.090129755452311,1.9264468933316927,0.5005719933231182,3,2
DG5_W_2,6420,Male,6,Side,4,60,5,trapped,0,0,0,1,0,0,0,1,Helped,Full_trial,5.184,03.02.21,Batch4_B,14.9,-4.049,15.26666667,282.12-342.12,2,0,0,2,1,-0.02129288063175944,1.9264468933316927,0.5005719933231182,4,3
DG5_W_3,6420,Female,1,Front,1,60,12,trapped,0,1,1,1,0,1,15,19,Helped,Full_trial,11.268,01.02.21,Batch4_B,12.85,1.621,13.41666667,34.5599999999999-94.5599999999999,0,1,1,1,1,3.568822169020307,0.6603941266222507,-1.2871851256880176,1,0
DG5_W_3,6420,Female,1,Front,2,60,12,trapped,0,0,1,1,0,0,2,6,Helped,Full_trial,11.268,01.02.21,Batch4_B,12.85,1.621,13.41666667,94.5599999999999-154.56,0,0,0,0,0,1.5279752061290577,0.6603941266222507,-1.2871851256880176,2,1
DG5_W_3,6420,Female,1,Front,3,60,12,trapped,0,0,1,1,0,0,5,9,Helped,Full_trial,11.268,01.02.21,Batch4_B,12.85,1.621,13.41666667,154.56-214.56,0,0,0,0,0,2.116380869009344,0.6603941266222507,-1.2871851256880176,3,2
DG5_W_3,6420,Female,1,Front,4,60,12,trapped,0,0,1,1,0,0,1,6,Helped,Full_trial,11.268,01.02.21,Batch4_B,12.85,1.621,13.41666667,214.56-274.56,0,0,0,0,0,1.5279752061290577,0.6603941266222507,-1.2871851256880176,4,3
DG5_W_3,6420,Female,1,Front,5,60,12,trapped,0,0,1,1,0,0,3,5,Helped,Full_trial,11.268,01.02.21,Batch4_B,12.85,1.621,13.41666667,274.56-334.56,0,0,0,0,0,1.2998621535048758,0.6603941266222507,-1.2871851256880176,5,4
DG5_W_3,6420,Female,1,Front,6,60,12,trapped,0,1,1,1,0,6,1,4,Helped,Full_trial,11.268,01.02.21,Batch4_B,12.85,1.621,13.41666667,334.56-394.56,2,6,1,8,1,1.0475439941887923,0.6603941266222507,-1.2871851256880176,6,5
DG5_W_3,6420,Female,1,Front,7,60,12,trapped,0,1,1,1,0,3,1,3,Helped,Full_trial,11.268,01.02.21,Batch4_B,12.85,1.621,13.41666667,394.56-454.56,1,3,1,4,1,0.7611500167400203,0.6603941266222507,-1.2871851256880176,7,6
DG5_W_3,6420,Female,1,Front,8,60,12,trapped,0,0,0,0,0,0,0,0,Helped,Full_trial,11.268,01.02.21,Batch4_B,12.85,1.621,13.41666667,454.56-514.56,0,0,0,0,0,-1.090129755452311,0.6603941266222507,-1.2871851256880176,8,7
DG5_W_3,6420,Female,1,Front,9,60,12,trapped,0,0,0,0,0,0,0,0,Helped,Full_trial,11.268,01.02.21,Batch4_B,12.85,1.621,13.41666667,514.56-574.56,1,0,0,1,1,-1.090129755452311,0.6603941266222507,-1.2871851256880176,9,8
DG5_W_3,6420,Female,1,Front,10,60,12,trapped,0,0,0,0,0,0,0,0,Helped,Full_trial,11.268,01.02.21,Batch4_B,12.85,1.621,13.41666667,574.56-634.56,0,0,0,0,0,-1.090129755452311,0.6603941266222507,-1.2871851256880176,10,9
DG5_W_3,6420,Female,1,Front,11,60,12,free,0,0,0,0,0,0,0,0,Helped,Full_trial,11.268,01.02.21,Batch4_B,12.85,1.621,13.41666667,634.56-694.56,1,0,0,1,1,-1.090129755452311,0.6603941266222507,-1.2871851256880176,11,10
DG5_W_4,6420,Female,4,Front,1,60,2,free,0,1,1,1,0,1,4,7,Helped,Full_trial,1.287333333,02.02.21,Batch4_B,10.23333333,4.485,10.55,88.52-148.52,1,1,1,2,1,1.7377468074183433,-0.9556244475776909,-0.21453085428133617,1,0
DG5_W_5,6420,Female,10,Side,1,60,2,free,0,0,0,1,0,0,0,2,Helped,Full_trial,1.778,05.02.21,Batch4_B,13.45,4.17,13.75,88.28-148.28,0,0,0,0,0,0.4214338488833872,1.0309461559030626,1.9307776885320267,1,0
DG5_W_7,6235,Male,5,Front,1,60,2,free,0,1,1,1,0,2,2,8,Helped,Full_trial,1.714666667,03.02.21,Batch4_B,13.08333333,4.105,13.43333333,62.24-122.24,1,2,1,3,1,1.9329974532190854,0.8044976915061668,0.14302056952089098,1,0
DG5_W_9,6235,Female,8,Front,1,60,3,trapped,1,0,0,1,7,0,0,6,Helped,Full_trial,2.772666667,04.02.21,Batch4_B,10.03333333,3.374,10.33333333,78.16-138.16,4,7,1,4,1,1.5279752061290577,-1.0791417906712957,1.2156748409275724,1,0
DG5_W_9,6235,Female,8,Front,2,60,3,free,1,0,0,1,3,0,0,4,Helped,Full_trial,2.772666667,04.02.21,Batch4_B,10.03333333,3.374,10.33333333,138.16-198.16,7,3,1,7,1,1.0475439941887923,-1.0791417906712957,1.2156748409275724,2,1
